name,rule34_posts,danbooru_posts
palcomix,15207,50
twistedscarlett60,8109,170
circle_anco,7191,69
kinkymation,6541,998
dandon_fuga,5954,1222
neocoill,5532,1759
boris_(noborhys),5491,2162
sakimichan,4952,1010
pochincoff,4356,715
kurotama,4344,458
azasuke,4259,899
aroma_sensei,4205,476
lolita_channel,3977,1829
lumarianne20,3971,142
butcha-u,3857,1471
gweda,3812,1386
aaaninja,3734,68
bokuman,3716,250
evilaudio,3501,44
saltyxodium,3435,91
zheng,3378,799
thor_(deep_rising),3367,327
blue-senpai,3318,387
afrobull,3279,1221
limebreaker,3128,34
limgae,3120,360
luminyu,3012,353
gerph,3011,60
jtveemo,2933,661
audiodude,2925,119
kagami_hirotaka,2912,1158
aestheticc-meme,2788,698
merunyaa,2773,1526
dagasi,2755,678
incase,2739,339
cyberunique,2704,51
slugbox,2639,2258
flowerxl,2634,181
randomboobguy,2564,536
matemi,2563,283
modeseven,2551,174
shadman,2525,136
captain_kirb,2467,73
lazyprocrastinator,2444,366
ginhaha,2438,1842
sindoll,2351,49
seraziel,2345,953
deilan12,2327,154
nel-zel_formula,2324,37
drawfag,2312,2013
alexander_dinh,2277,299
piromizu,2269,1081
andava,2257,187
supersatanson,2239,123
belko,2236,1819
mizumizuni,2195,1293
lindaroze,2190,678
kelvin_hiu,2165,553
fellatrix,2159,162
m-da_s-tarou,2146,2001
diives,2118,286
aka6,2115,116
mogudan,2091,964
the_dark_mangaka,2049,76
tofuubear,2011,855
shexyo,2010,516
aster_crowley,2002,702
exlic,1999,531
blackwhiplash,1998,40
the_other_half,1964,33
whisperfoot,1958,34
iwao178,1958,231
ringsel,1951,98
jmg,1920,1073
maku_(l-u),1896,84
ttrop,1884,73
fugtrup,1868,104
reit,1867,54
nayaase_beleguii,1859,35
spidu,1855,288
jadenkaiba,1854,308
kunaboto,1834,121
sinensian,1830,331
beruzumi-m,1793,69
unfairr,1785,788
lexus_(artist),1778,34
volkor,1768,316
konpeto,1757,734
mazjojo,1745,545
d-art,1742,82
reiq,1730,265
doxy,1721,304
borvar,1702,114
ratatatat74,1698,388
monaka_(gatinemiku),1689,138
pewposterous,1639,38
nyuunzi,1637,72
radlionheart,1622,70
lightsource,1613,387
sano_toshihide,1612,898
g_kilo-byte,1584,89
ayanakitori,1577,224
crimson_comics,1558,232
cutesexyrobutts,1558,1405
bluethebone,1556,488
sana!rpg,1533,171
neoartcore,1528,775
araneesama,1526,366
murakami_teruaki,1517,84
kuromine_hiraya,1507,38
ganassa,1506,198
bikupan,1498,92
happoubi_jin,1497,1271
haganef,1486,449
deareditor,1483,41
pepe_(jonasan),1482,381
tukiwani,1479,1493
ko~cha,1479,347
vgerotica,1467,42
kaiman_garupan,1465,279
izra,1465,158
prywinko,1464,426
aogami,1426,43
dross,1425,265
jcdr,1415,67
greatm8,1413,587
mdthetest,1408,107
kashu_(hizake),1395,748
greem_bang,1388,758
bb_(baalbuddy),1380,2492
konoshige_(ryuun),1379,1737
ashraely,1370,111
lerico213,1353,99
muunai,1344,123
icedev,1342,42
kairunoburogu,1338,804
bbc-chan,1337,405
shiory,1336,148
theycallhimcake,1336,61
cle_masahiro,1331,1469
hero_neisan,1328,416
tara_(szzj7733),1320,91
chamchami,1319,210
jago_dibuja,1319,99
inker_comics,1318,66
themaestronoob,1310,216
hara_(harayutaka),1308,2382
yanje,1305,201
momo_no_sukebe,1294,957
niliu_chahui,1293,1036
nimu,1292,80
gaikiken,1290,59
rtil,1288,1046
nyuu_(manekin-eko),1272,610
suyohara,1272,201
haruhisky,1271,1584
yamaori,1270,214
aldharoku,1269,131
kyoffie,1269,110
nt00,1269,858
ubanis,1256,449
joylewds,1252,42
thirty_8ght,1252,213
osiimi,1248,754
fusu_(a95101221),1241,1102
gaden,1238,39
sei_shoujo,1236,489
janong,1235,543
takeda_hiromitsu,1233,432
lainart,1229,353
siu_(siu0207),1228,495
iwbitu,1225,745
magentapeel,1222,36
zol,1218,191
a_re,1210,176
revtilian,1208,98
optionaltypo,1200,1207
georugu13,1193,250
homare_(fool's_art),1192,1314
rilex_lenov,1190,97
sollyz,1189,215
urushihara_satoshi,1180,1135
hinghoi,1175,1230
eudetenis,1170,538
dr_graevling,1169,226
blacksaikou,1159,224
girlsay,1159,60
daram_(shappydude),1154,469
waterring,1152,750
badcompzero,1152,312
hellandheaven,1151,314
dmitrys,1140,88
uno_makoto,1138,245
roropull,1128,491
mikkoukun,1124,413
soso_(chlgksk110),1118,200
eigaka,1111,108
kitsunerider,1107,1814
yaomai,1106,456
abmayo,1104,874
polyle,1103,209
kittew,1103,204
jcm2,1100,708
mamimi_(mamamimi),1099,323
b-ginga,1098,1244
superbusty,1092,152
tomose_shunsaku,1088,1747
noill,1085,147
doskoinpo,1080,114
postblue98,1077,42
derauea,1075,257
lumineko,1073,109
foxyreine,1072,685
justsomenoob,1071,37
mark_gavatino,1067,288
grand_cupido,1067,43
dikko,1065,912
camonome,1063,670
suzui_narumi,1062,89
sirosoil,1053,97
kurowana,1050,192
dragk,1049,36
yukito_(dreamrider),1046,1374
twistedgrim,1045,130
kyabakurabakufu,1041,117
cyancapsule,1040,343
rkrk12,1034,177
scott_malin,1033,472
yaegashi_nan,1031,3354
john_doe,1031,663
jjanda,1028,633
mabui,1027,39
sincos,1020,1763
raburebo,1020,170
lamb-oic029,1019,967
masuyama_ryou,1017,549
sawao,1016,556
phat_smash,1009,119
sakuradou,1006,126
dannex009,1002,453
kimmy77,1002,751
gummslime,1001,54
mikoyan,1001,656
lambda_(kusowarota),1000,921
sumiyao_(amam),1000,1809
moisture_(chichi),999,1222
natedecock,998,37
shosho_oekaki,997,53
rainbowscreen,991,57
tem10,989,387
blushyspicy,987,486
rebe11,985,622
tsukishiro_saika,984,2081
zel-sama,983,82
ytrall,981,44
tinnies,979,358
club3,977,890
m&m_(mickey_and_mackey),970,440
st.germain-sal,966,387
ett,966,682
kushishekku,964,50
rickert_kai,962,55
nico-mo,959,117
yamane_masahiro,957,211
ao_banana,956,629
mokusa,952,38
ebifurya,946,5433
krokobyaka,944,259
necrosmos,943,38
kiriyama_taichi,938,402
devilukez,936,235
arttoru,934,122
aslindsamure,933,386
jjune,933,1233
kimishima_ao,932,358
logan_cure,930,273
sumeragi_kohaku,929,689
nisego,928,119
hou_(hachiyou),928,303
kainkout,928,118
auxtasy,925,40
meekohopanes,925,101
daiaru,924,773
shpo,919,425
asanagi,917,1393
redjet,915,325
abubu,915,2189
kaigun_bakuryou,914,87
ryanreos,913,71
pocari66,909,164
houtengeki,906,2303
konakona,906,186
stormcow,904,295
totesfleisch8,904,110
darkereve,894,88
boxman,894,57
null_(nyanpyoun),893,1562
coro_fae,891,344
terasu_mc,890,130
melkor_mancin,890,93
yuta_agc,890,239
tarakanovich,889,426
akchu,886,640
bigrbear,885,828
derpixon,882,110
hikage_eiji,882,500
kase_daiki,879,1044
fluffydango,876,286
cslucaris,875,228
almualim,874,95
d-rex,866,457
thehumancopier,865,42
nanoless,865,722
merry_program,865,145
kenshin187,864,607
joy_ride,861,763
eltonel,852,66
zanamaoria,852,325
lexaiduer,850,152
speedl00ver,842,242
my_pet_tentacle_monster,842,143
aoi_nagisa_(metalder),839,529
kukumomo,838,308
chelodoy,832,60
sunahara_wataru,831,169
firolian,829,189
wanaata,829,476
splush_wave,828,228
cherry-gig,826,119
nephlite,826,249
arhoangel,825,38
liang_xing,825,719
jellcaps,824,210
redmoa,818,34
aikome_(haikome),818,262
cosine,817,230
saigado,816,652
mot,816,65
tomodachi_(tomofanart),816,131
hioyami,815,253
gyarusatan,815,58
erere,812,764
furau,811,349
john_joseco,809,61
nao_(ritsancrossover),806,454
loodncrood,806,197
sciamano240,803,870
scocks4you,802,44
felox08,796,50
cafekun,795,483
arachnart,795,35
tsukudani_(coke-buta),794,2086
wjs07,794,82
ricegnat,792,668
hajika,787,406
ice_place,785,90
mosha,784,696
chicago-x,781,435
mamerakkkkko,781,773
plusout,781,72
mizushima_oonari,780,104
yamamoto_doujin,778,34
freddyhalloween,776,36
kloah,775,959
monobe_yuri,775,426
ndgd,773,608
nishieda,771,974
kanel,770,91
vahn_yourdoom,767,768
lasterk,766,978
demonlorddante,765,34
myth1carts,763,364
a1,762,2847
murakami_suigun,761,1366
marushin_(denwa0214),761,436
eufoniuz,760,232
mochizuki_nozomu,759,142
snegovski,758,239
cafin,757,160
jasony,754,219
namespace,753,88
playzholder,751,34
dizdoodz,749,121
kuavera,749,1160
nironiro,747,803
hmage,747,177
ancesra,745,703
ichijiku,740,61
dangerousbride,739,48
rikuguma,738,221
ebora,735,238
popogori,731,45
topu,731,591
shouna_mitsuishi,729,250
chihunhentai,729,381
mixplin,725,189
yuzuna_hiyo,724,53
norasuko,722,737
akairiot,722,1207
shin'ya_(shin'yanchi),720,454
zaphn,720,510
greenmarine,719,408
kyder,718,63
choco_chip,716,453
joy_division,716,236
yamakaze_ran,714,167
tovio_rogers,714,109
chikaretsu,712,344
obui,711,372
dearonnus,710,331
norza,706,376
hekiga_(freelot),705,690
rakeemspoon,704,371
sameha_ikuya,704,516
rammionn,704,89
evomanaphy,702,191
mandio_art,702,33
kurikara,700,845
fuya_(tempupupu),699,722
bagelbomb,698,115
lvl_(sentrythe2310),696,695
suoiresnu,695,299
chromapan,695,35
nuezou,694,461
makino_tomoyasu,694,109
kameseru,694,70
ky.,692,143
ninopal,692,80
coffeeslice,692,85
homare_(suzu_no_oka),691,198
tomoyuki_kotani,690,289
felipe_godoy,690,131
melowh,688,272
theironmountain,682,36
aelion_draws,680,157
kyouno_aki,680,117
kidmo,679,280
starraisins,679,666
shengtian,678,753
lewdamone,677,317
kaiga,674,666
bayeuxman,673,138
onigirikun,672,523
oekakizuki,670,960
wingedwasabi,666,77
soubriquetrouge,666,57
laceysx,665,88
doktor_malefic,663,39
rebis,663,184
todding,662,270
tomu_(tomubobu),662,531
tokonone,661,436
yoongonji,660,48
konno_tohiro,660,703
baru_(val-val),660,191
morisobo,657,594
okpriko,656,292
bosshi,656,980
splashbrush,655,331
sashizume_soutarou,653,277
live_for_the_funk,652,202
theobrobine,652,112
carnelian,652,2459
foxinshadow,650,40
774_(nanashi),650,766
kaneko_hiraku,648,155
eroe,648,1026
fuzzamorous,646,69
fuzzlogik,645,65
kuroshinki,645,327
tanaken,643,48
papepox2,642,42
lilmoonie,639,63
nudiedoodles,637,89
shin'yashiki,637,510
gonzarez,636,1296
r3dfive,635,319
tottotonero,634,657
fir3born,633,609
studio_sunadokei,632,111
magaska19,631,31
sanuki_(kyoudashya),628,183
onomeshin,628,333
kunai_uri,627,64
tsukasawa_takamatsu,625,528
maniacpaint,625,379
drcockula,622,91
everyday2,621,35
ateoyh,620,272
iizuki_tasuku,619,1104
mavezar,619,41
jack_dempa,619,997
ishii_akira,617,144
gmkj,617,790
animeflux,617,249
absol_(dkqthf),614,173
tamada_heijun,613,189
noriheita,612,63
gsusart,610,366
valtor,610,470
supullim,609,86
jornyhail,607,154
atahuta,606,375
mikan_(5555),603,231
dishwasher1910,602,989
kobaji,601,332
ourobot,600,31
nabe0721,599,117
madkaiser,599,70
thanabis,599,209
naavs,598,42
ebi_193,598,1488
sethxzoe,597,133
usa37107692,596,242
misaka_12003-gou,596,411
jabara_tornado,596,695
wamudraws,595,201
kagato007,595,39
crimson_kaiserin,594,71
fumio_(rsqkr),594,1363
oniilus,594,198
blanclauz,594,101
ayase_hazuki,592,392
wolflong,592,156
ru_zhai,591,724
mimonel,589,814
j7w,589,598
demimond23,589,64
tenken_(gotannda),588,925
chacharan,588,620
kisaragi_nana,587,606
diforland,587,148
toyomaru,587,45
tomato_rice,586,261
makochan42,586,100
ganbari_mascarpone,586,47
negurie,586,38
chiyo_(pk19981234),584,353
magukappu,584,870
polki,583,83
bow_(bhp),582,2760
habatakuhituji,577,261
nagainosfw,576,77
koku,573,708
machino_henmaru,573,77
silver_meteor,573,60
karbuitt,573,76
lilish,573,417
eruu_(eruuman),572,167
rea_loixacra,571,85
shishimaru_ken'ya,569,146
zinfyu,568,149
tedain,567,216
tenebscuro,567,37
bluefield,566,407
onikokko,565,337
sulcate,564,166
oni-noboru,562,810
ginko_(silver_fox),561,566
yd_(orange_maru),561,1548
n9at,561,252
takashia_(akimototakashia),561,208
butakoma_300g,561,151
pomelomelon,560,219
makarou,560,121
zankuro,558,757
flytrapxx,558,55
mikeou,557,1108
renetan,557,269
masso_nullbuilt,556,40
faustsketcher,556,487
taki_minashika,556,230
hanpenmaru,555,510
chiri_(atlanta),555,317
gaston18,554,325
makinakid,554,90
asami_asami,551,270
mizuumi_(bb),551,673
dankestofdans,551,159
kisuu,549,69
mistynight,548,66
mirin_chikuwa,547,420
letdie1414,546,190
shikuta_maru,545,221
homri,544,58
belka_dog,544,44
kokman,542,34
throat_(artist),541,127
aomizuan,541,70
laserflip,541,513
kiryu_manzoku,541,493
rudoni,540,323
kakure_eria,538,655
enoshima_iki,537,206
awa,537,1043
paloma_piquet,536,206
shibori_kasu,536,444
lacryboy,535,41
mk_(mod0),534,1051
greatodoggo,534,282
hospital_king,534,973
cryptid_crab,532,35
pink_doragon,532,83
achromaru,531,207
2n5,531,81
gorou_naoki,530,68
menyoujan,530,176
redi_(rasec_asdjh),530,184
iahfy,529,651
dorachefu,529,35
yoshi_tama,529,1156
hamashima_shigeo,528,201
neneneji,528,292
kimoshi,528,656
umedama_nabu,528,179
sirfy,528,58
sunhyun,527,628
hajime_shindo,527,51
korotsuke,526,66
handplug,525,198
amog,524,344
aozoraichi,523,105
chomikuplus,523,180
sumisumii,522,109
alpha_(alpha91),522,183
kawakami_rokkaku,521,774
kunabishi,521,416
shaggy_susu,520,180
vvulfbara,520,38
cheezebawls,520,40
asaga_aoi,519,328
horn/wood,514,790
hokuro_ryuuseigun,513,434
ninai,511,488
moebell,511,343
soranamae,511,552
elleciel.eud,510,241
kawa-v,510,62
munashi_mujou,509,274
djayo,508,53
kurokoshou_(emuburemu123),507,773
ebonyxh,506,174
amazon_(taitaitaira),506,769
zen33n,506,690
nagase_yuuki,505,98
count_zero,504,182
ishikei,504,1577
ouma_tokiichi,503,609
hirasawa_seiji,503,268
uni8,503,638
owler,502,245
kamina1978,500,33
waero,499,1260
gggg,499,382
moral_cacoethes,498,304
kantoku,497,2255
steamingtofu,497,36
megao_3rd,496,281
kilesha,496,412
my700,496,229
mahmapuu,495,39
malberrybush,495,130
pononozo,494,560
dismassd,494,184
monikano,494,532
cheunchin,492,67
sinccubi,492,78
ecoas,492,36
pinkdrawz,492,45
awesomeerix,492,150
tetrodotoxin,491,236
chushou_jiang,490,93
badlavender,489,38
komori_kei,489,473
kienbiu,489,344
j@ck,489,430
brikot,488,128
the_only_shoe,487,345
eonsang,487,462
queen-zelda,486,33
ittla,486,542
luxuria,486,47
tenseiani,485,133
kusujinn,485,76
mangamaster,485,70
mibry_(phrysm),485,341
olchas,484,263
exga,483,71
faejunkie,480,91
mochirong,480,431
ramchi,480,1244
fi-san,480,544
m.i.y,480,54
wa_(genryusui),478,1807
softshikioni,478,52
kawanuma_uotsuri,478,139
artsheops,477,92
twin_(tt_lsh),477,459
kashiwamochi_yomogi,476,1070
queasy_s,476,200
marugoshi_(54burger),476,689
mashitaka,476,36
no_name_ninja,476,85
onoe,474,119
sevie,473,89
gatchan,473,336
ebinku,473,250
coubalty,473,189
gins,472,247
cottage,472,121
anisdrawn,471,125
pudgeruffian,471,320
misaki_kurehito,470,1214
jam-orbital,470,166
idoraad,470,181
miazi,468,432
squchan,468,455
ariyon,467,78
po-ju,467,546
bitchen,466,75
greenopi,466,254
tatsunami_youtoku,465,304
nofuture,465,170
v-mag,465,575
komusou_(jinrikisha),465,845
haryudanto,464,86
niur,464,97
olena_minko,464,39
matsu-sensei,462,277
shinozuka_jouji,462,557
gentle_sasaki,461,125
peso_(cheese_company),461,492
nia_(nia4294),461,436
tangobat,461,36
magnifire,460,59
noodlenood,460,54
xxoom,458,83
buzzlyears,458,34
ultrabinou,458,134
bluebreed,458,36
sarukaiwolf,458,341
sotcho,458,82
gofa,458,129
haarmades,458,36
sakusaku_(sakusakucrab),457,45
harris_hero,457,479
kobuichi,457,768
ttptt,457,44
mitsu_king,457,123
yuuyuu_(yuuki1771),457,295
asou_(asabu202),456,219
wisespeak,456,856
zamius,455,413
kumasteam,455,188
didi_esmeralda,455,64
zinno,453,297
tailbox,453,59
unsfrau,453,304
asakura_sakura,452,199
kusaka_souji,451,923
tobias_wheller,451,34
saeki_hokuto,450,407
yoshino_momiji,450,119
yana_(nekoarashi),450,465
darkmaya,450,667
nashidrop,450,179
hiiro_h,449,130
sugimura_tomokazu,449,860
ottomarr,448,41
roke_(taikodon),448,783
suurin_(ksyaro),447,528
easonx,446,321
nicorima,445,180
asanagi_shion,445,121
shiki_(psychedelic_g2),445,417
takanaru,445,100
afuro,444,170
kinoshita_(air_hike),444,39
mmmmmkun,444,109
pepper0,444,293
gaothun,444,229
saberrung,443,38
cirenk,443,385
gud0c,443,147
orimiya_mai,443,131
oslight,442,91
amasora_taichi,442,798
oda_ken'ichi,442,598
muririn,442,791
nagoonimation,441,38
makoto_daikichi,439,454
rororo,439,469
orion_(orionproject),438,296
em_(totsuzen_no_hakike),438,912
suuru,437,174
euf-dreamer,437,32
mukka,437,448
pongldr,437,145
lulu-chan92,436,353
kibazoku,436,42
spacezin,435,1119
ohigetan,435,118
nora_higuma,434,721
yuuki_hagure,433,927
jeneral,432,383
klimspree,432,55
yeougui,432,42
tksand,432,448
pandain,431,230
keihh,431,189
shintarou,430,520
ririko_(fhnngririko),430,119
mankai_kaika,429,110
wanaca,429,175
the_atko,429,190
musashino_sekai,428,121
shoujo_donburi,427,311
ebido,427,347
sakurajima_saromako,427,181
wacchi,427,463
akitsuki_karasu,426,1218
hdkg,426,52
henria,426,186
hammer_(sunset_beach),425,5259
nollety,425,287
ie_(raarami),424,281
goro,424,51
kazukoto,424,214
hayashi_custom,423,629
zelc-face,422,34
erodrunky,422,90
akiranime,422,33
hydrafxx,421,84
twrlare,421,589
hidarikiki,420,116
mdf_an,420,517
dermar,420,541
nettsuu,419,42
smewed,419,72
maorenc,419,41
shinama,419,856
the_tentacle_professor,419,54
chapa_kari,419,80
kizaki_yuuri,418,397
simmsy,418,45
kirishima_satoshi,418,695
kamogawa_tanuki,418,932
neko_neko_koneko,417,435
chinbotsu,417,63
s-purple,416,80
hirowa_nagi,416,282
scruffythedeer,416,52
tsujizen,416,89
fan_no_hitori,415,33
centinel303,415,48
menoziriath,414,127
kataku_musou,414,292
dave_cheung,414,113
kafu,413,447
haikawa_hemlen,413,113
fumio_(ura_fmo),412,465
hanada_yanochi,412,415
yabuki_kentarou,412,1259
rindou_(radical_dream),412,367
asa_(teng_zi),411,92
kurojiya,411,45
momio,411,883
r-e-l-o-a-d,411,120
yellowroom,410,201
gao_(gaolukchup),410,308
hitotsuki_nebura,409,737
inkerton-kun,409,339
aiue_oka,408,116
hizzacked,408,102
makochin,406,176
fuyumi_kazuki,406,194
kaorihero,406,384
fuooooo,404,276
yopparai_oni,404,1200
kionant,403,341
kutan,403,650
ninoko,403,424
satou_kuuki,403,696
darklux,403,70
potatopanicking,403,72
yuiga_naoha,403,485
jonylaser,402,450
yonekura_kihiro,400,85
nakano_sora,400,309
maririn,400,86
greasymeta,400,43
kajimakoto,400,233
futase_hikaru,400,121
reagan_long,400,110
kawaruhi,398,193
mapar,398,280
kamuo,397,122
oda_koziki,397,56
casino_(casinoep),397,695
nezulet,397,58
youkan,396,917
monaka_curl,396,235
tabletknight,396,54
rinhee,396,152
elee0228,396,39
hisahiko,395,2562
tomo_takino,395,60
69_(tranquilo),395,95
asutora,394,1215
orushibu,394,322
kokihanada,393,278
omone_hokoma_agm,393,584
zanntetu,393,954
n.g.,392,794
kazuma_muramasa,391,922
tsukiyo_no_ribbon,390,246
artnip,389,112
shichimenchou,389,1035
ohisashiburi,388,1359
aurahack,388,638
suujiniku,387,455
nolia,387,199
as109,386,1493
nortuet,384,137
linkartoon,384,42
yeero,383,118
miravi,383,56
noe_(ppppriver),383,163
tsukareta_san,382,751
leonart,382,55
rikose,381,112
kakenari,381,70
unbeller,381,31
fei_(maidoll),381,349
inanaki_shiki,381,499
tanishi_(tani4),380,173
silly_(marinkomoe),380,563
torisan,379,731
ikusagawa,379,125
kaisen_chuui,378,1017
feguimel,377,481
sakanaya_(sakanaya952),376,162
misekai_555,376,381
harmonist11,376,176
hakai_shin,376,367
ro_g_(oowack),374,280
koutaro,374,668
alp,374,677
yakisobapan_tarou_&_negitoro-ko,374,527
kachima,373,124
danmakuman,373,175
puffphox,372,92
barleyshake,372,220
ikkimay,372,36
forastero,372,43
radio_(mei99),371,79
water_beryl,371,60
shiratsuki_shiori,371,344
itto_(mentaiko),371,502
ml,371,104
cutepet,370,62
aogiri_penta,369,200
mingaru,369,95
ohasi,369,463
kimtoxic,369,238
redblacktac,369,37
nakagami_takashi,368,59
nanashi_(nlo),368,2020
zd_(pixiv6210083),367,218
osanai_shiina,366,69
m-rs,366,154
846-gou,366,568
wakura_(gcdan),366,613
yoshino_keiko,366,92
takeya_masami,365,174
f.s.,365,485
nopeys,364,119
mushi024,364,688
kaos_art,364,200
oza_osuwari,364,210
aikawa_arisa,364,104
tamanegiya,364,82
ruisselait,363,35
noripachi,362,680
na_insoo,362,198
simao_(x_x36131422),362,350
konohanaya,362,117
ingi,361,110
furaggu_(frag_0416),361,242
sarikyou,361,43
fujisaki_hikari,361,808
tetisuka,360,35
maachin,360,212
denhijou_niki,360,315
yamiochi_umekichi,360,344
momofuki_rio,360,104
yone,359,129
mildt,359,104
kupocun,359,71
hotate-chan,359,654
makinaru,358,251
akano_murasaki,358,245
kyosuke_fujiwara,357,39
ero_shocker,357,58
ishigaki_takashi,357,255
rat_huang,357,196
valitran,357,236
pokemoa,357,1399
besthetz,357,48
rossciaco,357,99
spring2013,356,146
gaiidraws,355,77
oshiki_hitoshi,355,335
ootsuki_wataru,355,1371
kinhasu,355,228
hanazawa_suou,355,292
riffraffhellyea,354,110
ratatooey,354,50
sanagi_torajirou,354,160
virus-g,354,157
eymbee,354,134
potato_house,353,55
dyun,353,375
umanosuke,353,857
yuuri_splatoon,353,32
wancozow,353,225
bubuzuke,352,381
shefu,352,252
hyouuma,351,317
ano_(gccx8784),350,107
orphen_(pink_seito),349,369
magaki_ryouta,349,237
karbo,349,220
merrytail,349,225
synecdoche,349,550
usatarou,349,341
zetsuhei_no_roran,346,34
harukigenia,346,363
rikume,346,249
lvlv,346,180
merryweather,345,370
hairu,345,763
yxyyxy,344,72
kannovaku,344,32
harigane_shinshi,343,815
okuri_banto,343,440
faeki,343,32
tof,342,316
aposine,342,310
lewdishsnail,342,115
gabriel_evangel,342,357
yaneko_uta,342,691
henriiku_(ahemaru),341,181
kiikii_(kitsukedokoro),341,443
toritora,341,504
harsh-mallowz,341,35
sawati,341,184
momisan,340,91
aojiru,340,80
wazakita,340,172
kamii_momoru,340,68
masha,340,347
nac000,339,372
qoopie,339,60
petenshi_(dr._vermilion),339,775
blueorca,339,271
satou_shouji,339,713
shiokonbu,338,382
toudori,338,459
maruto!,338,399
akinoya,338,88
taka-michi,337,243
bang-you,337,367
jasdavi,337,162
gujira,337,150
chi-rol,336,65
semikichi,336,118
nagase_haruhito,336,643
melon22,336,748
facominn,336,127
ulrich_(tagaragakuin),335,846
scruffyturtles,335,166
r-binon,334,309
ke-ta,334,856
itou_yuuji,333,694
yamu_(reverse_noise),333,760
mogiki_hayami,333,280
yutakasan-love,332,582
yu-ta,332,550
yupachu,332,58
chiba_toshirou,332,340
kuroi_suna,332,320
bakkanki,332,386
imsofckinlost,332,35
akino_hamo,331,314
shamashiel,331,31
spizzy,331,40
sydus,331,441
tabe_koji,331,162
akaza,331,348
sirpent,330,33
doomcomic,330,73
mizuhara_yuu,329,293
chinanago7010,329,84
satelyte,329,106
abu,328,204
iceringer,328,64
iury_padilha,327,93
flying_tree_frog,327,32
zucchini,327,746
kinjero,327,88
nonoyama,327,259
samurai_(movemusic),327,54
kaiduka_akuta,326,99
kabos,326,38
tsumitani_daisuke,326,167
bartolomeobari,326,150
c.cu,326,218
dusty_heaven,326,67
masami_chie,326,588
nigou,326,738
sayika,326,236
minakami_(flyingman555),326,914
box_wonderland,326,303
tomohiro_kai,325,438
arima_(arima_bn),325,166
asamura_hiori,325,1251
kanikama,324,1980
standby,324,73
hxd,323,465
bebatch,323,81
varniskarnis,323,654
no.1_machine,323,34
santystuff,322,69
fakepucco,322,464
tachibana_omina,321,154
manabe_jouji,321,110
zelo-lee,321,65
goban,321,205
gemuo,321,66
devil-v,320,50
morganagod,320,61
libre,320,376
286c,320,60
otokuyou,320,1151
yukimaru_(gojo),320,45
cinko,320,143
tenako_(mugu77),320,455
nikcesco,320,32
kei_jiei,319,821
pee-kay,319,48
circussion,319,249
eu03,319,1106
moursho,319,113
tuoni,318,72
wwwazxc,318,64
zerogravitas,318,75
monaim,318,221
noiretox,318,63
kawase_seiki,318,512
yatsuha_kanan,317,153
kojima_saya,317,766
butterchalk,317,225
fluffydus,317,47
dantewontdie,316,512
mashicono,316,109
nonoririn,316,387
nicecream,316,43
lucknight,316,359
automatic_giraffe,316,298
yasuomi,315,94
ren_(tainca2000),315,39
hot_melon,315,175
oreomanko,314,70
brellom,314,40
kanno_takanori,314,551
hisui_(stapspats),314,131
ogura_anko,313,40
hong_(white_spider),313,799
nokoppa,313,390
alber,313,169
mysteryctu,312,122
robokeh,312,58
coffeechicken,312,93
teranen,311,343
sixteenpo,311,60
beitemian,311,135
brekkist,311,199
taphris,311,55
dracksart,310,109
hima,310,609
foxykuro,310,60
onedoo,310,258
tsuki_tokage,310,367
yakou_(4507770),310,127
damda,310,491
elf_k,309,199
condylonucla,309,41
tanaka_kusao,309,1172
arcedo,308,35
nanohana_(november.),308,355
calm_(artist),308,84
meow_(nekodenki),308,1186
sakidesu,308,76
kitajima_yuuki,308,358
r-wade,307,79
mofuringu,307,140
fumio_(snnmfmw),306,53
suzuhira_hiro,306,1392
donson,306,146
ka-9,305,134
mr.takealook,305,76
piukute062,305,401
sooon,305,484
myuu_(arisumeria),305,300
megrocks,305,39
akagi_rio,304,117
mikozin,304,954
razalor,304,353
caisan,304,91
takapiko,303,116
o22no,303,106
madotsukumo,303,208
vivivoovoo,303,242
akai_(ugokashitari),303,160
nagano_rira,303,161
hijabolic,303,63
mandaring,302,89
aozora_kyuuji,302,84
fuchitoro,302,141
sugiyuu,301,490
maou_alba,301,427
hella_p,301,478
kinoshita_ichi,300,436
zundarepon,300,281
abe_inori,300,142
kippuru,300,367
sooperman,300,55
joosi,300,177
bikkii,300,65
jadf,299,299
yostxxx,299,392
yuzhou,299,61
yoracrab,298,178
grimgrim,298,172
tridisart,298,291
nayoshi_(r-744),297,127
p_(tidoriashi),297,234
saltydanshark,297,225
mystical,297,50
negom,296,1319
kagemusya,296,72
uo_denim,296,278
dazol,295,36
mumyou_ishi,295,55
guardian-panda,295,137
wolffeld_price,295,95
rinku_bny,295,38
fujiko_(emnprmn),295,284
sian,295,235
kosmos_beta,295,180
shiwasu_no_okina,295,437
meisho_hanten,295,37
yoi_naosuke,294,616
ribahara_aki,294,74
musen-shiki_sanhankikan,294,270
koume_keito,294,536
mohoshadream,294,69
ayomo_ro,294,122
minkye,293,63
artina,293,62
yonpii,293,38
koizumi_amane,293,258
fenixman12,293,43
bakuhatsu_bros.,293,104
ameoto,293,78
loooyd,292,259
ya-man,292,233
dd_(ijigendd),292,2460
binggong_asylum,292,259
waligner,292,77
fizintine,292,345
metae,292,91
jontxu,292,64
9is,291,122
ale_(ale_halexxx),291,192
cromwellb,290,199
minami_aomori,290,151
kozue_akari,290,584
gtgt_nishiteyaru,289,72
greco_roman_(spiral_brain),289,217
quadrastate,289,93
ajishio,288,544
cessa,288,457
q_(ed69),288,299
komainu_(yamaha1997),287,111
ikemura_hiroichi,286,171
shinigami0139,286,45
konbuni,285,49
echigoya_takeru,285,75
takaman_(gaffe),285,566
kujya,285,103
tenchisouha,285,372
takataka,285,37
mk001black,285,49
ha_ku_ronofu_jin,285,32
tomatto_(@ma!),285,380
gorgeous_mushroom,284,475
skj,284,286
erkerut,284,73
stopu,284,75
kouya_toufu,283,56
potion_(moudamepo),283,127
rezodwel,282,232
juudai,282,42
cla_(finesoda),282,232
genek,282,244
kemurin,282,119
z.taiga,282,385
abysswatchers,281,46
pyonpyonmaru,281,164
min-naraken,281,263
sasha_khmel,281,59
zarory,281,92
akisora,280,437
onizuka_takuto,280,100
ikemeru19,280,462
brll,280,318
penguin_frontier,279,135
dakkoku_jiro,279,55
gentsuki,279,716
10hmugen,279,48
arion_canvas,278,118
tsuda_nanafushi,278,1945
shellvi,278,509
nakamura_regura,278,661
kumatora_tatsumi,278,158
tsunbeji,278,237
sekiyu_(spartan),278,195
yuuji_(and),277,1734
umonebi,277,216
b-epon,277,34
satou_aji,277,233
kenix,277,137
takato_kurosuke,277,1084
mocomori,277,69
kawagishi_keitarou,277,439
wokada,277,646
jnstudio,276,35
ramanda,276,382
nyong_nyong,276,666
ichi-go,276,264
darumoon,276,619
ctrlz77,276,303
sub-res,276,295
sachito,276,590
samsara_(shuukeura),275,183
ryans,275,68
lepypepy,275,39
bobobo,275,193
nanashi_maru,275,144
merellyne,275,52
raseruta,275,115
firenzesaika,275,63
akiamare,275,131
moketa,274,415
hard-degenerate,274,60
mignon,274,671
ecchisage,273,47
justrube,273,117
miyasu_risa,272,475
rindou_(p41neko),272,367
sawada_yuusuke,272,289
kokuchuutei,272,390
hentaly,271,86
chabo_(fuketsudan),271,162
adsouto,271,664
interstellar,271,330
kaetzchen,271,629
kenron_toqueen,271,244
yoppy,271,97
kanekiyo_miwa,270,368
thegreyzen,270,64
shiseki_hirame,270,2333
tadano_akira,270,255
saintshiro,269,198
togutogu,269,204
clearite,268,1365
gipsy_underground,268,76
moikaloop,267,41
tony_guisado,267,620
yabby,267,103
hu_dako,267,536
yuzutei,266,191
hiememiko,266,606
ruberule,266,109
erotibot,266,157
tenmaso,266,575
maullarmaullar,266,403
apostle,266,110
kikuta,265,251
notnoe_(dxcl),265,42
muta_poo,265,139
hitmanatee,265,178
ppshex,265,291
nohhun,265,177
niko_(toitoi210),265,35
asu_hare,265,64
peakjump,265,47
yasojima_nejiro,265,289
blade_(galaxist),265,2927
nekololisama,264,102
hanazuka_ryouji,264,115
hamada_yoshikazu,264,441
fouriasensei,264,258
andou_tomoya,264,106
r3ydart,263,33
yoshiwa_tomo,263,238
kani_club,263,282
greenu,263,40
bellsaltr,263,114
rantana_(lalalalackluster),262,379
aruni,262,97
k0ng,262,256
daisy_mitsumata,262,108
huyumitsu,261,849
sunna_(nilsunna),261,390
maruze_circus,261,62
natsume_eri,261,558
milkriot,261,32
raydango,260,41
tabletorgy,260,209
konmori_(kinbou_sokai),260,175
ayagi_daifuku,260,523
bramblefix,260,45
secon,260,89
tnolize,260,252
animankan,259,39
stoic5,259,43
kuppipi_ramutarou,259,398
souryu,259,535
lewdsaiga,258,35
kawai_(purplrpouni),258,550
tasaka_shinnosuke,258,773
telepurte,258,53
jakko,258,261
lao_meng,258,195
emily_(pure_dream),258,569
chro,258,183
ganto,257,264
juggermelon,257,40
cool-kyou_shinja,257,741
bee_(deadflow),257,1032
cabronpr,257,63
mel/a,257,453
rasha,257,46
hentaix,257,54
hormone_koijirou,256,263
butter-t,256,515
4st_injection,256,37
z282g,256,243
tepen_(tptptpn),256,195
dantes_ward,256,166
finalcake,255,660
yensh,255,44
uya_(yurukah),255,52
beeeeen,255,285
hiiragi_yuuichi,254,535
caracol,254,219
roadi3,254,123
maze_yuri,254,188
teemu_taiga,254,144
namidame,253,296
nicchi,253,76
jeno,253,894
azuma_minatsu,252,144
kuronyan,252,368
amidasketchbook,252,63
cyicheng,252,375
nekoyuu,252,65
nhaliz,251,241
twobey,251,31
nez-box,251,363
panimiiru,251,97
ikkyuu,251,347
honda_naoki,250,255
negresco,250,476
james_cabello,250,65
another_story,250,68
putcher,250,354
aleriia_v,250,315
oppaihobby,250,46
toushi_ryoku,249,177
hanauna,249,510
sleeptopi,249,46
nagayori,249,444
amane_sou,249,129
endou_hiroto,249,405
dodai_shouji,249,441
mimyo,249,218
wabaki,249,40
re:shimashima,249,429
akira_shiun,249,335
geroika,248,90
hikami_dan,248,53
ocarinaotw,248,33
okiyumi_kase,248,208
hashira_14,248,196
nextoad,247,295
pole_(ppp1409),247,347
wsman,247,472
mr-poritan,247,38
mo_ne,247,259
teoi_(good_chaos),246,295
miyako_(mongcocoa),246,65
roresu,246,175
cloudxmoe,246,196
namanie,246,101
negoya,246,53
vksuika,246,80
konery_(reasonyou),246,46
blobcg,245,36
testa,245,389
mikagami_mamizu,245,342
jarckius,245,130
lemon_snail,245,97
doruka,245,116
erect_sawaru,245,164
ankoromochi,245,63
amane_hasuhito,244,611
milkychu,244,44
alexi_(tits!),244,212
papino,244,208
enpe,244,423
mafen,244,58
2-g,244,139
vicineko,243,85
jiffic,243,299
tsukimoto_kizuki,243,240
roxxxan,243,215
master_maichin,243,156
ootomo_takuji,243,407
kenkou_cross,243,891
slash-ex,243,122
mine_(peak),243,260
obiwan,243,1006
kuuchuu_yousai,242,433
tavor_(m_tavor),242,46
mikagami_sou,242,459
shiraue_yuu,242,328
haoro,242,246
takaharu,242,639
okai,242,90
shin'ya_(nanp),241,460
kouzaka_kouhei,241,96
kasai_shin,241,386
kinmedai_pink,240,189
d-stop,240,41
ziz_(pantwo),239,81
born-to-die,239,636
kairos+,239,123
chichi_kurage_ss,239,34
xininz,239,31
m_k,239,352
mitomumitomu,239,212
mak066,239,104
zyugoya,238,873
mustee,238,99
delta_9,238,93
inoue_takuya,238,219
oruka_(kamituki0827),238,211
nekuraneko,238,52
nagioka,238,620
sleepypudding,237,114
amano_don,237,452
gin00,237,415
mushiro_(nijie728995),237,200
taaru_(taru),237,65
emperpep,237,198
takappe,236,70
katagiri_hinata,236,414
nishida_megane,236,326
piyodesu,236,403
steamed_egg,235,108
monchan_rev3,235,271
ehrrr,235,406
fisticuffs_club,235,52
shida_kazuhiro,235,182
saikunartworks,234,86
skai_kun,234,314
koba,234,122
urec,234,275
nike_(0306),234,214
zako_(arvinry),233,217
mazenda_(3378),233,167
deeezel,233,61
setouchi_kurage,233,58
john_k._pe-ta,233,41
meisamu,233,47
castell,233,196
yoban,232,476
kuroda_akimi,232,283
rbx_lamen,232,127
jinjin,232,117
nana_g,232,168
hyuuman,232,86
otoo_(izanagi),232,109
jelly_shrimp,231,185
terufuu,231,121
muramura_hito,231,118
seneto,231,590
fishsyrup,231,62
crow_(siranui),231,643
fraankyy,231,179
miyamoto_issa,230,449
sunset_skyline,230,121
sonao,230,184
tori_(minamopa),230,633
lvl3toaster,230,54
watanabe_akio,230,845
yzr_(yzr99),230,111
gegera,230,116
wachiwo,229,216
itou_eito,229,143
donedone,229,175
wkar,229,37
kuroishi_ringo,229,88
beamerbruh,228,34
aruman,228,355
eliskalti,228,257
eerisyn,228,93
tama_(tamatamo),228,688
kobinbin,228,258
naokomama,228,292
kim_da-yoon,228,76
ruschuto,228,263
tostantan,227,281
matsunaga_kouyou,227,2944
draw-till-death,227,81
itachou,227,269
alecto_0,227,192
xanadu_avici,227,43
leonzo,227,55
sasayuki,227,463
gin'you_haru,226,451
zellam,226,298
tesomu,226,86
yui_toshiki,226,345
krirk,226,222
tarutoru,226,129
raisuta,226,62
nishi,225,50
kotoyoshi_yumisuke,225,268
zeronis,225,237
nidhoggn,225,65
sohn_woohyoung,225,187
konsu_konsuke,225,85
gouguru,225,187
gachou,224,497
zoryc,224,83
branch_(blackrabbits),224,450
torathi,224,103
ken_(coffee_michikusa),223,405
nohito,223,404
shiwa_kou,223,42
akeyama_kitsune,223,542
hokuto_(tokuho),223,59
oda_non,223,490
borusen,222,56
roarke_(lavenderincubus),222,250
jirusu,222,157
kotoribako,222,441
rakko_(r2),222,163
genka_ichien,221,99
gonster,221,161
dismaiden,221,139
type-dog,221,102
sadakage,221,184
zoruboi,221,106
92m,221,1016
yukirin,221,177
kusoyuridanchi,221,109
sako_(bosscoffee),221,659
sparrowl,221,430
harihisa,221,312
han_(jackpot),220,580
futomomomoe,220,131
superboin,220,88
redcomet,220,589
milssak,220,96
black_beat,220,155
kiyama_satoshi,220,758
rei_kun,220,418
wewe,219,240
haru_(nakajou-28),219,732
festa11307070,219,339
lsls,219,143
machismo_fuji,219,318
miito_shido,219,181
ta152_(graf_zeppelin),219,72
hototogisu_(7kanu_7ra),219,82
lynus,218,379
lewdlux,218,42
deaver,218,478
ishimiso_(ishimura),218,349
oca,218,51
artisticjinsky,218,109
kawaraya_a-ta,218,141
muimui,218,68
calcio,217,300
kumako_(kumakonoh),217,131
nopetroto,217,309
w_(1999_kyu),217,119
zero_a,217,115
yoako,217,636
kishibe,217,267
aki99,217,909
folait,217,278
sekai_saisoku_no_panda,216,406
moyashi_udon,216,34
maki_ikazuya,216,177
yoshimo,216,273
macosee,216,133
sukedai,216,88
wakamatsu372,216,443
miso_panda,216,115
sakagami_umi,216,83
tiankong_pie_ai,216,136
average-hanzo,216,73
haku89,215,247
gozaru,215,62
bonnie_(rsg),215,286
sereneandsilent,214,223
saipaco,214,520
miraa_(chikurin),214,235
mathew_(srmmk_mce),214,223
nemu_(nebusokugimi),214,356
mistowing,214,39
gtunver,214,240
okayado,214,336
homura_subaru,214,633
collagen,214,341
holo_eden,213,36
chinjuu_hibakichi,213,87
kyattsu,213,47
eru,213,77
pepipopo,213,52
rabbitbrush,213,39
ikegami_akane,213,428
mustard_sfm,213,56
llowoll,213,143
tsuaii,213,266
redchicken,212,34
shion1350,211,55
dakkalot,211,191
wakataku,211,216
hanya_(hanya_yashiki),211,332
katsuten,211,100
mokomoko_yanakku,211,203
iruma_kamiri,211,260
kuhuku006f86,211,88
chris_sdd,211,53
kamisimo_90,210,611
ukimukai,210,136
naruse_mai,210,499
hhh_(wave),210,284
isemagu,210,188
ettone,210,185
karasu_(jjwh2832),209,106
eichan_(eichanidfi),209,128
imaani,209,68
rasukaru,209,524
migishita,209,143
yuyu5x,209,133
rouka_(akatyann),209,537
umigarasu_(kitsune1963),209,881
materclaws,209,231
red-rum,209,96
caio_santos,209,35
shitto_mask_(shittoden),209,88
takuteks,209,86
hagure_kedama,209,345
shuz_(dodidu),209,197
ormille,209,501
hakika,208,462
fuuzasa,208,1016
kataokasan,208,255
moekibara_fumitake,208,425
reptileye,208,78
harumachi_nagaaki,208,349
pazuzu438,208,45
wrato,208,40
wakamesan,208,260
jajala,208,123
aokura_shou,208,196
kaminari_doon,208,225
muhut,208,49
ellowas,207,34
roki_(hirokix),207,603
dogs_(dlrkdejr26),207,80
porqueloin,207,91
mo_(kireinamo),207,996
combat_s-ko,207,72
arkapami,206,167
bajima_shouhei,206,240
c3_piyo,206,102
kie_(wylee2212),206,203
uenoryoma,206,460
suterii,206,424
gurimjang,206,260
takasugi_kou,206,146
morisova,206,199
5danny1206,206,291
san_sheng_wan,206,62
tomajiyama,205,328
maskwolf,205,164
rokko,205,248
maenchu,205,172
renn,205,35
muramasa_mikado,205,262
burbur,205,245
putama,205,286
in_(ain),205,308
oohara_kyuutarou,204,210
datsuyuru,204,36
glensaru,204,91
mitarashi_kousei,204,561
makin_tama,204,131
sora_72-iro,204,495
yan-yam,204,265
xiangzi_box,204,249
xter,204,423
mistimagi,204,52
radishkek,204,51
fumizuki_misoka,204,110
ichiryuu_tsumiki,204,147
kupa_(jesterwii),204,318
shimadouma,203,77
fukurou_(owl222),203,331
minpei_ichigo,203,127
rob_ishi,203,313
midou_tsukasa,203,89
void_dot_exe,203,34
neropaso,203,416
hoshizuki_(seigetsu),203,1072
uliel,203,85
mm_(yoromu),203,146
whooo-ya,203,166
satsuki_imonet,203,261
young_savage,203,82
toyasu_aina,202,139
liya,202,649
onsen_tamago_(hs_egg),202,513
gainoob,202,248
junkpuyo,202,410
kh-fullhouse,202,80
gishu,202,347
yuuichi_(tareme_paradise),201,235
yuzuriha_(active_homing),201,275
jnsdh,201,51
kaedeno_yuu,201,74
kisaragi_gunma,201,240
takecha,201,333
tatsuya_(guild_plus),201,247
omeki,201,38
vintem,201,41
0.05,201,35
gashi-gashi,201,737
frikulu,201,203
shiba_yuuji,201,142
h2o_(ddks2923),201,319
cura,201,630
fukuro_ooji,201,154
rs40uchiha,200,33
bechu,200,162
xiumu_bianzhou,200,132
c-low,200,185
kantaka,200,297
sugarbell,200,47
katakura_shinji,200,52
erotanuki,200,50
cilica,200,73
amakura,200,74
baanin,199,210
puge,199,270
soveno,199,100
tsurugi_hagane,199,307
pinkcap,199,171
aebafuti,199,89
mutou_keiji,199,91
moritan,199,160
otogi_tetsurou,199,63
kusana_(dudqja602),199,187
smash_daisaku,199,43
mizuyan,198,291
pottsness,198,509
irokohaku,198,152
yosola_pl,198,75
koutarosu,198,169
azu_(azzz),197,36
gekka_kaguya_(urabata),197,74
yamataka,197,163
sugamo,197,139
fujirin,197,135
ayuayu_(shouyu_no_sato),197,303
inukai_mofu,197,115
kakugari_kyoudai,197,53
garbancobean,197,36
nekonyan,197,168
syroh,196,409
kamenakake,196,47
o-ishi,196,48
physisyoon,196,62
danna,196,88
shiroshisu,196,271
kevbot,196,218
karakuri_musha,196,164
harapeko,196,101
isshi_pyuma,196,752
ip,196,67
jackasss,196,84
egami,195,305
saltyicecream,195,113
sgk,195,343
shishi_juuroku,195,373
globburt,195,35
dr-alu,195,47
excaliblader,195,67
rou_(rou22),195,263
muoto,195,405
kimura_takahiro,195,530
rovintus,194,38
gunner-l,194,235
mizuno_asami,194,193
lucifina_006,194,56
miyo_(ranthath),194,1730
cremanata,194,177
fushisha_o,194,208
satou_daiji,194,899
karutamo,193,635
kotobuki_hajime,193,195
tsuki_no_i-min,193,234
piikeisandaa,193,107
organ_rn,193,67
cuboon,193,709
yuufreak,192,73
tantanmen72,192,171
tobimura,192,285
izumi_mahiru,192,343
okamoto_fujio,192,36
naze,192,83
tokimachi_eisei,192,78
rhasta,192,130
kirani,192,45
kakikorori,192,47
frapowa,192,1297
hebameki,191,110
makino_momiji_(artist),191,89
nns_(sobchan),191,334
long28,191,85
takayaki,191,760
anegawa_eiji,191,148
moriya_naoki,191,124
negsus,191,33
usatsuka_eiji,191,301
6q_(rokuku),191,99
saburoo,191,72
nixour,190,99
bekkankou,190,594
takahashi_record,190,52
gueya,190,131
diathorn,190,140
oobari_masami,190,175
manana_(matoi1111),190,119
mumumu_(road),190,214
shimano_natsume,190,235
take_(trude1945oneetyan),190,330
kamukamu_(ars),189,574
yuritamashi,189,109
pontaro18,189,125
cromachina,189,520
crescentia_fortuna,189,75
hitokuirou,189,123
nagehazushi,189,121
rybiok,189,257
hudak,189,45
kamaboko_(ossann0125),189,269
ponponmaru,188,453
soto,188,212
blade_ride,188,73
isako_rokurou,188,84
nyahpa20,188,77
arimatang,188,61
shirow_masamune,188,952
furui,187,37
houraku,187,211
robo_mikan,187,42
kurosususu,187,241
pukara,187,315
kane-neko,187,345
t3x,187,78
kamue,187,98
tooo,186,350
meme50,186,336
momiahair,186,40
cirima,186,138
eeshin_(eishin5584),186,72
youmu-kun,186,399
pinktaco,186,43
otsukare,186,108
ashiomi_masato,186,611
zekkyon,186,533
mvv,186,593
jewel_(the_black_canvas),186,205
ipuu_(el-ane_koubou),186,332
chance_maker,186,60
miyama-zero,185,504
koumei_(twinameless),185,422
dynamite_pussy_cat,185,109
phloxberry,185,54
drunkoak,185,204
cowfee,185,415
clyde_s,184,256
narutaki_shin,184,387
neroshi,184,73
raptor7,184,779
kaneru,184,263
sonri,184,146
iuui,184,224
kaos,184,47
zuwai_kani,184,618
yamada_(gotyui),184,470
keny,183,56
namaniku_atk,183,681
eryz,183,104
frfr,183,193
jt_dong-agyoku,183,135
minazuki_juuzou,183,353
zunta,183,153
zion,183,65
shiva_(tairakuten),183,34
9rimson,183,120
yn_red,182,223
soyosoyo,182,274
skk,182,33
amanda_kenny,182,88
skrats,182,46
youta,182,408
moose_(moosemitchell2),182,213
shimizu_naotaka,182,43
maya_sawamura_anderson,182,46
tsuji_santa,182,767
kirome_(kamipaper),182,194
plague_of_gripes,182,99
nightmare-doom,182,68
tianzhong_zhongtian,181,179
wickellia,181,57
baffu,181,761
phinci,181,36
onigensou,181,69
skyhouse,181,84
kuse_(0201),181,193
puzenketsu,181,119
ddangbi,181,331
gochou_(kedama),181,279
orizen,181,654
robaato,180,814
arind_yudha,180,252
difman,180,262
maa_(maa1),180,58
aldehyde,180,1464
okyou,180,197
redlight,180,121
whoopsatro,180,229
boingfarm,179,37
karakari,179,200
sade_abyss,179,140
mugensaku,179,46
sage_joh,179,379
niniidawns,179,72
poa_mellhen,179,253
fengmo,179,342
yuki_(12cut),179,41
naruko_hanaharu,179,438
yui.h,179,132
anshinmama,179,237
dr.p,179,603
relaxjon,179,200
mutsumi_masato,178,246
akai_(riaakai),178,131
yoshiten,178,86
tumtumisu,178,64
usagi_nagomu,178,271
alpha_(yukai_na_nakamatachi),178,795
kuro_chairo_no_neko,178,645
wendell,178,87
ikelag,178,87
kyokucho,177,356
yokkora,177,106
nikism,177,167
takeuchi_takashi,177,1490
isse,177,314
manzai_sugar,177,84
fuyube_rion,177,180
vodka13,177,77
rkzrok,177,76
wtparadise,177,56
satsuki_neko,177,387
sinkai,177,243
xxzero,177,224
ichikawa_noa,177,148
taroimo_(00120014),177,81
urabi_(tomatohouse),177,362
ill_(0022),176,62
jiseki,176,41
diisuke,176,376
wolksheep,176,112
ozawa_akifumi,176,179
kechin_(oreteki18kin),176,68
miyama_amehiko,176,212
igni_tion,175,234
aoin,175,229
tab_head,175,515
goe_(g-o-e),175,421
gossa-tei,175,85
oddsnail,175,88
sakaki_maki,175,258
kedamono_kangoku-tou,175,473
cho!cho!,175,158
etchimune,174,122
himukai_kyousuke,174,259
roborobocap,174,93
akino_komichi,174,308
kamata_yuuya,174,367
mokumokuren_(atariya_kyoushitsu),174,117
pingkypen,174,55
maca_(macaca12),174,68
eroborne,174,44
nekoshoko,174,332
qblade,174,257
noname_(nowhere),174,118
igatto,174,47
kopianget,173,216
kuroonehalf,173,383
jeffr,173,214
hiruno,173,195
akizora_momiji,173,334
techi_(techi35499),173,415
youkai_ankake,173,140
kansuke,173,189
kt_(kusare171),173,105
tamamoice,173,49
elfenlied22,172,569
frogzone_art,172,39
zonda_(solid_air),172,318
ogre_(illustogre),172,237
pija_(pianiishimo),172,352
ichihisa,172,240
flanvia,172,278
aoi_sakura_(seak5545),172,50
sasahiro,172,139
kakogawa_tarou,172,218
asaba_yuu,171,81
veryhardloco,171,110
sasamori_tomoe,171,481
ayamy,171,985
jay156,171,41
tsukiji,171,110
tro,171,575
pierre_norano,171,170
shika_miso,171,183
kanten,171,178
ekz_(robotekz),171,564
mergeritter,171,38
norori,171,57
kunifuto,171,205
lemontyoisy_r18,171,126
raichiyo33,171,248
flarefox,171,116
a.x.,171,439
mebunryo_(mebunryo2),171,162
yunamaro,171,1323
less_end,170,325
zifu,170,266
taji_(crowview),170,208
yamaguchi_yuu,170,417
oxxo_(dlengur),170,158
kurokawa_izumi,170,170
koahri,170,159
sunaba_suzume,170,481
norigure18,170,101
miyase_mahiro,170,784
ez6,170,365
kirise_mitsuru,170,255
hirume,170,48
monorus,170,412
oyu_no_kaori,169,84
3gs,169,64
orcbarbies,169,44
tsubakiyama_parry,169,57
norman_maggot,169,650
onionworkshop,169,91
redrop,169,800
houmatu_awa,169,197
hakaba_(dairiseki),169,304
shunori,169,32
shiro_gisu,169,31
noumu_(pixiv),169,138
d_kake2,169,46
katto8452,168,44
hatsuitsumo,168,147
honon,168,134
masaki_nanaya,168,182
jingb_dx,168,69
regls,168,50
liveactors,168,95
buresu,168,198
triuni,168,87
ohlia,168,340
alolan_boy,168,90
kyopink,167,41
takano_natsuki,167,296
fujieda_uzuki,167,342
sasanon_(sasapoliton),167,252
seura_isago,167,127
sasakura_(calicchio),167,196
dragon@harry,167,400
hitotose_rin,167,513
otohime_(youngest_princess),167,925
coffeekite,167,330
nb_(pixiv594732),167,143
zynxy,167,129
agemono,167,176
1340smile,167,58
kome_cola,167,135
yoshiwo_senpai,167,33
sunnysideup,167,717
wangxiii,167,305
sugina_miki,167,299
engawa_suguru,167,38
packge,166,271
cccpo,166,461
senju_(snz0),166,367
c_take0141,166,108
skyxperish,166,40
jupiter_europe,166,58
yokota_mamoru,166,327
okama,166,462
bippew,166,201
piroshiky,165,95
fantongjun,165,247
ban!_(bansankan),165,1101
shungikuten,165,195
vierzeck,165,173
tomiokasena,165,244
hitomaru,165,480
hondaranya,165,247
nekomata_naomi,165,446
oyuwari,165,165
tsuvida,165,31
ni_(221),165,260
ero_daisuki,165,88
misakura_nankotsu,165,187
rockthebull,164,203
rirakukan,164,91
ebina_souichi,164,95
sowel_(sk3),164,309
mumumu_hoshibito,164,65
r1,164,174
ryumage,164,100
oppaiserothicc,164,88
kaiman,164,66
sos_adult,164,38
akusema,164,274
daive,164,499
aratama_(a-tama),164,170
huqu,163,398
tommy_(kingdukeee),163,257
kaede_(sayappa),163,342
x_xith_x,163,85
shironeko_sanbou,163,171
kukuruyo,163,61
araiguma,163,253
toshishikisai,163,572
itsme_takk,163,56
lrh0123,163,162
z666ful,163,99
boingoo,163,59
instanttnoodle,163,78
kimakkun,162,51
onda_takeshi,162,77
tsurusaki_takahiro,162,468
pasya-pasya,162,119
kurokan_(kokkyou_oudan),162,220
black_burakku,162,59
nekoi_mie,162,291
hisakabe_oto,162,141
kardie,162,52
osuman_toruko,162,224
man_(man-room),162,273
rynn_(darknescorez),161,56
ruri_rarako,161,381
masaki_(ekakiningen),161,257
midori_niku,161,228
kujiran,161,273
yagami_(mukage),161,296
nypaon,161,43
yi_zhi_ai_xi,161,49
renkonv,161,49
okina_ika,161,923
rla13753,160,79
torriet,160,769
minato_ojitan,160,895
ldl,160,104
tanihara_natsuki,160,403
mizushina_minato,160,407
sorashu,160,62
yoshio_(55level),160,1126
nakajima_yuka,160,660
kumiyabe,160,67
genzaburoh,160,41
machi_(7769),160,291
imazon,160,506
fffukuzawa,160,126
so_dasui1,160,106
nagiichi,160,55
womi,160,204
inma,160,124
fujimaruu,159,33
wawa_(lingomogu),159,41
7010,159,999
motsuaki,159,133
lets0020,159,35
pantheon_eve,159,141
vzmk2,159,99
shufflebox,159,40
hazuki_(nyorosuke),159,273
kemigawa_mondo,159,117
zijou,159,170
kurosu_gatari,159,75
nemunemu_(candy_paddle),159,186
tkhs,158,292
yoshino_norihito,158,198
byeon_dha,158,93
zasshu_nigou,158,179
shu-ten,158,37
hotaru_sen,158,43
tamanosuke,158,45
lunasanguinis,158,60
saburou_(hgmg),158,484
h.carrrrrrot,158,111
huang_lia,158,59
shinori,158,141
inui_nakiru,158,122
lentiyay,158,74
kuroda_kazuya,158,283
kfr,158,970
prab,158,56
heigani,158,171
nonaka_ritsu,158,360
ivancyxic,157,54
kei_(bekei),157,270
sirano,157,31
udonko072,157,57
niwatori_kokezou,157,441
minishell,157,61
jourd4n,157,298
clarevoir,157,352
garukichi,157,111
exaxuxer,157,291
dosu_(doseven),157,143
hidebou,157,257
swd3e2,157,1216
ookura_kazuya,157,39
tilt-shift_(azalanz),156,374
jinmeii,156,43
shiki_(catbox230123),156,229
ronindude,156,149
missfaves,156,34
ichig8miruku,156,33
pochi_(pochi-goya),156,705
hase_yu,156,911
butcherboy,156,203
xiin,156,59
izayoi_seishin,156,210
azure-maya,156,197
happening18,156,115
sameda_koban,155,310
non_non_moral,155,32
nuenya,155,53
deego_(omochi_bazooka),155,394
tomaco,155,82
sakuramarusan,155,173
kanopan,155,158
oniisan02b,155,31
kureha_(ironika),155,247
chiden,155,57
freedom_nakai,155,185
astraea_(atelierastraea),155,114
cad_(caddo),155,556
utilizator,155,70
0k0j0,155,47
nunu_(pixiv69145027),155,58
chirumakuro,155,56
satofuji_masato,155,93
mobu,155,451
onono_imoko,155,439
kanachirou,154,292
mr123goku123,154,32
gimnang,154,116
jon_(pixiv31559095),154,182
tenji,154,63
redgart,154,102
yas_(35373),154,120
lolliedrop,154,97
aseiusx,154,40
ryoi,154,76
gray_bear,154,122
onigiri_(ocelot),154,109
kawarajima_kou,154,278
cumdare,154,70
kagematsuri,154,760
karukan_(monjya),154,1272
sakifox,153,81
asekeu,153,32
shown,153,81
arobiro,153,43
efuri_(riarea00),153,229
mikoto_akemi,153,231
sinner!_(sillygirl),153,50
yuzumiya_mono,153,241
yellow_kirby,153,36
bonten,153,49
kokoa_ninniku,153,186
reel_(riru),153,316
cbmus,153,90
cheshirrr,152,215
toweringman,152,100
michael_f91,152,725
tsukumiya_amane,152,525
kitamura_(bamboo),152,112
kyoro_(cothurnus),152,65
karory,152,662
mizuki_makoto,152,1767
nanao_(naoekaki25),152,157
hoshina_meito,152,128
takahan,152,80
aoi_tiduru,151,216
shimo_(depthbomb),151,393
inkey,151,163
eromame,151,1369
da_mao_banlangen,151,154
kasuga_yukihito,151,737
takurowo,151,168
enamiru,151,47
yaya_(y8ay8a),151,62
dekosukentr,151,135
yamamoto_kazue,151,272
itou_nobuhiro,151,66
mm_(mm_chair),151,312
yunlongchen,151,36
sukoyaka93,151,166
snowball22,150,376
mermaid_(artist),150,53
sabamori,150,177
besmiled,150,234
horori_(halloweenday309),150,38
xelvy,150,32
akamaru,150,340
tomoshibi_hidekazu,150,348
chunyan,150,163
haneramu,150,235
lank_(lankdesu),150,91
c-kyuu,150,84
soba_(saz),150,356
inoshira,150,386
limart,150,72
mataro_(matarou),150,827
narumi_suzune,150,47
ebon,150,106
yesman,150,36
planeptune,149,147
island_(kossori),149,365
nenna,149,46
red-p,149,124
iumu,149,108
c.r.,149,288
fujima_takuya,149,1550
greatmosu,149,617
yampa,149,194
mystra77,149,93
saitou_kakkou,149,82
asahina_hikage,149,340
ranhatu,149,89
haneru,149,499
beijuu,149,636
hisasi,149,626
surippa1010,149,116
samneco,149,1133
nori_(akusei_shinseibutsu),149,148
crunchobar,148,47
akatsuki_akane,148,477
baretto_(karasi07),148,443
zorzero,148,43
cruccu,148,76
meru,148,78
type_moll,148,33
hiramedousa,148,288
sbeve2004,148,39
mofuaki,148,283
hayakawa_harui,148,370
suzutsuki_kurara,148,429
ukatsu_juuzou,148,55
fuzukikai,148,269
ihsnet,148,53
ricochet-gou,148,297
fujou_joshi,148,62
noxcuro,147,37
oreshika,147,116
zantyarz,147,107
marukyuu_ameya,147,565
waa153,147,77
infraton,147,105
tousen,147,303
tonee,147,1209
ray_(pixiv9514208),147,209
jammeryx,147,70
teng_zhai_zi,147,66
toku_(tokuhp),146,89
watanabe_yoshihiro,146,377
fukudahda,146,221
kawakami_masaki,146,284
kaz_(shade),146,63
epic_armageddon,146,160
shirow_(mha03133),146,110
13o,146,80
suerte,146,296
mitha,146,564
mondi_hl,146,617
poyeop,146,51
norizou_type-r,146,523
shnider,146,39
goldowl,146,252
kaedeko_(kaedelic),146,376
usaka_ray,146,222
nicoby,146,300
akina_tsukako,146,862
vialnite,146,134
ibuki_notsu,146,886
acefish,145,71
coffee-kizoku,145,816
mijinko_(rioriorio),145,216
been,145,163
watsuki_ayamo,145,283
miyakura_haruto,145,33
mamemochi,145,333
pnk_crow,145,81
kuro_mushi,145,273
kitsune-tsuki_(getter),145,117
try_(lsc),144,381
recklessdraw,144,92
karatakewari,144,220
mikasayaki,144,121
jorin,144,230
shibusun,144,222
nbo,144,124
cerberus_arts,144,76
tsubooi,144,88
nagami_yuu,144,630
black_bean,144,123
batta_16-sei,144,72
ceroccb,144,45
sak_(lemondisk),144,524
hiroki_bzdsk,144,70
throtem,144,308
korie_riko,144,596
aimo_(aimo1214),144,45
mashue,144,191
mumu_(mumunyan),143,372
shino_(comic_penguin_club),143,267
konohana,143,59
uno_ryoku,143,310
yan_kodiac,143,90
yaziri,143,63
y.ssanoha,143,809
sho-n-d,143,402
ryuu_ryuu,143,132
dalehan,143,46
monpuchi,143,116
jyt,143,448
suigi,143,40
elze_(s01047480836),143,160
dh-zone,143,118
najar,143,123
mr.way,143,32
oggu_(neoguloliko),143,118
shimure_(460),143,292
ankoman,143,63
shirosuzu,143,365
lunarscent,143,73
aina123,143,89
kuragari,143,350
saiykik,142,71
yozora,142,66
tare-katsu,142,43
moriforest1040,142,47
makingtawawa,142,82
nagasawa_(tthnhk),142,73
torpedo_(gad3757),142,103
suesan,142,153
shousan_bouzu,142,94
raida_(j5einmnjp3r49k6),142,65
suou-sensei,142,376
shundou_heishirou,142,362
ameno_(a_meno0),142,647
araimooah,142,85
inui_(shirakawa777),141,47
afunai,141,96
oro9,141,122
fusataka_shikibu,141,68
naruse_hirofumi,141,360
yanagi_hirohiko,141,139
maki_daikichi,141,133
toxxy,141,128
cian_yo,141,671
jema,141,471
rukitsura,141,288
neko_no_youchuu,141,121
ikanomaru,141,43
moonjunk,141,169
sagattoru,140,84
chungmechanic,140,110
mimura_kaoru,140,251
makino,140,31
yukimaro_yukkii,140,79
nona,140,105
wakino_keibun,140,271
d.koutya,140,202
ujac,140,74
hanpetos,140,481
bowalia,140,301
ibenz009,140,107
landacdeus,140,83
nori_gorou,140,187
ginta,140,200
fuuki_(te_fuukin),140,166
laxiusart,140,40
shurakrgt,140,42
alto_seneka,140,195
poncho_s,140,158
013_(hamsasuke),139,222
kacyu,139,218
toiro_gawon,139,78
midoriiro_no_shinzou,139,188
sabo_(12454861),139,57
zb_(xucz8527),139,73
mild_(trmsasasa),139,88
rawrden,139,44
chicke_iii,139,173
ajula_wachula,139,46
marui_koishi,139,402
gamukami,139,49
akinashi_yuu,139,241
ginklaga,139,194
tsurui,139,689
arikindows10,139,179
aos,139,201
limelam06,139,67
cyber_(cyber_knight),139,195
q_azieru,139,286
cloudlou,139,57
aomushi_(mushamusha),139,479
mingke,139,147
silverjow,139,54
classic_(zildjian33),139,174
moyoron,139,879
otochichi,139,43
kizu,138,34
dora_v_nu,138,170
luke_(b10a3123m),138,199
jtaka,138,68
cl-55,138,93
asutorii,138,69
gerusyu,138,54
rurukichi,138,63
shinobe,138,60
kokomachi,138,128
spark_utamaro,138,45
kangbus,138,61
kuhotaka,138,315
kcccc,138,80
den_(den_zuri555),138,76
hukii,138,42
shuuji_(shumi),138,171
teba_motoko,138,74
meion,138,294
sula_(s_ra760),138,38
jndfh,138,119
hunterkay,138,141
amai-pai,138,112
gomabura,138,37
endou_masatoshi,137,183
yomu_(sgt_epper),137,1324
remora_works,137,48
yashemao_qishi,137,129
yaoto,137,140
h_earth,137,56
budd_root,137,32
163_(shiromeshi),137,62
pantsushi,137,33
blastbeat,137,181
melopun,137,295
hatachi,137,154
kyomu_(7641),137,80
endou_(zettai_bluenoid),137,257
mokottsu,136,109
mibushiro,136,123
kasutaso,136,86
toma_(asagayatei),136,152
tachimi_(basue),136,461
henyaan_(oreizm),136,266
poke200,136,69
rosumerii,136,137
demekyon,136,154
mizumizzumiz,136,91
acerbi,136,95
iwao_(pixiv258710),136,95
patdarux,136,45
aianchor,136,42
perepere-kun,136,288
tenpura_(tenpura621),136,124
gamarenji,135,120
nakajou,135,210
mobukichi,135,70
wasabi_sushi,135,49
kisaragi_tsurugi,135,271
uchiu_kazuma,135,223
akisuko,135,76
kokonoka,135,160
matsumotoke,135,282
onsen_tamago_(nurumayu_onsen),135,256
isao,135,166
senmura,135,207
ocza,135,121
nosa,135,98
kokuriu,135,293
kurarika,135,55
namamo_nanase,135,595
bekotarou,135,372
wazukani,135,105
dairoku_tenma,135,48
yakob_labo,135,617
ichikawa_saasha,135,117
rasusurasu,135,301
nasuno_(nasuno42),134,361
nocunoct,134,31
fct,134,110
ekrea_jan,134,103
syunzou,134,396
karasu_raven,134,139
unasaka_ryou,134,806
kutani,134,95
h_kasei,134,564
dainyuu_(dgls),134,39
winemvee,134,57
kinta_(distortion),134,489
hiromin,134,74
matsuryuu,134,1533
utamaro,134,197
kumacchi,134,42
ziv_zivy,134,35
pink_ocean,134,251
ayase-mio,134,185
shounen_(hogehoge),134,420
takemura_sessyu,134,442
yuushiba,134,141
halcon,133,803
ryokucha_michi,133,226
machulanko,133,68
musuka_(muska),133,50
velzhe,133,239
blue_gk,133,301
kaenuco,133,282
kikimifukuri,133,214
cetta_(cettadvd),133,35
kuase,133,149
cyclone_(reizei),133,362
carlo_montie,133,309
vesperia,133,118
spykeee,133,210
xo_(xo17800108),133,200
special_cat,133,156
kasu_(kasunohikari),133,119
akure_ekuto,133,142
nozarashi_satoru,133,59
chiwino,133,245
tosaka_(tosaka0001),132,87
coin_rand,132,337
kishimen,132,137
nyuudles,132,77
elocca,132,62
chen_zi,132,105
aumann,132,340
tamahiyo,132,186
yajiro_masaru,132,181
mennsuke,132,41
sorai_shin'ya,132,419
kymp,132,41
rank_alee,132,31
zerogura,132,49
madaotheory,132,74
gensui_(auoua),132,61
kurachi_mizuki,132,248
yuyu_(yuyuworks),132,211
kino_(kino_konomi),132,263
minazuki_tooru,132,96
tenpa_(tenpa2190),132,213
konarofu,131,125
warubo,131,143
kassai_kassai,131,73
misonou_hirokichi,131,223
tibonobannsann,131,89
ia_(ias1010),131,282
momikocu,131,64
kageshio_(276006),131,354
ariverkao,131,353
cait_aron,131,1158
saijou_satoru,131,96
akira_(coffee_curry),131,412
trimbil,131,81
ao_oni_(onioni-aoi),131,321
arcafterdark,131,33
0byte,131,35
yukimi,131,187
gobi_(jtnyrwbkohiqsuldg),130,118
haiba_09,130,236
tsuzuri_(tuzuri),130,444
emp_(denjipgre),130,36
sakuya_(liao_kj),130,129
hijiri_tsukasa,130,384
oosawara_sadao,130,167
j.k.,130,272
yellowseeds,130,114
vibrantrida,130,71
nyaswitchnya,130,33
mike_inel,130,418
41_(taskmaster41),130,87
nada_haruka,130,308
oozon_(ozon),130,142
shigunyan,130,277
yuuki_maya,129,97
kink_(tortoiseshell),129,403
amu_(takuya0331),129,32
gazing_eye,129,601
mizuno-go,129,46
aida_takanobu,129,402
hikichi_sakuya,129,219
saki_chisuzu,129,745
yewang19,129,272
itsuki_kousuke,129,226
sukumo_(kemutai),129,180
nakasone_haiji,129,319
yugen99,129,163
ino_(magloid),129,887
nisshisshi,129,66
landolt_tamaki,129,149
nekozawa_yukari,129,66
oozora_itsuki,129,163
juubaori_mashumaro,129,108
tel-o,129,180
tengu_(tetuo_kun),129,361
rezeharu,129,76
pink_poison,128,38
gusu,128,201
lost-phews,128,58
otokucha,128,42
sogaya,128,303
revenantart,128,68
chups,128,392
hitobashira_(1746164306),128,93
hanasaka_houcha,128,583
yotubeya,128,138
luminous,128,162
kekemotsu,128,542
black_mutou,128,138
shinozuka_atsuto,128,416
anima_(togashi),128,145
naso4,128,534
arkfield,127,74
manglifer,127,44
ray-k,127,407
shirokuma_(nankyoku),127,234
seo_tatsuya,127,1051
satansoft1,127,52
kawai_masaki,127,48
miel_(lessontome),127,135
nvl,127,191
alfort_(may0508),127,205
momiji_kei,127,51
naftosaur,127,86
houkai_(collapse_illust),127,65
rasson,127,46
shimokirin,127,853
taotao,127,100
uruti_2388,127,62
haryuu_(poetto),127,280
lostunicorn,127,93
mokufuu,126,708
kikumaru_bunta,126,413
linatai,126,78
smlltb,126,104
rororogi_mogera,126,143
ijima_yuu,126,235
somebody_(leiking00),126,159
maze_(gochama_ze_gohan),126,470
fumihiro,126,247
umetsu_yasuomi,126,120
nonohara_miki,126,251
oyatu55k,126,36
mibu_natsuki,126,659
sokona_(sosokona),126,104
sunya_(honorin-yuunibo),126,34
eguegu,126,125
yamato_nadeshiko,126,828
ergot,126,751
darabuchi,126,181
ryouma_(galley),126,591
yashiro_a._marino,126,36
vycma,126,52
yatani_(do9z),126,49
zabudog777,126,172
okabe_gyoza,125,37
uhyoko,125,180
radiostarkiller,125,137
kuraki_hiro,125,53
radioneet,125,145
tomas_(kaosu22),125,169
popopon26494249,125,40
kanjukutomato11,125,49
mokichi_(nvzy3n),125,58
reinoenu_(anon),125,72
gin_daikon,125,54
tomyoo,125,102
inuzumi_masaki,125,368
mimizu_(tokagex),125,94
fishneak,125,36
ayuma_sayu,125,402
winter_(winterinkoakuma),125,83
nyaivie,124,41
berg-yb,124,126
kizuki_aruchu,124,215
hina_(cassissoda),124,83
sasaki_tatsuya,124,169
kok_(kokenn),124,55
yaya_hinata,124,67
nksk,124,321
hashimoto_takashi,124,402
lun7732,124,107
kamitsurugi_ouka,124,116
chark14,124,92
ryker,124,103
uiokv,124,52
narusan_beam2,124,96
cai_geng,124,294
chong_wuxin,124,36
padoruu,124,141
chikotam,123,274
suisogenshi,123,374
sleepy_frippy,123,153
toruneko,123,210
kuutamo,123,104
pomeranianko,123,44
kiya_shii,123,226
skullworms,123,47
zuikillme,123,78
takeda_aranobu,123,326
boca,123,204
comord,123,95
guhanshounen,123,133
tlandolt69,123,87
lancer24,123,50
poko_chin,123,130
volyz,123,165
donutman,123,172
haoni,123,728
ewa_(seraphhuiyu),123,589
yasunoharu,123,64
imo_norio,122,101
pgm300,122,131
gomeifuku,122,168
katsuragimay18h,122,47
white-stew,122,222
legendarysoulii,122,45
shuffle_(songdatiankong),122,145
amezuku,122,39
hinemosu_notari,122,178
demorzel,122,32
kantori,122,144
serious_graphics,122,62
y0u0k,122,36
zurikishi,122,358
l4wless,122,58
kryztar,122,41
arcbun,122,80
chowbie,122,289
obj_shep,122,146
n_(dai_n_honpo),122,193
chimosaku,122,60
sheryama,122,71
noperori,121,69
oosaki_shin'ya,121,345
kurowan,121,209
gdhs,121,112
negy,121,70
sasorigatame,121,237
cloritin,121,244
hagiya_masakage,121,382
chascoby,121,44
weelzelu,121,31
nagare,121,728
yiqiang,121,38
sukesan,121,153
seito_edaha,121,35
asha,121,64
gammatelier,121,46
mabahn,121,83
mjn,121,92
jampen,121,265
nyztsune,121,92
soushin_souma,121,32
sura_sura,121,136
koyama_shigeru,121,2023
hyudora,121,400
anago_nia,121,115
yonekura_kengo,121,142
suica_koubou,120,63
kiichi,120,94
oki_kuro,120,51
hong_bai,120,236
kaguyuzu,120,337
tana_(garyuh-chitai),120,61
gintsu,120,42
kokutou_nikke,120,243
nanahara_fuyuki,120,314
kazuki_kotobuki,120,56
fumutarou,120,252
ikuta_takanon,119,207
numahana,119,59
akehi_yuki,119,198
cosaten,119,348
kazuma_(kazumav),119,496
fuyu,119,82
pineapp_panda,119,57
chiizu_namasu,119,76
sakupanp,119,68
sadahiro_(chicken_nugget_gyuuniku_aji),119,285
igarashi_kyouhei,119,324
tesu,119,91
kuurunaitsu,119,348
alten,119,115
unspoken_(firebreath110),119,95
zero_hime,119,207
kurashima_tomoyasu,119,536
ueda_metawo,119,104
zumi_(zumidraws),119,378
daroon5,119,34
ichimedoo,119,181
eda_(prsy3),119,59
ooyun,119,233
cholesenel,119,100
ryle,118,111
buthikireta,118,170
mostlybluewyatt,118,39
u_ronnta,118,170
sawaki_ken,118,92
blinkblink_art,118,116
raineru_(gryffindor131),118,115
greenteaneko,118,699
metal_man10,118,109
shiro_font,118,105
hoshara,118,174
tian_kazuki,118,135
izawa_(bhive003),118,783
succuboi,118,32
heroherotom,118,52
maplestar,118,33
kumadano,118,643
tokai,118,39
luizhtx,118,152
sarhce,118,191
seihekiog,118,607
yuniiho,118,173
achmad_faisal,118,59
gojarun,118,243
nyaxxy,117,87
oyashimakanya,117,49
solar_(happymonk),117,323
makiri_akira,117,100
otokobara,117,48
shennai_misha,117,471
midarin,117,57
allenes,117,330
denkaisui,117,127
galbany_(tsgororin),117,208
kuro_(tbm9187),117,168
shinkaui,117,81
jumonji,117,51
pazma,117,48
iro_ame_(amewaagada),117,199
mei_ichi,117,92
mizuga,117,479
messatsu_tan,117,97
tatami_to_hinoki,117,426
saruanu,117,201
hizuki_higure,117,166
bearwitch,117,70
d-kureta,117,67
hiyohiyo,116,216
baketsumuri,116,33
orange_brand,116,89
elsi,116,75
maidforge,116,176
tiler_(tiler00),116,118
taikodon,116,73
misana,116,78
kook,116,101
yam_spectrum,116,52
hanaarts,116,56
sukage,116,431
zen_and_retro,116,91
hahakigi,116,112
peli_cantaro,116,50
rudeus_(steban_sharnak),116,41
shiratama_(monster1553),116,87
konnyaku_(kk-monmon),115,905
shepherd0821,115,549
inari_(inariya),115,178
maki_(seventh_heaven_maxion),115,658
wei_xiao,115,217
namako_(takorin),115,283
meguro_fukuzou,115,141
john_zhang,115,175
a_tea,115,65
terazip,115,394
rusky,115,204
capitan_(tsyoujo),115,146
matou,115,40
ariko_youichi,115,156
momonosuke_(u-ma991028),115,94
inai_uchi,115,83
chernyyvo,115,96
kamiya_tomoe,115,531
puru_(ex-150),115,199
bitaro,115,45
tdk,115,163
parororo,115,250
shinjiro,114,210
suinose,114,90
blood_hood,114,127
kurokaji,114,263
k-y,114,108
hira_(nanika_no_heya),114,152
dodok_(gj77230),114,141
mike156,114,228
myu-po,114,117
momoya_show-neko,114,112
saitou_natsuki,114,81
mikan_(bananoha),114,198
h.an_(516635864),114,120
k_sen212,114,34
chocojax,114,259
ardnades,114,51
nanaken_nana,114,389
tezy8art,114,42
mitsumi_misato,114,899
chakabo,114,299
uru_(uru0000),113,182
harurukan,113,130
angelyeah,113,47
torigoe_takumi,113,377
michairu,113,708
rei_(rei's_room),113,748
gusha_s,113,118
less,113,594
doyouwantto,113,587
sgt_lonely,113,59
isetnation,113,62
bakuya,113,280
kaptivate,113,287
namonashi,113,449
sirokohi,113,173
ragecndy,113,135
akikusa_peperon,113,39
ichio,113,281
mashima_hiro,113,628
crr001,113,41
doumou,113,132
eda,113,34
cero320,113,45
oouso,113,1472
kabeu_mariko,113,236
q-gaku,113,152
tamezou,113,108
quarium,113,70
yeklsa,113,234
yesui,113,31
kazuhiro_(tiramisu),113,105
shingyou_(alexander-13),113,550
zakusi,113,483
shijimi_(osumashi),112,50
uranoyoru,112,31
cluseller,112,814
yumejidake,112,52
yakuri,112,68
racer_(magnet),112,341
helloimtea,112,251
freeze-ex,112,179
philtomato,112,33
yui_hiroshi,112,134
ex_idol,112,316
nishi_iori,112,172
caffeccino,112,101
can_(canzume),112,92
parapetto,112,57
kagura_mizuki,112,143
2dswirl,112,60
pen_(pen3),112,197
nywlub_(bulwyn),112,96
hanetu,112,152
eckert&eich,112,157
do_konjouuo,112,48
chixiao,112,260
koutate,112,101
ajitarou_(setsu),112,724
bajou_takurou,112,66
burnt_green_tea,112,126
hamao,112,650
natsumi_akira,112,287
dice_coffeedox,112,52
dragra,112,32
momo_no_suidou-sui,112,132
esouko,111,149
micchan_(micchanmeido),111,109
katou_techu,111,91
kirin_kakeru,111,239
edogawa_roman,111,150
katuu,111,37
mame,111,126
kurosawa_kiyotaka,111,110
serafleur,111,92
viroa,111,199
akasaai,111,619
aochoku,111,202
bwell,111,285
timtam,111,53
yaruku,111,343
midnight_(banyex),111,398
chuunenpi,110,60
ariso_kaoru,110,142
wd1113,110,59
kawamura_tsukasa,110,114
amamiya_(abaros),110,134
yohane,110,2571
warumono_tomii,110,59
qiandaiyiyu,110,120
chobipero,110,160
hinata_nao,110,166
honjou_raita,110,479
hesoten,110,36
katsurai_yoshiaki,110,203
hiten_(hitenkei),110,637
wing228,110,121
sbel02,110,254
tajima_nao,110,54
youshuu,110,237
sp123,110,129
garamgum,110,110
yoshiron,110,128
sen_(sansui),110,444
pokachu,110,491
tajima_yuuki,110,577
smgold,110,35
makita_maki,110,147
uricotake,110,56
karadborg,110,160
yabai_gorilla,110,248
pokiyu,110,88
yuuki1103,109,136
yadokari_genpachirou,109,623
saizu_nitou_gunsou,109,296
sekiri,109,79
sakamata_(sakamata4),109,183
kiritto,109,872
mathias_leth,109,447
footer@unyaaan,109,74
seki_(red_shine),109,730
sonota_taisei,109,63
signdasuyo,109,32
gen'en_(sioherashi),109,57
btms666,109,78
sesena_yau,109,217
lionrion,109,31
kani_bonara,109,97
calpish,108,107
yukataro,108,848
nora_shinji,108,90
kujira_pasta,108,44
minato_yoshihiro,108,125
kosaki_wit,108,132
hatozuki_tsumiki,108,159
samegami,108,384
tamagawa_yukimaru,108,195
jeibii,108,61
sasakura,108,269
lasts,108,96
ub1mo,108,180
spicy_moo,108,340
naitou_kirara,108,147
hinamatsuri_touko,108,171
samip,108,825
shinonome_kazuhiko,108,59
yisusjpl,108,85
urayama_(backmountain),108,144
ruuku_(azukieru),108,87
nanaichi,108,151
kilalesi,108,63
ereraero,108,152
463_jun,108,257
oofxyphxia,108,56
tanuki_yousuke,108,134
kamidan,108,75
murgoten,108,41
dal-gi,108,103
lewdzure,108,63
ah-lyong_lee,107,281
sugo6969,107,156
cleru_(cleruuuuu),107,41
matrix16,107,258
cinderone,107,33
sieyarelow,107,82
gulp5959,107,258
mizushima_(p201112),107,390
rihito_akane,107,60
pikacchi,107,205
band-width,107,274
kurowa,107,384
foifoi_(marfoyfoyfoy),107,108
nakamura_rohane,107,227
ririko_(zhuoyandesailaer),107,1157
kanpa_(campagne_9),107,978
senomoto_hisashi,107,636
mikafen,107,76
toranpo_rintarou,107,50
deroichi,107,32
tsunashima_shirou,107,226
takahashi_meishin,107,47
hayama_kazusa,107,370
gcg,107,115
kiteman442,106,57
takami_akio,106,105
rugatsuki,106,47
shirogane_(platinum),106,461
adda,106,66
choujiroo,106,163
megatama,106,91
izumi_tsubasu,106,1082
gara_ayuri,106,54
driftkingtw,106,202
moonlit,106,86
akino_sora,106,503
emoi_do,106,96
mandytsune,106,97
tateha_(marvelous_grace),106,478
kirinkirin,106,64
tsukasa_jun,106,212
oshare_kyoushitsu,106,93
ryusei_hashida,106,820
nii-san,106,35
tsukuru_(seki_sabato),106,128
unsomnus,106,247
culton,106,60
ushimittsu,106,173
nori_chazuke,106,153
minase_(takaoka_nanase),106,288
oyaman,106,133
shinatsukou,106,53
tsushima_aki,106,46
shirabe_shiki,105,82
amisu,105,523
nanno_koto,105,165
love_makira,105,113
camille_waifu,105,67
purrlucii,105,55
obaoba_(monkeyix),105,179
ashishun,105,164
keigi,105,226
ayakumo,105,348
gummyrise,105,72
ulrik,105,63
mtu_(orewamuzituda),105,829
andou_shuki,105,475
hanabi_(ocha),105,120
milliani,105,37
hamushima,105,398
kurona,105,608
sousouman,105,957
sakura_ryuuken,105,269
utahane,105,246
suzume_inui,105,314
nawakena,105,86
muchabou,105,94
zaxwu,105,526
barbariank,105,701
koh_(minagi_kou),105,412
xianyusamuel,104,85
mios1225,104,77
yuriwhale,104,246
gigawix,104,44
meowrim,104,59
urin,104,884
rika_(akarika057),104,36
takejirog,104,34
tipii,104,260
wee_(weeyy),104,170
riku_(rikkuru),104,343
harusame_(unmei_no_ikasumi),104,734
nuppunuppu,104,119
miuku_(marine_sapphire),104,811
mirei,104,432
maiqo,104,203
mochitsuki_karen,104,161
yqgkg,104,367
warainaku,104,161
ion_(cation),104,222
canadiananiguy,104,68
vu-hakase,104,33
ninamo,104,175
narodenden,104,38
kunugi_miyaco,104,139
huyase,104,253
bomi,104,117
softhanten,104,108
eeeeee,104,168
riboshika,104,34
juejue,103,82
watarabe_keiichi,103,183
ukan_muri,103,131
cirilla_lin,103,363
suzunone_rena,103,563
kumasan_(kumazonjp),103,110
mizunashi_kenichi,103,279
mirufui,103,214
hong_doo,103,211
osulan,103,84
zack_(haiuinndo),103,119
docozi,103,218
joka_(hiwai),103,34
bbaltong,103,129
dawalixi,103,126
don_(rg06268),103,216
takunomi,103,481
p9_(susisasimi),103,52
hanazawa,103,32
34no404,103,122
celyn404,103,66
kaen_miso,103,56
jo_an,103,63
amano_taiki,103,43
joker_(stjoker),103,126
mejikara_scene,103,87
ikki_(tue_sein_bestes),103,86
meziosaur,103,152
kouki_kuu,103,214
tetsukui,103,35
banssee,102,144
akaiha_(akaihasugk),102,191
rakia_(ds00309),102,70
uguisu_(happy_turn),102,73
echihiro,102,52
hakua_(hka_art),102,87
samart,102,100
gibun_(sozoshu),102,279
kobayashi_yuuji,102,430
mistysnugglebug,102,40
genzoman,102,621
segami_daisuke,102,548
rascal_(n119),102,62
elk115,101,78
tsuutenkaaku,101,406
thomasz,101,424
to_(tototo_tk),101,89
kugara4423,101,34
sunaba_(nczd5875),101,151
nanase_meruchi,101,279
dudunia,101,40
jiyu2,101,172
rariatto_(ganguri),101,2214
senbei_(avocadochaya),101,101
kaname_aomame,101,448
arakure,101,134
udon_(shiratama),101,750
nukkoru,101,196
higuchi_isami,101,192
honjou_masato,101,52
shailo,101,40
m-18,101,32
momoi_komomo,100,205
2equal8,100,213
ero_waifu,100,150
mabanna,100,297
vloodozer,100,31
xkzan,100,41
hozumi_kaoru,100,203
jamesmikopi,100,95
eriimyon,100,128
ogino_jun,100,125
rayasi,100,39
izure_(pixiv16392012),100,132
yuzu_kiro,100,61
goburin_second,100,110
saolin_(wudangx),100,124
nabunabu,100,49
nase,100,302
kurozako,100,166
rikatan,100,720
himemura_saki,100,46
isu,100,185
minew,100,76
icecake,100,183
doboshiru,100,61
tikuwazyousyou,99,50
kagemusha,99,331
ponnyu12,99,73
shou937,99,158
kanabun,99,762
naoyama_masaru,99,114
neriwasabi,99,58
tostos,99,158
urotan,99,268
sanshoku_amido,99,378
dan-98,99,149
hinata_mutsuki,99,162
hongbaise_raw,99,171
akasode_(tyaramu),99,173
paintrfiend,99,266
penguru_086,99,63
puchirisu,99,114
amei_sumeru,99,117
uni_(oni_unicorn),99,109
zakku_(kya--193),99,67
stem_(roam),99,126
keenh,99,591
ecru,99,248
norita,99,191
enosan,99,303
hanjuku_choco-pai,99,103
nanao_naru,99,938
takafumi,99,1723
l_axe,99,33
cc_lin,99,88
dekasuji,99,76
katami_shinta,98,160
leonmandala,98,294
mcdobo,98,107
miyashiro_ryuutarou,98,167
suterisu,98,95
kagami_uekusa,98,390
hatori_mia,98,420
orochi_itto,98,223
108_gou,98,201
kayumidome,98,145
cala_t_maki_72,98,86
enjaku_izuku,98,539
k3nnyn3v,98,59
adahcm,98,97
94plum,98,100
fever-san,98,83
barbarian_tk,98,216
ooshima_ryou,98,152
morihama_karute,98,77
yameta_takashi,98,86
qm,98,146
yasuyuki,98,675
paulo_barrios,98,42
washiwa,98,80
katsuragi_nantoka,98,69
kazumi_yoshiyuki,98,155
nasakene,98,39
ajishio_(loli_king),98,66
tonchinkan,98,254
cero_rains,98,51
oz_ma33,98,145
terujirou_(masateruteru),97,147
sippo-soft,97,41
kuroino_(0kuro8ino6),97,85
fugetsu_taku,97,184
mamaloni,97,845
chikokuma,97,93
itzah,97,112
berserkert,97,222
murata_yuusuke,97,416
gattsun,97,52
hikari_(komitiookami),97,259
yuukauta,97,86
oshiruko_(shiruko),97,46
sakuya_tsuitachi,97,528
falco_arrow,97,90
nandz,97,69
aztodio,97,1081
u4284g,97,67
twogie,97,147
feipin_zhanshi,97,173
ozkh,97,152
jyouden,97,57
kamitsuki_manmaru,97,139
wersman,97,58
agovitch,97,110
nyama,97,496
mossacannibalis,97,970
leveen,97,109
ashva,97,42
kh_(tanakananataka),97,94
wasp_(anthyutena),97,82
hizuki_akira,96,633
chela77,96,183
imazawa,96,106
yo-nashi,96,45
ryouka_(suzuya),96,814
lillly,96,445
ehryel,96,52
ment,96,386
pinkymomo,96,45
futa_yami,96,60
yayoi_and_nagi,96,64
yago8_pp3,96,110
ming_(5unri5e666),96,114
kihaiu,96,165
dooru,96,44
sutora_binsuke,96,241
taira_tsukune,96,257
dkoro,96,96
hanzou,96,729
kollerss,96,69
popopoka,96,393
kou_futoshi,96,225
amasaka_takashi,96,90
shinku_p,96,45
akaneman,96,89
orico,96,38
ohako,96,70
s_zenith_lee,96,169
poharo,96,243
teeta_j,96,110
frde,96,102
michiking,96,199
jouwan,96,77
butter_sugoi,96,131
tomotsuka_haruomi,96,291
wood_cube,96,80
bai_linqin,96,139
fuka_(kantoku),96,163
ookami_ryousuke,96,154
miura-n315,96,534
komone_ushio,96,743
royboy,96,123
r123,96,63
shige_(moe-ren.net),95,33
shingyouji_tatsuya,95,451
futatsuki_hisame,95,687
midnight_(midnightstream3),95,61
manyuu_kaeru_tasuke_sansei,95,88
ogata_tei,95,285
hyji,95,90
yoclesh,95,102
danpu,95,96
anagumasan,95,216
nesskain,95,51
sho_(wnmf3234),95,94
utatane_hiroyuki,95,116
kometsubu,95,102
suika_soda,95,43
mikage_kirino,95,187
panpa,95,170
kawata_hisashi,95,743
40hara,95,786
peshita,95,90
nakatokung,95,244
take_(shokumu-taiman),95,317
shionootsu,95,103
kz_oji,95,264
ryuji_(red-truth),95,202
atsutoku,95,200
ryuno,94,132
fyama,94,82
mutou_kurihito,94,292
aioi_u,94,107
ecoman,94,124
hamedoragon,94,238
jellymation,94,37
myumi,94,114
r44,94,142
sasago_kaze,94,189
fintowing,94,32
delica,94,126
mattari_yufi,94,836
fujii_jun,94,208
ten_no_hoshi,94,124
frenchthenhen,94,51
rib:y(uhki),94,300
dangorou_(yushi-art),94,55
fuyuno_mikan,94,101
sugoihi,94,47
ameng_(katena1990),94,37
leon0705,94,91
yuyi,94,133
yakimi_27,94,144
wabuki_(ochigan),94,40
happa_freee,94,64
retorou,94,35
aburidashi_zakuro,94,258
tochinoko,93,92
evinist,93,152
smoke_(flyx21),93,98
holy_meh,93,67
aizawa_marimo,93,52
skywalker0610,93,203
femuto,93,54
gin_(shioyude),93,399
ottosfoxhole,93,231
morokoshitaroh,93,61
awayuki_ramika,93,114
tsunako,93,1944
suzuame_yatsumi,93,217
sasaki_tamaru,93,51
miga_(migao),93,184
nohtuy,93,110
l_ract,93,151
norimaki_(haru_koubou),93,116
gisyo,93,293
mabuchoco_m,93,216
gingrjoke,93,43
monkey_jon,93,88
guriguri_(arayotto4351),93,126
r-one,93,41
yoohi,93,231
loyproject,93,90
cheesestyx,93,52
newovermind,93,36
tsumagomi_izumo,93,50
karin_(a62826704),93,99
maanii,93,170
pink.s,93,40
tf_cafe,93,446
jc_shikikan,92,132
rorretsim,92,37
utani_(punishment),92,81
morimoto_kiyona,92,287
neichii,92,31
rakujin,92,105
ka_ze_na_mi,92,34
kumakou,92,124
miyagoe_yoshitsuki,92,814
suzuno,92,59
chin_(motio7201),92,93
kanata_(kanade_pa),92,153
aruma_jiki,92,240
mootium,92,38
azukiko,92,67
glassjill,92,72
kisa_(leg3043),92,94
trista_(makkoivenus),92,60
dosugon,92,360
subachi,92,456
toyoman,92,233
panna444,92,101
ichi-jirushi,92,142
shin_(new),92,797
deathalice,92,171
nemui333,92,201
hershuar,92,191
ttanuu.,92,264
koshio,92,91
midori_aoi,92,94
minamihama_yoriko,92,63
gomtang,92,674
tabata_hisayuki,92,329
aeyga,92,55
mhk_(mechamania),92,298
tsukimori_hiro,92,135
negiwo,92,136
maett,92,366
hanzaki_jirou,92,175
shimetta_seiya,92,109
amagaeru_(hylathewet),91,189
takeda_yukimura,91,396
nokishita_kumoemon,91,200
sawayaka_samehada,91,448
ojo_(dfreak),91,141
kotobuki_tsukasa,91,213
wagashi_(dagashiya),91,199
infinote,91,668
monowe,91,78
daydream_(zhdkffk21),91,161
nyc,91,59
sabachiyo_land,91,214
tadokoro_nurikabe,91,225
kouhei_(sxmas),91,109
arou_(arrow_x666),91,80
akkgsyk,91,88
gentoku,91,185
nisetanaka,91,208
kanna_asuke,91,207
takano_suzu,91,85
vashperado,91,301
asahiru_ban,91,49
housou-kun,91,172
triple-q,91,126
jelly_fish,91,41
yuki_tomoshi,91,69
nameo_(judgemasterkou),91,624
emg_(christain),91,198
jikatarou,91,325
sawkm,91,221
peanut_(shokan),91,146
natsuki_shuri,90,125
maozi_dan,90,101
nekoreset13,90,42
folks_(nabokof),90,340
giuniu,90,216
ogata_mamimi,90,82
78_(tky8),90,57
dotsu_(wtnbkwiyd),90,62
sawaya_(mizukazu),90,147
souko_souji,90,64
nekomimi_kanon,90,107
niko_(tama),90,381
nigo_(aozoragarou),90,585
nekomimipunks,90,103
chanta_(ayatakaoisii),90,1553
jaco,90,305
xixing_si_yao_meng,90,58
kaniya_shiku,90,172
kaqo,90,196
nagomian,90,217
hinata_masaki,90,188
kuronezumi,90,139
sensen,90,253
akazaki_yasuma,90,107
karaage_bou,90,257
osanpo02,90,96
tanu_(ace_ikachan),90,63
caiothevici,90,33
eromettsu,90,84
sytokun,90,86
tori_no_ou,90,82
rune_(dualhart),90,362
tgxx3300,90,44
kourourin,90,190
mudou_eichi,90,739
jdpr,90,56
aruse_yuushi,90,56
yakisoba_ohmori,90,81
royalwatts,90,118
minted,90,88
ikari_manatsu,90,1145
tomozero,90,419
nabe_(ingenmame),89,54
bannou_ippoutsukou,89,134
upanishi_mariko,89,258
dokiyuri,89,102
kouda_tomohiro,89,442
tajima_yoshikazu,89,273
shiizaki_hinaki,89,54
uirou-zazami,89,34
muneneko,89,144
tamiya_akito,89,217
ae_(aeiu4114),89,58
mokkori9,89,126
jamjamstyle,89,97
yorozuya_hyakuhachi,89,35
gus_(clarkii),89,146
arykei,89,120
pettan_p,89,452
kion-kun,89,352
ishihara_masumi,89,300
yghm,89,73
futoshi_slim,89,49
naoillus,89,48
fuji_shinobu,89,352
tomoya_kankurou,89,175
pemoyashi_(tianoblue),89,57
drakente,89,83
onboro_(clunker),89,109
fumitsuki_(minaduki_6),89,530
mana_(remana),89,433
aegis_(nerocc),89,246
unstableboiler,89,71
aori_sora,89,179
rikorin,89,87
magicalmushroom,89,48
moy64904958,89,48
ryoji_(nomura_ryouji),89,1013
fujishima-sei_ichi-gou,89,387
zirba,89,260
kokemomo_(makesound),89,61
toyosaki_shu,89,247
r-man,89,106
reona_(mesuinupoke),89,61
muyoshito,88,70
yoye_(pastel_white),88,369
pomki,88,52
kamei,88,66
tamakko,88,70
lumpychan,88,34
wu_ganlan_cai,88,204
unagimaru,88,165
shimaji,88,165
maeda_koutarou,88,118
suzumori,88,145
muroku_(aimichiyo0526),88,412
mikazuki_shigure,88,62
nishimata_aoi,88,628
kagto_(alterna),88,116
keishi_surota,88,200
mother13fucker,88,37
cr-r,88,88
gunnjou_yosio,88,213
kozureokami20,88,73
inugami_kira,88,385
goatwillow,88,34
hmdark-9,88,182
b-pang,88,187
toranoe,88,107
kagarimachi_konatsu,88,195
dol17662417d,88,53
yamaishi_(mukoubuti),88,197
bunji,88,217
mathiamo13,88,110
aki_(sangetusei),88,180
zuo_wei_er,88,166
5t_(5t_000),88,126
lan_mao_akko,88,182
noba,88,281
sushoartworks,88,63
dior-zi,88,198
amayo_thranana,88,135
hiichisato,88,103
nnyara,88,409
aus_vaka,88,58
nutkingcall,88,151
borgbutler,88,85
uncats,87,44
ahnei,87,49
chou_(meteorite3),87,112
tasuro_kuzuha,87,51
nanae,87,79
hage,87,94
hamoto,87,125
ether_core,87,255
cloverse6,87,69
nanostar,87,196
shibata_masahiro,87,133
kekocha,87,219
shima_kujira,87,33
ange_(angeban93),87,125
canape_(canape0130),87,126
dutchko,87,87
panqlao,87,238
jakelian,87,216
karei_(zeroseed),87,63
monteriakitto,87,104
st-retcher,87,90
mivioppai,87,67
sociopotato1,87,31
z-ton,87,248
john_doe_shinobu,87,153
akino_(gokosei),87,37
ixmmxi,87,129
roundschen,87,64
fizz_(pixiv34498626),87,116
unizou,87,160
newmen,87,95
takenoko_pengin,87,50
akino_shin,87,160
zootan,87,89
the-sinner,87,206
watari1118,87,100
tylwing,87,99
rusty_soul,86,65
gbeeee,86,72
novcel,86,201
seto_yuuki,86,37
fuwakuyuu,86,56
momendoufu,86,399
minaisu,86,59
mikamin,86,88
hater_(hatater),86,409
nanashi_noiji,86,256
anapom,86,114
strelka_belca,86,131
omiza_somi,86,113
sikijou77o,86,243
tata_(tataice),86,144
wabimochi,86,101
rikudou_inuhiko,86,240
kokumaren,86,32
misaki_(nounaikakusan),86,61
9law,86,715
jiyuuyuu,86,157
type_90,86,49
atori,86,98
chipa_(arutana),86,541
chunta,86,125
serebi_ryousangata,86,973
sakaki_imasato,86,572
yassy,86,225
chuck_(harfmoondark),86,148
pyon-kichi,86,272
elakan,86,70
amagi_(amagi626),86,626
aburisamon,86,79
marinesnow,86,204
xlyami,86,101
kusukusu,85,174
dr.wolf,85,58
liu_liaoliao,85,222
raidon,85,136
oekakiyari,85,68
tarmo,85,276
shimada_fumikane,85,1260
arakumachikano,85,123
nushi_ma,85,72
muunyan_(yumenekoya),85,188
shirogane_hakuba,85,45
borubikku,85,46
sakai_hamachi,85,141
velminth,85,56
g_(genesis1556),85,818
gustav_(telomere_na),85,481
cipher4109,85,88
deras,85,382
kawahara_makoto,85,45
kahlua_(artist),85,190
hihiyama_yokikana,85,116
cloba,85,468
shouji_nigou,85,525
aosa_(aosadegowasu),85,58
mendou_kusai,85,310
miyabi_tsuzuru,85,59
takutaku12364,85,45
sate,85,63
toshizou_(0714),85,267
kimigabuchi,85,51
dodojune,85,100
shoumaru_(gadget_box),85,276
djheycha,85,316
terumaeromae,85,46
yonaga_san,85,254
dr_rex,85,1328
8_(yamalu),85,144
yoshikawa_hideaki,85,137
noriko_(ni_noriko),85,70
enomoto_hidehira,85,104
toin_(iitoin),85,115
sakuremi,84,247
watabonten,84,40
4shi,84,337
suruga_(xsurugax),84,497
maruko_tooto,84,69
natsuhiko,84,153
shinano_yura,84,123
nitro_(mugityaoisii),84,154
okamura_hijiki,84,59
ishioto,84,70
mono_(moiky),84,366
niwarhythm,84,943
noah_(tettsui-sole),84,454
suna_(s73d),84,351
yiduan_zhu,84,165
ushisuke,84,79
zhean_li,84,55
gohei_(aoi_yuugure),84,152
fary5,84,209
ryoumoto_ken,84,85
mezzo_(orbanga21),84,75
shigemiya_kyouhei,84,208
kamishakujii_(poppenheim),84,34
takurou,84,80
neps-l,84,252
ken-1,84,194
dk.senie,84,314
kagiyama_shachou,84,249
gayarou,84,388
oyari_ashito,84,1097
oliverror,84,34
deogho_(liujinzy9854),84,158
gingami_(giluziru),84,145
peterhl,84,183
koikawa_minoru,84,358
linda,84,236
foolish_potato,84,33
marishiten,84,69
sandansu,83,62
kuroya_shinobu,83,179
distance,83,69
urumi_(urumi00),83,65
satou_makura,83,77
yanmarson,83,164
rayno,83,133
satou_chagashi,83,86
mikomachi_(35machi),83,300
ikarin,83,290
hamon_ai,83,41
warabino_matsuri,83,165
shirotsumekusa,83,608
rroar8,83,39
ryuuneart,83,181
alien1452,83,230
kiritzugu,83,269
ekakibito,83,331
sigm@,83,284
takeura,83,39
locon,83,118
misnon_the_great,83,259
freed_turing,83,111
ouse_(otussger),83,204
purinpu,83,93
pipi20211026,83,63
tamano_nae,83,94
popporunga,83,83
inu_(aerodog),83,779
rumiya9i,83,177
rubi-sama,83,179
oimanji,83,920
yue_(show-ei),83,232
uchida_shou,83,130
masaharu,83,174
girutaabo,83,49
gin_moku,83,363
mapyuhin_za_puremiyamu,83,80
mizoro_tadashi,83,65
ti_keep,83,37
shuri_(84k),82,669
m_mance,82,117
ka2,82,278
idlecum,82,45
gupunetsu,82,72
marugoshi_teppei,82,444
yaowu,82,52
chris_(mario),82,154
tai_(nazutai),82,266
whitewill,82,65
danimaru,82,270
hinata_sora,82,252
dotthebot,82,37
poshi_(ginmokusei),82,179
temmie_chang,82,101
suzuki_mei,82,43
m.a.o,82,51
shiratori_serano,82,71
tobisawa,82,249
yasui_riosuke,82,149
brassica,82,123
nanashi_mushi,82,71
liowig,82,209
mata_(matasoup),82,450
cocq_taichou,82,258
aoihitsuji,82,113
1=2,82,120
kusanagi_tonbo,82,868
nimura_yuuji,82,305
agetama,82,326
lanyingchengzhi,82,67
atdan,82,802
jiyu_(jiyusi),82,138
minatsuki_alumi,82,190
big_shine,82,135
ichigai_(hayawossan),82,168
ajifurai,82,180
noah12,82,45
large_pasta,82,68
amartbee,82,57
okurapuchi,82,44
vitaminechan,82,159
saxasa_kisuk,82,86
paundo2,82,164
synchroman,82,123
toru_nagase,82,222
noukatu,82,202
kimofest,81,64
kitsune-neko,81,208
kizuki_rei,81,55
tamagoroo,81,264
niaru_(r2pi),81,87
noomaru_(nomorepeople),81,83
avant_garde_(artist),81,42
zealyush,81,93
tropero,81,35
xiaodi,81,160
citemer,81,300
mabataki,81,88
temakizushi_(temakizushisand),81,63
hsuliherng,81,186
tame,81,33
rkrk,81,464
aoshima,81,1132
sueyuu,81,91
miito_(meeeeton333),81,90
haru_no_manji,81,122
paleatus,81,63
jun_tsugumi,81,33
takara_akihito,81,409
bunsuirei,81,39
mintoaisu,81,156
g-room_honten,81,224
kito_(clamp5656),81,79
kakuume,81,36
yamanata,81,76
omizu_(h2o),81,92
tinkle_bell,81,57
itsuka_neru,80,207
piston_ring,80,118
arino_hiroshi,80,220
yuuki_shin,80,139
aoi_(buzhuen444),80,185
gomu_(chewinggom),80,382
toguchi_masaya,80,53
nitrus,80,33
shiro_sousu,80,87
wildcat_(kusonemi),80,92
kakuchou_no_ou,80,62
kishizuka_kenji,80,179
nil,80,38
ukokkei,80,382
pink_crown,80,89
tetsuwan_woopie,80,118
ddolggol,80,100
hanuma_hanma,80,48
houkago_shounen,80,57
kikurage_(crayon_arts),80,295
mutsutake,80,276
akinbo_(hyouka_fuyou),80,980
kasumi_seiki,80,119
ursica,80,176
aircell,80,132
mizunezumi,80,73
dawit,80,88
hekomii,80,252
kesoshirou,80,330
akita_hika,80,309
ren_san,80,275
natsuishi_nana,80,132
schelz,80,87
kajiyama_hiroshi,80,74
rozuberry,80,56
amane_ruri,80,367
shiromanta,80,1519
amagamido,80,151
kounosu_satori,80,287
yapo_(croquis_side),80,547
asakura_kukuri,79,110
rustysalmon,79,51
shokuyou_mogura,79,494
ayul_(ayulneri_92),79,261
shirako_(kirupi),79,338
baronia,79,59
sakurazawa_izumi,79,998
e.o.,79,1377
yamashita_shun'ya,79,1141
magion02,79,386
azuse_neko,79,239
karei,79,246
oohira_sunset,79,283
poch4n,79,231
s16xue,79,55
sayo_ayato,79,34
rougetsu_(eclipse),79,278
sturkey,79,62
nemu_(nora),79,137
okiraku_nikku,79,552
zhen_lu,79,183
fuzinoe_13b,79,70
hirose_(mokiki),79,305
formicid,79,216
irogomi,79,92
dnaitari,79,54
amazuyu_tatsuki,79,766
nikoo,79,456
maruku,79,130
mattie,78,43
xwu,78,63
lewdkuma,78,145
umikochannart,78,285
kobayashi_chisato,78,717
knifedragon,78,191
yuzuruka_(bougainvillea),78,361
sazaki_ichiri,78,739
kemuri_haku,78,142
silver_bullet_(ecc12_8),78,219
hangleing,78,95
daga,78,49
yukitaka,78,50
yamagarasu,78,51
hiragana_oufu,78,174
shikinyan,78,51
unholysoul,78,31
hiro_(hankakudouga),78,54
ryunnu,78,403
feint721,78,308
mero_en_e,78,31
taisai,78,86
kein_hasegawa,78,149
hayakawa_akari,78,289
tada_no_nasu,78,199
qingmingtongzi,78,140
lovelovemaid,78,108
valueless0000,78,69
matsuba_(idiotlantern),78,124
randou,78,308
ameto_yuki,78,455
emor18_shikeko,78,105
prime,78,287
chikoinochi,78,40
nanamesohuutei,78,31
lillithlauda,78,300
aru_ra_une,78,152
danfer3,78,120
toba_kuti,78,66
noto_kurumi,78,407
shironekokfp,78,143
kagehara_hanzou,78,125
camui1104,78,178
great_magami,77,40
salvamakoto,77,31
ramuda_(guilty931),77,77
turisasu,77,275
skysign_ft,77,110
ryuu.,77,583
mago,77,118
miwa_yoshikazu,77,217
mugheyart,77,34
youchi123,77,88
zasshu,77,436
naik,77,313
tomomimi_shimon,77,142
truejekart,77,130
aizenpochi,77,130
mamedenkyuu_(berun),77,315
shinshin,77,658
otou_(otou_san),77,190
hidmin,77,66
monizumi_ishikawa,77,144
takatsuki_ichi,77,574
yoshimoto_(carpsukidayo),77,182
mussyu_danachan,77,55
deekei,77,95
nabeshiki_(nabeyashiki),77,32
unomiki,77,31
mr_h.l.,77,66
gen_(genetrix),77,113
kazakura,77,119
hauto-san,77,78
matarou_(matarou072),77,227
99aj,77,51
matoyama,77,366
toshimasa_(ztvy3575),77,37
courreges_ace,77,297
bolze,77,170
hjl,77,313
eatora,77,101
goma_satoshi,77,93
kikurage_(plastic_people),77,266
purumetal,77,94
nyakkuru,77,52
sogabe_toshinori,77,250
orobou,77,172
nae-nae,77,65
cenangam,77,226
jinroku,77,176
kitahara_aki,77,63
efe,76,538
kochiya_(gothope),76,371
mumistar,76,96
kitaku_(nakamachi_machi),76,431
karan,76,181
kazepana,76,301
behind_moon,76,34
dyne_gallon,76,49
john_zerowb,76,95
bori_(3910234),76,83
kinokoutarou,76,55
ras_(ras33635191),76,38
ishihara_souka,76,72
shokushi_yuu,76,101
yocchi_(tenyunkel),76,200
makuro,76,151
ato_(bfj315),76,41
dishui_tangni,76,121
sentape,76,111
thalia,76,65
funitarefu,76,148
jyura,76,101
semahiro,76,50
dha,76,199
hanchou_(shirokun555),76,92
vuccha,76,77
polyhedron2,76,66
kuro_(toi_et_moi),76,366
yako,76,120
deka_(deka_4242),76,44
alex_ahad,75,505
ojiri_shin'ya,75,101
yuzuki_tsuzuru,75,129
shindou_(fuguri),75,77
kouichi_eiji,75,120
ougi_hina,75,409
melusmelon,75,31
keienu0,75,75
aka_unto,75,42
ayakaze_ryuushou,75,175
ramiya_ryou,75,172
jojobirdz,75,139
dakushido,75,38
helvetica_std,75,221
lordol,75,167
ryakusun,75,85
sabakuomoto,75,137
binsen,75,473
hyou_itto,75,47
dobunezumi,75,205
tekuteku_(yuuhodou),75,118
ttn_(239_239),75,104
white_clover_(unfy8472),75,43
keiz,75,34
miki_purasu,75,272
nanahime,75,386
mocigome02,75,47
kohatsuka,75,97
rong_hui,75,64
honda_takaharu,75,217
kevin.g.tuck,75,116
jpc,75,110
revian_samuel_dani,75,111
ribimura,75,47
e10,75,466
shikniful,75,132
mrkg_(arsfatuus),75,132
fujiyama_takashi,75,57
cote,75,82
henemimi,75,66
asisuki,75,75
tongari,75,82
ryuuichi_(f_dragon),75,724
cototiworld,75,46
inuburo,75,242
tsa,75,95
xiongmao,75,59
yonekura_hisaki,74,250
vinegarjar,74,82
amirun,74,51
gengoroh,74,127
zcune,74,152
jason_kim,74,204
sammohung,74,51
shake-o,74,338
ichikawa_feesu,74,1448
inue_shinsuke,74,293
minamoto_(mutton),74,210
zet_(twt_zet),74,50
ahobaka,74,90
natto_soup,74,185
kokumotsu,74,82
etuzan_jakusui,74,54
sugimeno,74,148
murabito_c,74,394
phoebus_art,74,43
otxoa60,74,48
comichipota,74,91
kuromoro,74,38
chiba_shuusaku,74,93
kuromiya_(def_lp),74,85
raiou,74,409
inamitsu_shinji,74,212
kusano_(torisukerabasu),74,422
frogsnake,74,152
souma_(ordures),74,265
nestkeeper,74,179
yoshiikirablr,74,55
ryuuta_(msxtr),74,200
arisu_kazumi,74,240
kntrs_(knyrs),74,208
carbon12th,74,209
kurai_nao,74,144
hisama_kumako,74,142
sironekomia1,74,34
fuji_yoshida,74,125
stank,74,180
synchroaki,74,166
kamimiya,74,232
dura,74,214
missnips,74,63
k2isu,74,322
stone_(ksorede),74,144
kanechitomoyo,74,40
mizunoe_kotaru,74,251
riyo_(aokiwazumi),74,120
sai_tamako,74,41
bakugadou,74,360
mitsudoue,73,349
nanashino,73,532
kilroylw,73,90
kon5283,73,154
megawatt,73,70
78rr,73,107
giraffe_(ilconte),73,422
dokomon,73,1069
ojipon,73,2641
irotsuya,73,116
tyrone,73,273
maguro_teikoku,73,98
banglinh1997,73,68
krs_(karasu),73,119
yamaioni_(sasakama),73,196
gudakoguda,73,80
fukuda_shuushi,73,327
utsurogi_akira,73,211
reiha_(penetrate),73,161
ikura_nagisa,73,255
eternity_(shadeh),73,228
kaauchi,73,124
dokuro_deluxe,73,230
tomcat,73,56
kurakumo_nue,73,100
shrimp_cake,73,37
jp06,73,314
period_(anony_83),73,123
katori_(mocchidou),73,173
zawar379,73,85
reizou,73,114
ryu_insect,73,46
nekosama_shugyouchuu,73,81
pink_pet_bottle,73,51
fbc,73,350
arapi,73,112
metsu_end,73,148
ushikani_kassen,73,64
furuyama_itaru,73,283
tawashi1623,73,161
kuroi_k-ta,73,51
goback,73,368
bbk_(13zk),73,98
shiguma_(signalmass),73,227
sama_samasa,73,395
chanifge,73,46
hounori,73,628
touyarokii,73,152
maritan_(pixelmaritan),73,242
kani_biimu,73,2305
oirin,73,84
ryuusei_(mark_ii),73,709
bulbonne,73,173
zero_(miraichizu),73,247
echiru39,73,176
sasachin_(k+w),73,221
buzzer,73,47
city_forest_online,73,194
at2.,73,654
chilakkk,72,148
dasha,72,159
kida_kuro_mu,72,150
shino_(yaruki_nai_yatsu),72,115
yamaura_tamaki,72,40
silvertsuki,72,221
tomusooya,72,207
lichiko,72,134
niwakaame_(amayadori),72,103
psyche_oreca,72,60
gask_(architect_2d),72,51
zatsu,72,121
kurohitsuji_lim,72,64
murikajin,72,39
raindrop746079,72,115
cigar_cat,72,54
tonchan,72,163
3amsoda,72,42
ibushi_(oath),72,119
genmon,72,117
raichi_(ddq0246),72,91
mo23,72,155
ocha_(ochappie),72,153
kuma_no_bansoukou,72,100
shiitake_taishi,72,245
laoan,72,132
kappipe_(brd0520),72,89
doyora,72,298
suzumori_kuroku,72,45
molly,72,44
dudeunderscore,72,95
mogtate,72,63
honoji,72,117
otoi_rekomaru,72,582
minori_(user_eket5233),72,39
kyousa38,72,46
rururaroru,72,88
iwasaki_takashi,72,332
sentarou,72,73
rakkuguy,72,47
himitsu_(hi_mi_tsu_2),72,428
narusawa_sora,72,70
zhazhapao,72,143
yoo_tenchi,72,469
musanix,72,118
ke-su,72,239
apoidea,72,117
nami_makoto,72,147
cunimura1584,71,76
samanator_club,71,47
funnyari,71,181
kwrrrrrr,71,54
takimoto_yukari,71,211
thore_(nathalukpol),71,47
zhudouzi,71,94
yamacchi,71,203
aozame_takao,71,36
abutomato,71,196
sonparesu,71,51
kuso_otoko,71,171
ggli_(yuine_wantan),71,111
toshi_aki,71,48
nompang,71,156
zanzi,71,229
mumaya,71,83
ginzake_(mizuumi),71,168
eichi_(wild_chicken),71,44
benzbt,71,44
yzpyn,71,145
dryseaweed,71,47
kamu_(geeenius),71,342
rokuichi,71,248
t-hou,71,109
k_pring,71,246
ikue_fuuji,71,187
misakichi_(fechisupi777),71,90
kongeraatio,71,56
yuuki_mix,71,180
oborogumo_takamitsu,71,73
lioreo,71,91
kiba_satoshi,71,200
kaidou_j1,71,191
kkry99,71,103
ha-ru,71,366
ter_(otokoter),70,247
noumiso,70,106
pallad,70,591
koyomisa,70,84
yasakani_an,70,226
saitou_tsukasa,70,45
koiso_usu,70,234
koucha_(nodoka-123),70,96
lvi,70,224
sozoremi,70,55
ataruman,70,282
metata,70,422
nabiyan,70,44
muke_(fz064),70,156
neku_oneneko,70,90
baketsuya,70,175
ddddecade,70,114
hamatsu,70,38
wenzheng147,70,85
jurrig,70,243
yatanukikey,70,114
motomiya_mitsuki,70,404
2b-ge,70,143
keijimohumohu,70,33
muruchi-,70,38
hachi_duchi,70,36
aruva,70,138
toraishi_666,70,600
byefrog,70,44
mappaninatta,70,469
mikazuchi_zeus,70,499
kcn,70,50
minggoo,70,47
handsofmidaz,70,54
skyhood,70,67
maruyaa_(malya1006),70,195
ushiro_muki,70,105
matagitii,70,72
nekomanma_(byougatei),70,60
hakusyokuto,70,192
mintchoco_(minchothudong),70,55
geso_smith,70,130
saotome_nanda,70,56
tsurumi_kazane,70,93
aboleuk,70,60
bae.c,70,444
keke_(kekekue),70,48
kisaragi_mic,70,54
henry_partum,70,36
aimee_(emi),70,171
shoshika8888888,69,45
asheta7,69,33
terakoya,69,345
otsumami_(02mami),69,107
esoragoto,69,121
kazane-wind,69,186
ge-b,69,655
momoiro_tunozemi,69,66
naoki_(xhju8282),69,47
honkivampy,69,156
ninjaham,69,57
mokuseirokku,69,38
jotti,69,111
geewhy,69,966
conte_ryuu,69,77
sharpffffff,69,134
abukobato,69,167
gin'ichi_(akacia),69,610
horosuke,69,1506
mizuki_gai,69,85
takeyuu,69,308
sayanestia,69,65
reku,69,567
katsuki_yousuke,69,37
yahiro_pochi,69,85
ranger_squirrel,69,76
muchi_maro,69,544
buta_tsuzumi,69,161
sinzen,69,165
arano_oki,69,644
ata_(tsumari),69,154
ama_mitsuki,69,1101
amagai_yukino,69,102
satou_(kuso-neet),69,126
kanzaki_muyu,69,412
nurugamer-kouyouju,69,114
ichikawa_ryuunosuke,69,137
mondoart,69,47
^jj^,69,195
shiro_maru,69,151
lxkate,69,64
kuroe_(sugarberry),69,184
yudesoba,69,98
soukitsu,69,97
nyarimia,69,52
creeeen_jjang,69,76
mizuki_kotora,69,356
zeshgolden,69,95
gondom,69,118
kurasuke,69,521
larger_bmx,69,81
96nokimihito,69,102
tara_baka_ni,69,60
sawaragi,69,100
qaq_baiguang,69,55
touhou_meikyuu,69,50
fishine,69,268
ramiro_de_la_cruz,69,37
goriate,69,240
aquamu,68,83
studiopokotan,68,57
atelier30,68,35
kanniiepan,68,456
nao_salad,68,46
painpa,68,161
ta_(tama20150125),68,137
hayabusa,68,822
mon_eree,68,45
sen_(astronomy),68,635
itsuki_nofuji,68,32
orga,68,140
ayato,68,481
smokerichi,68,101
kamia_(not_found),68,336
40010prototype,68,291
sugiura,68,140
ahen,68,88
se-u-ra,68,145
mobu_45,68,101
heriyama,68,110
alexmaster,68,426
isawo_(lucanus19),68,98
mogu_(au1127),68,415
un_do,68,34
kinohara_kossuta,68,173
yanyo_(ogino_atsuki),68,1177
sato_iori,68,97
hukigen_dadada,68,47
teiputi,68,32
hyocorou,68,222
ham_pon,68,65
parkgee,68,127
kara_age,68,173
straw_(yokubou_hiroba),68,66
yilx,68,160
yuuki_(yukigeshou_hyouka),68,84
ramb_chop,68,131
kurosaki,68,74
tomatolover16,68,163
chirashi_(so),68,190
jue_buzheng_huo_gu_gu_zi,68,68
ishii_takamori,68,106
fuji_(rua-258),68,83
nari_(nari149528),68,40
tubumi,68,83
garnet,68,367
hamihe,68,37
kotobuki_utage,67,112
yukamikayu,67,71
rukotaro,67,75
meimone,67,131
chibigou,67,41
mishima_psycho,67,43
itou_ayachi,67,147
watarui,67,786
osakana_(denpa_yun'yun),67,410
j_adsen,67,179
yukimimi,67,64
okano_hajime,67,56
digdug006,67,135
zeon_(zzeeonn),67,40
magic_xiang,67,66
subaru331,67,73
kkopoli,67,371
sakuramotikun,67,54
katou_kaiou,67,112
denimcatfish,67,46
tangerine_(dudu),67,108
aya_shachou,67,363
blew_andwhite,67,890
zaitsu,67,126
ishizaka_ryuudai,67,88
harumi_(harumix),67,119
gogalking,67,478
nenemaru,67,33
zinfian,67,43
punishedplume,67,37
elf_(stroll_in_the_woods),67,1130
dnk,67,37
katsuragi_niya,67,167
tk_(butakuma),67,98
shigatake,67,514
cocoaco22,67,46
kurono_yuzuko,67,252
sanshita,67,314
hijikawa_arashi,67,411
yagisaka_seto,67,931
kirufencer,67,46
emu_1316,67,96
tarokennsann,67,99
mazume,67,322
tungsten_(kwfr4544),67,78
eden_(shiroki_yuutsu),67,101
arekishi_raiho,67,101
makino_harumaki,67,120
nakamura_yukitoshi,67,404
raenoreto,67,52
yua_(checkmate),67,2198
kazenokaze,67,1113
chaesu,67,653
safi,67,311
panah,66,36
takemori_shintarou,66,449
ishinoyari,66,80
harenchi,66,159
hossy,66,40
ehart,66,143
muto_dt,66,102
akamashi,66,34
takeda_seiji,66,78
liaowen,66,111
karinaga_raizan,66,58
minamon_(vittel221),66,266
nashida_bell,66,43
hyouju_issei,66,267
ruslorc,66,55
peargor,66,77
satou_satoru,66,115
imagawa_akira,66,259
zink_(zink_mchn),66,69
hitomi_o,66,190
ripe.c,66,174
monbetsu_kuniharu,66,134
ohgi910,66,33
ibukichi,66,116
clam_curry,66,76
retoruto,66,49
haidara,66,50
tsuyudakunanoda,66,67
miharu_(971794372),66,47
k8on,66,68
zerobarto,66,50
golgi_hon,65,162
hua-j,65,199
joel_jurion,65,92
unacchi_(nyusankin),65,394
mu46016419,65,304
roteri_(roteri_69),65,42
xiujia_yihuizi,65,673
mad_kimo,65,95
nyaroon,65,142
genkung,65,257
kaminagi_(kaminagi-tei),65,459
desspie,65,71
kamishiro_ryuu,65,147
jian,65,41
shinjitsu_(true_ride),65,139
shirano,65,65
suzuki_toto,65,1176
yuki_usagi_(mofurafu),65,175
nikichen,65,415
telomere,65,87
haruyama_kazunori,65,5087
fukui_sora,65,49
yodori,65,72
microa,65,221
evan_yang,65,244
ishida_kazuma,65,64
ozyasadayo,65,62
mitsuru_(pixiv_34028718),65,201
maki_yahiro,65,39
alphonse_(white_datura),65,529
meow25meow,65,49
deyuyama,65,122
nakamura_takeshi,65,430
fujisaka_kuuki,65,119
sakurayu_haru,65,88
yonoki,65,116
tsuzura_(pixiv74922627),65,36
soi,65,42
muku_(muku-coffee),65,540
shira_yu_ki,65,115
arayuki_(sakurafubuki),65,71
yanazuri_(kimossari337),65,56
funamushi_(funa),65,54
kat_(bu-kunn),65,318
ha_ze,65,124
tonda,65,1479
owner1657,65,49
kara_(color),65,931
ichiyou_moka,65,413
kumamiya,65,66
teruru,65,217
von.franken,65,55
kappamaru,65,56
onija_tarou,65,770
odaodaoaoda,65,87
loptoart,65,43
milkpanda,65,1853
akatsuki_usagi,64,95
yukie_(peach_candy),64,455
umekichi,64,818
enarane,64,187
pollenoxide,64,56
torimaru,64,413
1nilla',64,110
4tb_(4tera_byte),64,70
k52,64,162
cipozhong_yundepeitela,64,44
casul,64,249
nekohuman221_(tsun221),64,66
abenattou,64,373
s-m!le_yuu,64,34
ts422,64,111
ca_paria,64,92
wsfw,64,131
82jhin,64,95
alpha_zwei,64,44
arimon_(dfrgty12),64,84
kido_keiji,64,45
amatou3,64,43
mata-aro,64,70
kumaneko,64,69
zwei_(santanawamuujojo),64,32
wasabijoyu76,64,109
moitasart,64,41
ohgaki_m,64,55
gusty10rk,64,64
masakichi_(crossroad),64,589
morinosuke,64,37
deku_suke,64,443
kibihimi,64,315
kanchigai,64,46
yugo_(yugotme97),64,104
nikishiko,64,67
m3_(gardevoir_m3),64,80
lunacle,64,388
henry_bird_9,64,108
wakamochi-ta,64,102
calpara,64,135
yukimasa_(nkk145),64,220
hanny_(uirusu_chan),64,256
satosi,64,119
hu_sea,64,135
tidsean,63,345
whistlerx,63,120
blz,63,37
yukia_(firstaid0),63,384
usashiro_mani,63,1294
tyke,63,60
tougarashi_hideyu,63,158
teranekosu,63,260
amakusa_tobari,63,124
yf_(hbyg),63,51
cream_cod,63,277
helloet11,63,79
katourennyu,63,92
fukunaga_yukito,63,122
amiba00,63,56
haimura_kiyotaka,63,867
watanuki_kaname,63,271
b3b,63,66
murasaki_nyaa,63,107
ichitaka,63,98
hiroyuki,63,319
fun_(artist),63,48
ken_(haresaku),63,161
paopa_ship,63,119
pirochi,63,92
lingshalan,63,216
shi_shi_ji,63,46
funaya_(a2brasd),63,77
nanao_(mahaya),63,405
stupa13a,63,245
mirrorya,63,63
yukaran_nosuke,63,101
ionosphere,63,36
tai0201,63,196
ryu-akt,63,202
shardanic,63,60
harunoha,63,112
johnny_(from_scratch),63,229
den_(kur0_yuki),63,138
makumaxu,63,186
toenketsu,63,62
baicha,63,93
kurot,63,590
osuzu_akiomi,63,78
chikahii,63,63
rhemora,63,44
kiso_(wjnomcuzqmdjcql),63,51
kaminari,63,42
noshimurin,63,108
yufukiri,63,210
leslyzerosix,63,186
aoi_manabu,63,371
haiki_(tegusu),63,225
baji_toufuu_(bajitohfu),63,122
ico_(green_bullet),63,161
morii_shizuki,63,439
perfellcsaiko,63,49
snm_(sunimi),63,408
aiuti,63,215
kokonattsu,63,36
tamara,63,38
hcz_n,63,82
nekoi_hikaru,63,135
silver_(chenwen),63,474
gatchapowa,63,112
yuusenmai_(momochieri),63,77
moruchi_(rinaka_moruchi),63,277
asumi_(000),63,43
yokaze_japan,63,160
uosaasou,63,146
ouhashi,62,251
miso_(misomiso_154),62,234
luoman19921,62,83
ryuusaki_rei,62,45
kemukemuke,62,35
kakesu,62,146
dev_(dev0614),62,325
milephunter,62,73
imizu_(nitro_unknown),62,1323
koyashaka,62,372
kauru00,62,129
sharen,62,32
oekakimannga,62,75
ramie_(ramie541),62,180
rinyamame,62,261
schooler,62,45
mg_renders,62,143
sin-go,62,243
pinchi,62,131
gorirago,62,91
inunekostudio,62,57
mea_(manami030),62,59
airisubaka,62,359
krudears,62,504
otabe_sakura,62,187
toriatto_gununu,62,271
meido_yomi,62,83
damegane,62,264
aki_(akikaze_asparagus),62,404
prophecy_(rakuichimonji),62,143
sakura_yuki_(clochette),62,473
kous_(onetwojustice),62,86
meister_staze,62,60
serizawa_mutsuki,62,214
mik_yanase,62,74
kasuka,62,93
kinntarou,62,234
sekihara_umina,62,184
loki_78,62,36
maturiuta_sorato,62,1287
uza_(hellme),62,85
banana_oekaki,62,101
benjomushi,62,39
unbalance,62,123
urokong,62,102
waku2kitchen,62,84
yuu_(kfc),62,268
toasty_scones,62,130
uratari,62,33
skeptycally,62,533
marisasu_(marisa0904),62,317
kumakichi_(cost-lost),61,163
kazami_chiu,61,165
taesi,61,309
saaal653,61,103
sebu_illust,61,230
nanozenzen,61,81
shimimaru,61,99
chunlieater,61,43
gedou_danshaku,61,62
shirai_yu,61,102
kira_boshi27,61,52
deku_(dekunosu),61,167
tatsuya_(trypaint),61,95
naufaldreamer,61,360
ar_(lover_boy),61,243
terebi_(shimizu1996),61,220
tamaki_nozomu,61,99
shumiao,61,44
tsuseki,61,72
pokoten_(pokoten718),61,724
hawoku_ishibare,61,77
chimunge,61,297
faith_(sbi),61,33
arai_nobu,61,265
rafchu,61,89
ritz10_(benben),61,46
uchiuchi_keyaki,61,134
nagashi_mangan,61,37
ttomm,61,337
jaxdrawz,61,41
sakuama,61,52
ku_roiko,61,135
nkise,61,36
hiki_togu,61,51
hogey_nk-2000,61,100
gomio_(bb-k),61,93
rabbit_(wlsdnjs950),61,197
konboi-eg,61,233
icelee,61,34
rustle,61,341
touniyuu,61,36
myht,61,146
furumero,61,47
jobin_chan,61,35
yukiyanagi,61,168
flieger,61,74
shizuko_hideyoshi,61,72
koube_an,61,44
ganari_ryuu,61,335
greyface,61,64
junny,61,143
chikado,61,481
bwcloud,61,39
honyang,61,187
yaguo,61,279
ookoshi_hidetake,61,36
traver009,61,42
osa_(osaosa),61,168
dawapat,61,55
everyntrge,61,100
cleanerjay,61,83
dbmaster,61,126
udon_(udonalium),61,95
aikawa_tatsuki,61,119
sironora,61,162
ueyama_michirou,61,2042
karasawa-40,61,136
fuetakishi,61,45
zunkome,61,367
kibanda_gohan,60,295
sao_satoru,60,204
tachibana_yuu,60,168
kobo_(cobo_0609),60,140
asaki_takayuki,60,174
makoto_(mk10),60,55
totoro_on,60,44
luai,60,75
sunao_(souis),60,97
jun_(rojiura_jack),60,64
memory342,60,33
sasanoha_toro,60,38
plus_step,60,146
akine_(kuroyuri),60,144
hitsuji_takako,60,121
slammo,60,83
soba_chatarou_(tita),60,118
chima_q,60,446
alexi_oekaki,60,102
kintaro,60,189
hits_(hitstts),60,67
ono_itaru,60,42
wonbin_lee,60,93
zokenwatarushi,60,31
haneto,60,48
tsukineko,60,295
yuuichi_(reductionblack),60,227
shumichi,60,45
mitarashinejiri,60,49
nurunurubouzu,60,36
ogino_(oginogino),60,239
rikopin,60,95
batsuma,60,58
yace,60,39
tahita1874,60,161
yawar,60,38
hachimitsu-b,60,47
castella,60,68
grs-,60,73
suwakana,60,128
butsu_menhou,60,74
trodh,60,46
laovaan,60,87
vert_cypres,60,92
shitou_(4h),60,136
flan_ling,60,46
kaoming,60,340
cyjalway,60,52
kira_keita,60,75
rin-sin,60,329
nidaime_(doronbo),60,255
houriigurei,60,47
yukiaka,60,107
uehiro,60,223
aracnee26,60,37
miyuki_yaya,60,80
togekk0,60,167
maneki-neko_(fujifuji),60,126
geonjeonji,60,81
dobure18,60,107
akikaze_tsumuji,60,216
chiyingzai,60,287
imanaka_koutarou,60,60
sasanoneko,60,156
anato_finnstark,59,540
emaason,59,38
porforever,59,641
gintarou_(kurousagi108),59,409
uzumi_(uzumi_yosi),59,33
be9459,59,57
dekochin_hammer,59,77
tawapo,59,133
aono3,59,959
yoshiie,59,79
kanju,59,249
kazami_haruki,59,86
senra_banshou,59,77
dasdokter,59,251
inkspirate,59,62
teriibol,59,123
namamo_(kura),59,81
toketou,59,109
mame1645,59,327
fukuyama_naoto,59,42
yuki_(asayuki101),59,277
aranasi,59,40
sasagawa_(haikaiki),59,117
kokuto_(kurousagi1210),59,142
kristallion,59,32
jeetdoh,59,41
ippers,59,260
sugac,59,57
shukurimu,59,88
raine_(acke2445),59,276
azuma_(azuma10270724),59,146
shukurin,59,88
kabu_usagi,59,108
white-paka,59,80
sww13,59,43
mage_(harumagedon),59,116
kanon'yuyu,59,37
hachi_(chihagura),59,431
nuekane,59,35
meeko,59,333
leebigtree,59,60
tarakoutibiru,59,84
ponzu_rui,59,148
moejin,59,70
yokoyama_kouji,59,77
otoufu_(wddkq314band),59,107
garyou,59,113
akazawa_red,59,215
chung_cthemax,59,93
asava_(hutaitenn),59,156
torte_(triggerhappy),59,42
kurorekishiman,59,35
axe_r18,59,193
chubb,59,83
sorimura_youji,59,341
fumyuun,59,69
hexelica,59,71
solopipb,59,241
miyako_(rgrayt),59,262
kiyosumi_hurricane,59,57
nishiyama_maruta,59,69
haitukun,59,61
nadeara_bukichi,59,251
saruton,59,88
j.h.,59,156
kawanakajima,59,178
iori_4kagetsu,59,52
akizuki_akina,59,199
daichi_(tokoya),59,452
kenatosne,59,63
riba,58,60
nagatsukiin,58,253
inasaki_shirau,58,147
skylader,58,157
nasunasuurin,58,37
cedar_(cedar_japonica),58,362
supurai,58,104
akito_(d30n26),58,166
nagi_raiun,58,35
krutta_fan,58,46
hplay,58,198
higashi_shino,58,274
saboten,58,91
grimmelsdathird,58,137
liangfen,58,56
onomi9ta,58,60
jaga_note,58,117
steam_erobou,58,35
ooji,58,389
sockinajar,58,33
jikihatiman,58,210
luse_maonang,58,316
yomogi_mametaro,58,33
ap_cammy,58,35
aenaluck,58,104
sakamina,58,42
sugii_tsukasa,58,49
numadaira,58,34
gomadare_(310329),58,48
doiparuni,58,93
mon_(manarestra),58,56
kamiya_maneki,58,339
aiza-ku,58,68
zasshoku_ojisan,58,65
emurin,58,591
torii5011,58,80
dev_voxy,58,57
kouzuki_(majc8345),58,71
es_(eisis),58,237
london_inu,58,114
shikanari,58,60
kinohara_hikaru,58,94
menbou_(menbow3v),58,72
momoi_nanabei,58,99
idle_antics,58,43
genshi,58,129
kiona_(giraffe_kiona),58,214
konshin,58,538
bankoku_ayuya,58,289
eo_masaka,58,115
hime_takamura,58,63
noeomi,58,190
cevoy,58,48
uninigumi,58,83
tekona0,58,92
masanaga_(tsukasa),58,404
daisi_gi,57,154
udaruyo,57,126
komeshiro_kasu,57,873
masaki_kei,57,127
geko,57,95
era_(erasion),57,152
tokiwa_midori_(kyokutou_funamushi),57,360
yamada_gogogo,57,36
sirokuro_daruma,57,54
yuzuki_n_dash,57,65
sekaihebi,57,77
tobias_leviathan,57,32
tanaka_hitoriaruki,57,66
kuon_bb,57,128
miyako_(naotsugu),57,317
mochi-iri_kinchaku,57,63
utsunomiya_tsumire,57,166
speedoru,57,137
lc_7v2,57,44
mordeth,57,85
contllenge,57,173
fukutchi,57,137
cirnos,57,104
ga320aaa,57,232
uro_(uroboros),57,52
roah,57,91
noe_8ban,57,64
ookamiuo,57,158
signalviolet,57,222
d-floe,57,218
gyunzai,57,46
odoriyama_gorou,57,97
toichi,57,108
arato_asato,57,159
sanemichi_hajime,57,100
shibi,57,175
tkgoishi,57,39
tsuna_(al_dente),57,81
nanana_(chicken_union),57,154
mg_cls,57,48
suien,57,362
gyonikun,57,50
harry_(dudwofla),57,78
meisansan,57,57
morizono_shiki,57,413
kurozawa_yui,57,432
bakki,57,50
harumaki,57,136
kotoji,57,77
touchuu_kasou,57,149
sekino_takehiro,57,94
niku_(hamuchang),57,180
iro_(boo_iro),57,132
renoa_yu,57,87
seijun_(seijun01),57,57
minakamirin,57,152
tekkowang,57,85
fuurai_(resuty),57,75
neko_majin,57,678
mamemix,57,95
tamanoi_peromekuri,57,131
mayonnaise_(ringo_gakuen),57,50
kamelie,57,914
motchie,57,85
minikama,57,40
joutarou,57,62
opanchu_(hakusen),57,146
raika9,57,372
srgrafo,57,48
enma_(enmanuelart),57,235
tarou_(user_tpmh7442),57,63
kibellin,56,145
peach88,56,582
zummy,56,131
kouguchi_moto,56,112
sugihara_(sugihara2000),56,82
ishida_hiroyuki,56,91
bang5410,56,64
shiawase_okiba,56,43
asutarou,56,58
feng_mouren,56,184
aono_(f_i_s),56,199
mrdotd,56,152
uns_(sdsxsoverlord),56,124
yurikawa,56,232
gyarakushi_shokudou,56,33
10eki_(tenchou),56,300
killy_doodle,56,62
acid_head,56,37
haga_yui,56,340
oono_tetsuya,56,178
kafun,56,214
akaga_hirotaka,56,372
hone_kawa,56,55
kakeku,56,135
zetsumu,56,148
himajin_noizu,56,937
watayoshi_(suiiho),56,72
puck100ml,56,75
negija,56,201
boken_fantasy,56,103
atatatamu,56,65
kanya_pyi,56,217
buuwa,56,195
uminchu,56,97
walzrj,56,590
hayyan,56,230
akasaki_koyo,56,56
mizu,56,70
booth_tomato,56,72
suzuki24,56,199
sai-go,56,267
chuppa_(katotsuba),56,87
yukian,56,348
kamiya_zuzu,56,175
rebake,56,70
toriyarou,56,42
tsukino_wagamo,56,242
memmemme,56,56
kobayashi_tetsuya,56,127
liyoosa,56,65
tai_(2vs),56,85
ruuto_(sorufu),56,322
nomanota,56,104
himadarou,56,123
kawai_ritsu_(rits_meg),56,457
ponpon_(tosico),56,150
zerosu_(take_out),56,214
himura_kiseki,56,1253
yumeno_naka,56,74
windforcelan,56,211
cojohn,56,42
toho10min,56,100
cherry_peachcat,56,40
haniwa_(kiminozorazio),56,52
crow_3434,56,88
sy4,56,204
clare_(543),56,110
archstreal,56,156
xe_(execut3r),56,333
karakaburieaka,56,37
flat_(joppin_karu!),56,116
haseru_(ginku_mh),56,331
yuu_cream,56,40
oobashin,55,58
jet_yowatari,55,167
ujiga_waita,55,46
sakimori_dan,55,769
ivenglynn,55,88
yanagui,55,87
binbinsuke,55,46
harstfazn,55,32
ruby_suguri,55,77
alto-00,55,173
battlegaregga,55,95
matsushita_makako,55,128
kuromayu,55,494
toima_(beat0829),55,81
kazahari_kazuho,55,55
googoogaagaa,55,68
memeh,55,118
io_takuya,55,139
yac_(mokkori),55,81
koorimizu,55,277
tsuwabuki-san,55,93
lixsium,55,31
hibren,55,40
yamaneko_(tkdrumsco),55,162
svet_yomi,55,103
nishikasai_munieru,55,91
chabashira_tatsukichi,55,67
konbari_tariumu,55,80
sugarbeat,55,148
nasipasuta,55,101
dema_hmw,55,326
bubukka,55,1275
scatter_milk,55,95
doku_gorira,55,62
diabolic-mario,55,47
z-ki,55,40
doru_riheko,55,69
auzenhaito,55,54
herio,55,173
haganemaru_kennosuke,55,221
sprout_(33510539),55,89
kagura_yuuto,55,97
crowgod,55,34
marui,55,121
xuuikie_ashe,55,76
akagi_asahito,55,208
ringobatake,55,130
ravenhart,55,91
dime-san,55,41
osisio,55,345
shibata_rai,55,205
konasu_(sndk1480),55,67
nanafuton,55,79
ycyc,55,136
nekosaki,55,40
monta,55,42
soolee040995,55,54
makabe_gorou,55,204
donburi_(donburikazoku),55,679
vilde_loh_hocen,55,385
hato_yu-ki,54,78
tooculi,54,71
yuki_to_hana,54,223
hime_apple,54,61
tatsumiya_kagari,54,206
kiriririn,54,139
kasakuri,54,38
makani_kohitujito,54,54
yokoi_rego,54,40
zee_n3,54,63
liren44,54,59
moshi_(atelier33-4),54,89
lk_(lk00),54,136
usubeni_sakurako,54,84
goshingo1,54,81
lack,54,970
gabao_(mattari_2019),54,167
hamanasu,54,93
yua_(argaoffroad),54,201
kimuti-g,54,124
nazu-na,54,217
sune_(mugendai),54,297
sktre12,54,57
bnc_(bunshi),54,108
akisu_karasu,54,72
head_cha_la,54,38
unadare,54,123
kkato,54,211
uzura_kazuhisa,54,112
lomocya,54,203
tokomaya_keita,54,91
kou_(garakuta_teikoku),54,186
ruizu_(takakisan503),54,84
ogry_ching,54,205
ningre_huahe,54,33
dain_(bishop_m),54,50
mikami_mika,54,178
kinakosuki,54,39
rakkyo,54,63
isemori,54,163
kurozu_(crozu),54,94
onguuchi,54,77
yagami_hiroki,54,144
takamichi,54,392
hirokawa_kouichirou,54,154
ogami_kazuki,54,1137
noba_(veronicanoha),54,91
puririn,54,292
rhlatm,54,31
yuugatou_(yuuzutu),54,132
windart,54,143
kikuichi_monji,54,173
furisuku,54,207
hitoi,54,76
mototenn,53,105
shinagawa_mikuzu,53,76
arikawa_satoru,53,364
madsensei,53,38
ichina_(osabakitina),53,49
momdy_(talesshinja),53,32
lilirulu,53,87
minobey,53,39
kanzen_bouon,53,144
hemonemo,53,66
jay87k,53,70
kamezaemon,53,469
doneen69,53,45
meshiiro_(rome_sy),53,35
toyo_(c8),53,40
g1_(jjw00123),53,160
bloodcandy,53,64
geworin,53,39
rekaerb_maerd,53,368
qing_yunyi,53,55
ono_toshihiro,53,56
eno_yukimi,53,248
taketora_suzume,53,617
toxic_(toxicv),53,55
usura,53,39
amiba48,53,75
takayama_toshinori,53,517
kupala,53,200
suoni_(deeperocean),53,193
pokeeti,53,88
bakuatsukiyu,53,34
tansuke,53,379
ayakase_riberi,53,136
enajii,53,127
cloud.d,53,38
tomin1032,53,47
toraya_(doujintraya),53,48
moruga,53,117
takanashi_(takanashi_tkns),53,35
kimura_naoki,53,45
komekueyo,53,131
te28,53,45
ochi_(ochi1094),53,33
suihei_sen,53,179
zogok_(okekan),53,41
denden,53,138
inu777,53,123
g_yuusuke,53,175
wawawama,53,33
hanemikakko,53,35
fireball_666,53,36
kawaraya_koh,53,71
vogel_schwein,53,31
nakano_kinzan,53,33
iiros,53,46
mentha,53,33
terada_ochiko,53,198
ranken,53,86
qizhu,53,106
love_cacao,53,397
kawaisou,53,94
kuma_teikoku,53,45
kuwashima_rein,53,333
moyashi_baasuto,53,89
kokkoasa,53,51
amania_orz,53,443
miramu_(ramu450471),53,57
ukyo_rst,53,325
uraharukon,53,257
akina_t,53,75
shio,53,49
jkisaradu,53,60
min_(myna8247),53,118
nekomamire,53,462
selcky,53,355
plentyofempty,53,91
yoshiwo,53,152
nanami_ayane,53,118
rodriguez_(kamwing),53,57
wuwusan,53,137
mitsuki_mantarou,53,91
caw=zoo,53,32
toku_(yhpv8752),53,133
rakusai_(saisai_garou),53,48
miyoshino,53,190
wasabi_(legemd),53,196
nisina,53,48
koshika_rina,52,368
jinsai_sa_sa,52,65
shin_(sin-maniax),52,62
ultragruntyy,52,49
ibanen,52,93
typehatena,52,111
kaika,52,90
gen_(black_factory),52,232
chelle_ingham,52,111
shiraishi_asuka,52,42
cailin020,52,57
ikeda_yasuhiro,52,147
kurokin,52,195
gouka,52,96
liremi,52,54
marumaru2820,52,32
aoi_tori,52,94
uk-works,52,97
ekakiuo,52,32
firstw1,52,113
andou_you,52,292
cygnus_(cygnus7),52,286
the_hermit,52,105
bababababan,52,163
shroomia,52,40
ini_(mocomocccos),52,113
shimizu_akina,52,272
lakilolom,52,269
hemogurobin_a1c,52,801
ame_(uten_cancel),52,285
tamamon,52,279
inushima,52,160
sakuraba_tsukasa,52,92
givuchoko,52,661
gorudazo,52,67
ambulocetus,52,60
gigamessy,52,222
natsumyun,52,89
nyuuhin,52,39
roku-jou,52,47
asteria_(driftingprhp),52,42
f-cla,52,109
hakuhou_(ende_der_welt),52,83
keisea,52,111
mayhem_art,52,60
nzz,52,63
ironlily,52,267
akira_miku_ver,52,161
azarashi_(snmfloowern),52,55
namidate,52,109
ao_usagi,52,494
kasumi_(skchkko),52,1454
ngc20701,52,83
sakurayashiki_nisei,52,59
meginalter,52,64
haimei1980,52,100
hokori_sakuni,52,212
houhokekyo,52,82
uniphon,52,32
sora_to_umi,52,322
minamimachi_naname,52,31
ashino,52,131
yazawa_mana,52,49
carrot_(robosquat),51,135
hirota_masatane,51,66
sakura_(medilore),51,261
veralde,51,44
hishigata,51,116
rei_oe,51,53
kyuuso_inukami,51,376
fuchi,51,42
showers-u,51,40
ikeshita_moyuko,51,425
simplecar,51,89
kana616,51,203
osamu_yagi,51,147
shirokuma-kun,51,102
kageira,51,140
pokkora,51,125
tsurukame,51,473
konomi_(kino_konomi),51,283
ryou@ryou,51,194
zukky,51,252
bokoboko_(pandagapanda1),51,268
hasaya,51,165
sakuraoo,51,34
koza900,51,151
kuronekogata,51,90
e-note,51,105
okitakung,51,539
muhyowo,51,59
ohguro_mariya,51,84
puuzaki_puuna,51,540
norakuro_nero,51,77
nikuku_(kazedesune),51,288
deymara,51,62
redshark_(t373412),51,81
hamu_767,51,38
ayano_naoto,51,152
aaru_(tenrake_chaya),51,264
tnt77,51,33
tussy,51,217
nameco_(nameco_h),51,80
chin_gero,51,151
mishima_hiroji,51,373
yamanokami_eaka,51,317
hana_kazari,51,1580
wararu_(user_uecx7457),51,42
hashimoto_takayoshi,51,89
alicecrazy,51,67
gc3,51,117
sima,51,65
katahaba_keiji,51,36
yamada_naoko_(kodamayanao),51,63
3104_(3104milkshake),51,146
sinzan,51,317
ewokakuman,51,47
narynn,51,320
rokita,51,225
tarakan,51,33
ryu3224,51,64
rojen,51,31
pataneet,51,462
chintora0201,51,256
sekiya_asami,51,388
rinri4kan,51,37
hihizaru_badass,51,59
pinkmarine,51,55
sekitaku,51,112
raymon,51,64
louis&visee,51,73
niku114514810,51,107
taro,51,86
noa_(skae3323),51,52
konbu_wakame,51,883
aopiqoo,51,41
fumato,51,182
yonaga_(masa07240),51,240
shindou_mikeko,51,47
shacho_(ko_no_ha),51,230
kedama_milk,51,598
deyui,51,501
lrk,51,156
riria,51,49
reborns,51,46
anteiru,51,52
omar_dogan,51,242
zamudelin,51,131
xin_lan_deng,51,82
arteslav,51,69
ario,51,383
sushisalmon95,51,33
yuri_(yuri741),51,35
oyatsu_0,51,32
murata_taichi,51,97
halphelt,51,228
inumimi_moeta,50,39
gijang,50,250
jiggeh,50,47
inhoso,50,72
saka_i_hirokadu,50,67
ennuigrl,50,99
yuuma_(yuma1111),50,80
volt_crocodile,50,31
kurozu,50,68
mightyhonk,50,62
narushima_kanna,50,258
hachirobe,50,47
itsukarine,50,51
tomochi_(tmc_tmc8),50,113
virusotaku,50,39
makaroni,50,58
hinosaki,50,122
messiah_cage,50,80
ratsuku_kinoko,50,193
polorinken,50,114
zasha,50,192
takei_masaki,50,88
takayama_chihiro,50,77
fluffyebi01,50,34
nekobatake,50,85
muq,50,37
izuoku,50,208
abazu-red,50,445
yukidaruma718,50,70
othel_(hatimorris),50,138
aji_(sakanaaj1),50,127
tuna21,50,62
puk_(puk_2020),50,138
kobamiso_(kobalt),50,426
gloomyowl,50,91
kanisaka,50,36
shuiruoqing,50,38
marrbl,50,43
gekkou_ookami,50,79
taikyokuturugi,50,546
syyn_(syyndev),50,67
aya-cis,50,43
ichinose_(ichinose1592),50,91
teston,50,49
hachimitsukyuuto,50,37
liking,50,65
asana_tsukune,50,65
mon_mon,50,128
loggy,50,105
akino_subaru,50,151
kurokawa_otogi,50,214
nogi_yasuhito,50,166
tierla,50,74
mizuse_kouichi,50,95
umyonge_(lkakeu),50,287
aria_(koiiroharemoyou),50,362
dearmybrothers,50,324
tendenbarabara,50,42
minato_fumi,50,227
cypress,50,284
kurappii,50,111
hermmy,50,138
yuebaihezi,50,53
urokozuki,50,119
yamiiv,50,124
t_zhonglang,50,46
lockheart,50,549
tanabe,50,99
sen_(sen42724788),49,52
chihiro_(chrnt),49,72
irohakaede,49,149
yukimai,49,42
tandohark,49,832
tanatonkub,49,42
smilesmile1312,49,97
aotsu_umihito,49,40
qunqing,49,142
orihalchon,49,48
echizen_(hvcv),49,167
a-plug,49,68
jojiart,49,48
sinmo_(dolomang),49,67
kaguura_(kagu),49,173
soxkyo,49,35
makki_(tobaccos),49,92
mofuko,49,55
ookaji_hiroyuki,49,48
kilye_kairi,49,1381
maru_(314),49,86
jingai_modoki,49,515
katade,49,118
takemasa,49,74
starmilk,49,187
etsunami_kumita,49,161
reta_su_gohan,49,46
ogami,49,124
c_(theta),49,234
hiroe_rei,49,292
houjoh_(7th-heaven),49,43
menokonome,49,47
shigino_sohuzi,49,845
tadd_(tatd),49,103
bitseon,49,161
ayuki_(26659796),49,43
archinoer,49,54
10box_seisakujo,49,34
viperxtr,49,205
minghecanyue,49,33
mitsugi,49,124
starli_(starlianechan),49,54
kai_(link2262),49,174
docyacico,49,36
rizento,49,225
hevn,49,123
fukujon,49,41
catstudioinc_(punepuni),49,1004
mumu,49,104
shift_(waage),49,443
cheng,49,36
akinoji_(akiponpon27),49,107
gunbam,49,43
satou_kaede,49,53
totokichi,49,699
kaidou_zx,49,33
baileys_(tranquillity650),49,539
akisoba,49,105
tabigarasu,49,451
ribosoma_42,49,43
fay_(fay_axl),49,225
yuehei_dao,49,31
ge_xi,49,151
ariatorai,49,36
ehohin,49,35
zourion,49,53
tomihero,49,53
bol_(liliymimi),49,142
vvv_(vvv98048917),49,46
shiawase_hougan,49,63
ohno,49,47
gabao.,49,40
metallican,48,107
joacy,48,36
hidaka_ryou,48,75
nezuko,48,255
asuzemu,48,363
mojake,48,75
yoshimura_kentaro,48,65
ihara_asta,48,85
guilhermerm,48,43
leopard_(artist),48,48
sahara1127,48,177
cage_unlimited,48,40
parabora_(nipplemokuba),48,76
otono_fei,48,102
joshua_(tubie),48,61
nui_(nuinui0300),48,109
nikuo_(29niku),48,32
vik_(xypt7474),48,93
yukimura_hajime,48,49
mikunatsu,48,62
mamuru,48,847
kinoto_kanade,48,41
sakura_hanatsumi,48,128
kikuchi_seiji,48,215
fu-ta,48,738
awatake_takahiro,48,87
ceilinginmyroom,48,49
omiyacha,48,49
anesaki,48,40
fast-r,48,57
simon_(n.s_craft),48,130
sgt-jz,48,112
mae_(nahabaru),48,73
mimuni362,48,108
ashima_takumi,48,92
motatei,48,78
secretbusiness,48,112
toranosuke,48,114
shikei,48,380
futamotu,48,42
spiz,48,83
sajittari,48,139
enishi96,48,80
melailai,48,148
hagino_makoto,48,195
lastofrabbit,48,41
kisairo_kaede,48,192
sbs,48,338
cassandra_(seishun_katsu_sando),48,223
zzo0,48,70
sakuemon,48,72
akata_itsuki,48,298
akahito,48,249
silverwing,48,78
hatori_piyoko,48,115
yamauchi_(conan-comy),48,237
tsukasa_yuuki,48,150
uko_magi,48,32
eleaaa,48,93
hane_(15188414),48,62
komatsu_eiji,48,908
kokusan_moyashi,48,56
ooyama_kina,48,192
akihazama,48,109
ikeuchi_tanuma,48,1334
namikare,48,45
atric18,48,58
dombear,48,68
nekobao,48,42
natsu_(927013),48,96
nezielmi,48,71
tanabe_(studio_tiamat),48,108
shien_(tatunokoshien00),48,65
gene_(gear_gene),48,71
kenpi_(hs-totyu),48,94
yao_(pixiv9482697),48,45
profitshame,48,167
kyogoku_shin,48,593
aussummer,48,42
negiuma,48,39
eun_bari,48,55
emirio_(emirio110),48,204
laochen,48,44
mubo,48,127
natsukimonou,47,55
kozuka_yasushi,47,75
untue,47,954
neone,47,233
hisakawa_chin,47,187
icons_(1452697582),47,77
salmon88,47,304
ichimatsu_(anaumemondai),47,42
unpale,47,144
saitou_masatsugu,47,609
unadon,47,224
rancidronin,47,34
makura_u9b,47,36
iberico,47,39
kurarome,47,81
pooor,47,93
some1else45,47,193
devil_heavens,47,128
cobra_no_oyatsu,47,104
manna_(pixiv8805037),47,36
fireflysnow,47,56
booch,47,92
amerika_neko,47,36
toujou_sakana,47,528
syn,47,32
kuku_px,47,98
hcstyrus_ii,47,51
kannagi_rei,47,121
bimmy,47,218
bishooji,47,135
freng,47,407
kusui_aruta,47,99
deagle_(deagleiii),47,60
nanamatsu_kenji,47,97
jagercoke,47,87
chyraliss,47,115
1041_(toshikazu),47,214
kanon_(kurogane_knights),47,3598
unusablenameaaa,47,75
skarltano,47,31
dan_(orange_train),47,262
oopartz_yang,47,258
mikazuki_akira!,47,791
nakareki,47,66
jankovsky,47,43
suzune_rai,47,104
hoshihuri,47,157
aoinu,47,116
rahime,47,68
haihai_(skeleton),47,53
kawa_mura,47,170
da_akana_xiv,47,56
yizumi,47,79
tokihanatareshi,47,43
ramenwarwok,47,86
inoue_makito,47,69
justeeeeth,47,70
korisei,47,134
tia_(4017342),47,73
mishima_toshihiro,47,77
totorosu,47,53
yukineko1018,47,366
amano_jack,47,256
takamin_apaman,47,76
izurumi,47,66
takano_yuki_(allegro_mistic),47,343
naglfar,47,36
shimanto_youta,47,35
matsu_kitsune,47,114
pony_r,46,114
an_sin,46,54
sunset_nivaris,46,47
kadoi_aya,46,150
togusa_masamu,46,116
eisu_(eith),46,72
cuvie,46,72
kutabireta_neko,46,231
mewniverse,46,44
fujishima_kousuke,46,142
johnny_funamushi,46,221
plum_(arch),46,356
gokurin,46,112
hangaku,46,264
kuro_(jyupiter),46,90
gomashio_ponz,46,174
mnjs,46,60
ishiusu,46,134
bouhatei_(t-back),46,77
bluerabbit_gap,46,99
zhadanzhawugui,46,76
hai_ookami,46,351
tokyo_yamane,46,211
yumiya,46,549
wamusato_haru,46,74
ue_(xjhu3558),46,42
chen_bin,46,228
hall_onon,46,95
bloody0rabby,46,92
aotsu_karin,46,121
yagi_(ningen),46,394
dreamlight2000,46,141
scathegrapes,46,135
iceky,46,96
mogera81,46,59
zakozako_y,46,119
nakatama_kyou,46,268
yu-ri,46,266
edenmaniac,46,35
kazetto,46,427
mekabu,46,48
safurantora,46,41
kurou_(quadruple_zero),46,776
eigetu,46,48
emon-yu,46,278
potetos7,46,116
meronshiroppu,46,63
unplugged_line,46,72
hiep_studio,46,39
aokihoshi,46,182
doromame,46,125
asahi_(fullmetal_madness),46,117
racco,46,41
crrispy_shark,46,46
bbolalus,46,101
shibayuki,46,54
ktrtokyo,46,54
migchip,46,78
terumin_(yuganda_sebone),46,63
brulee,46,43
arcie_albano,46,339
shiya,46,67
shinonon_(iso_shino),46,92
rozea_(graphmelt),46,124
henoeno,46,39
tomatoman01c,46,55
zaregoto_tsukai_no_deshi,46,191
hinagi_(fox_priest),46,372
wspread,46,174
akadama,46,77
maeda_kousuke,46,74
gemba_(dlfms75),46,93
profnote,46,171
hato_haru,46,411
warabe_(waraghi),46,59
uxu,46,62
argule0901,46,102
hakonnbo,46,242
yoyomura,46,49
nullhachi,46,65
copochui,46,32
yazuki_gennojou,46,158
mp150_plus,46,137
shiben_(ugvu5784),46,202
machimura_komori,46,236
zhaofeng_yinyue,46,108
hiru-kun_no_ami,45,39
ccccc_(jpn_m0),45,118
dashi_namashi,45,40
ore_no_kome,45,66
kiryuu_reia,45,39
momogesomaru,45,46
orouu,45,45
dashigarayama,45,80
mitsuki_(toriaezu),45,53
ol_mahonanoka,45,69
tikuwanwa,45,64
morita_kazuaki,45,237
muka_tsuku,45,256
taihei_tengoku,45,44
hxxg,45,664
poopy,45,34
strigidae,45,55
kanda_(ura-kanda),45,81
sakiyamama,45,1040
archibald_(adahalt389zp),45,69
kukoi,45,53
amamitsu_kousuke,45,193
coldcat.,45,214
fang_qiao,45,140
mukuba,45,122
aw,45,33
jageungansik,45,54
2t_(tanakatakuto),45,59
eccma417,45,47
nijitama_shiyushiyu,45,163
gokuu_(acoloredpencil),45,381
miyakawa106,45,132
dynamotor,45,57
stars4993,45,49
amorphous,45,39
hyperbudd,45,128
takara_joney,45,147
clear_glass_(mildmild1311),45,298
dokuro-san,45,140
shunichi,45,431
kimura_akiyoshi,45,74
mahan,45,121
wantacchi,45,41
gaketsu,45,268
viral1112,45,74
merulu_ilum,45,35
hokkana,45,44
bluecup,45,124
yuuyan,45,42
alloc_(playable_one),45,32
kirisaki_byakko,45,275
qianshibu,45,54
onomiya,45,103
osaru_(yuuen-dou),45,72
meltyvixen,45,41
daromeon,45,53
karikari_ume,45,37
enryuu_(rmxs3488),45,75
sagamimok,45,174
toono_yayoi,45,99
kazabuki_poni,45,303
mozu_(peth),45,211
koma_neko,45,207
rowkiba,45,56
vuxer,45,59
pizza_(pizzania_company),45,272
qiqo,45,91
survival_yaiba,45,49
k_0art,45,44
shirouzu_myuuta,45,128
stine_r,45,44
musicatopos,45,110
hhhori,45,64
298yenomiso,45,61
dokan_(dkn),45,142
tamaya,45,72
chorimokki,45,400
fukumaaya,45,215
takapin,45,58
futaba_morishita,45,41
baconontheclock,45,40
uramoto_kouji,45,63
akitaka_takaaki,45,67
namiorii,45,273
shirai_momota,45,46
necro_(nekurodayo),45,653
kiek_qaq,44,41
bakko,44,128
etan14,44,173
cristalavi,44,52
kurono_mitsuki,44,134
serizawa_(serizawaroom),44,415
ikezawa_shin,44,206
mota,44,1110
hagi_(ame_hagi),44,215
refuto,44,32
kiiro_no_nantoka,44,71
pochi_katou,44,45
itose_ikuto,44,79
utopia,44,330
kakiman,44,232
odawara_hakone,44,1006
stmast,44,242
jack_(darkshero),44,93
haku_hakujou_daimaou,44,47
nori_tamago,44,1358
chagama_teishoku,44,92
inika,44,112
marui_shiro,44,167
felsus,44,35
i0525,44,99
hi_you_(flying_bear),44,586
komadera,44,62
kaneko_(bblogtinhan),44,109
tansuan_(ensj3875),44,83
surock,44,61
ippongui,44,224
champ+,44,61
miracan,44,63
toe_gojuu,44,63
tsubasa_tsubasa,44,451
sarena,44,178
kobayashi_kobako,44,36
arinu,44,895
aburi_rare,44,36
morino_donguri,44,375
kiriko_(araragikoyomi),44,194
dolechan,44,194
marota,44,487
leviathan_(hikinito0902),44,305
suv_(suv032),44,188
cas_cassis,44,42
edamameoka,44,118
hiroya_juuren,44,371
elec_bobo,44,55
dolri,44,207
akatuki_(yamina),44,98
moruta_(sunu-pio),44,104
ivan_flores,44,51
ningen_(ningen96),44,374
kinoeneko,44,47
chichi_band,44,119
kanzume,44,63
noumin,44,135
ura_tomoya,44,51
jiete,44,58
peach11_01,44,345
viria13,44,46
eiji,44,65
hechi_(hechi322),44,121
mikuni_mizuki,44,134
umigraphics,44,211
wigglytuff_(pokeacc),44,39
hutago,44,43
umou_(may65879),44,139
nassss,44,95
mr.romance,44,263
moriton,43,44
botan_m,43,92
murasakio,43,148
amatsu_amaguri,43,43
rose_neru,43,145
kogaku_kazuya,43,183
kurisu-kun,43,238
futoshi,43,80
ken_ill,43,190
kokuzou,43,309
shinebell,43,90
k2shh,43,43
torinone,43,883
bacius,43,671
tsukimaru,43,63
kasanui,43,129
haruhina_purple,43,178
nurami_(shouji),43,140
pompmaker1,43,183
tsurugi_(the_horizon),43,139
8kumagawa_(log),43,112
mauve,43,1154
hiroki_ree,43,280
p_kotarou,43,33
kameyan,43,170
huiqian,43,61
akashiro_yulice,43,46
zlix0n,43,46
258n,43,227
arashiki_mamizu,43,178
yottan,43,117
mania_street,43,37
whoosaku,43,758
pinchuu,43,41
usukawa,43,38
funakura,43,131
shinki_(shinki59),43,91
kuuki_(rakam),43,60
sasa_onigiri,43,350
miru,43,110
shadowgrave,43,127
honehone,43,52
oninuer,43,31
vivi_(dakemakura),43,52
chien_zero,43,164
oro_(zetsubou_girl),43,152
tahnya,43,75
qian_hen,43,48
erkaz,43,422
mitsukichi,43,81
yaoshan_shi,43,69
kirby_d_a,43,204
buta_(uhoiiotoko),43,132
nejikyuu,43,325
horai_sennkyo,43,46
yamaiso,43,63
jason_(kaiten_kussaku_kikou),43,664
betei,43,87
wengwengchim,43,186
itohana,43,290
ohagi,43,38
horibe_hiderou,43,281
kobiemon,43,52
shigure_s,43,196
ghgnvm,43,62
higata_akatsuki,43,104
kannon_ouji,43,174
tokihama_jirou,43,215
hominamia,43,333
notte,43,182
run_sho,43,66
noyuki_(3702),43,67
remora180,43,99
kurokuro,43,355
hissatsukun,43,102
shibainu_niki,43,255
quinny_il,43,46
mazarimon,43,76
otk,43,36
memekko,43,163
ikr_(artist),43,88
namama_(namama82),43,47
yuuno,42,67
gengoroumaru_(ambidextrous),42,369
miyata_sou,42,199
bleedman,42,91
hizakake,42,93
su_reut,42,43
hanabusa_(xztr3448),42,56
iyamato,42,57
shin_maboroshi,42,65
ameya,42,46
ninniku_(ninnniku105),42,194
mochikushi,42,112
kaieda_hiroshi,42,109
hakui_ami,42,300
tajima_ryuushi,42,579
yu-ri_(kurione-sha),42,36
meiho_(takane_081),42,42
misooden,42,176
yuzu_momo,42,639
andrew_(duel_angel),42,107
komi_zumiko,42,581
sushoyushi,42,171
agu,42,37
raccoon_(potesara),42,38
kakumayu,42,226
kumanomi,42,107
kyou_039,42,223
jag_ging,42,80
mimasi_osuwari,42,158
pa_da_wan,42,49
nuko_(mikupantu),42,185
misakichintin,42,51
arnest,42,663
hakuramen,42,52
pepero_(prprlo),42,40
zettai_muri_no_akira,42,43
haruka_(haruka_channel),42,61
usa_b,42,141
harutoshi,42,72
samemanma,42,54
anparu,42,87
pinkwaters,42,78
hukahito,42,135
amo_takumi,42,53
daishippai,42,47
akosan,42,89
pera,42,92
piripun,42,417
oniken,42,58
nayuta-kanata,42,89
morino_bambi,42,244
vellark,42,75
uzura_(moimoi),42,71
mebae,42,239
otsukimi,42,140
rum_raisin_(chihiromakita19),42,284
lan_xiezi,42,84
steeb,42,137
jiji_(aardvark),42,473
yuuzuki_hijiri,42,165
aaaa_(gumi_niku),42,38
spirytus_tarou,42,315
aka_syakkou,42,39
taishi_(picchiridou),42,568
suzugahama,42,134
tomako_(tatihitoe),42,40
eric_(tianqijiang),42,187
yamasan,42,418
tooboshoo,41,121
3mm,41,37
vertigris,41,298
guglielmo,41,48
ichino_(ichinon),41,40
yangsion,41,185
yellowpaint.,41,231
deetamu,41,494
moonsorrow,41,99
muneshiro_(hitsuji_kikaku),41,165
amashun,41,54
garoudo_(kadouhan'i),41,202
ni_tamago_sando,41,42
dango_ya,41,35
waira,41,169
coffee_cat,41,206
nishiumi_yuuta,41,190
takanae_kyourin,41,149
ganzu,41,33
yki,41,92
shirayuiii,41,119
caleana,41,52
hisen_kaede,41,536
mitsukuni,41,75
nadayui,41,64
yosaku_(roach),41,153
zutta,41,77
saemon_(tonpura),41,279
k_hyeonee,41,61
orz_(kagewaka),41,209
bell_orgel,41,114
ryao,41,58
gyudan_(t1k_7),41,41
hikuchi_riku,41,34
maybe,41,39
hitsujibane_shinobu,41,124
yuumin,41,127
blackheart,41,63
maruke,41,34
kanogawa_hiro,41,43
marotoskin,41,40
kurumi_moka,41,74
mini_koala,41,80
ffyak,41,40
kosuke_haruhito,41,141
oonaka_ito,41,142
azuuart,41,47
yamamiya_hiroshi,41,91
eka_kinoko,41,45
sakiryo_kanna,41,403
akitokage,41,443
nagiha_kuten,41,128
kurisu_ams,41,45
mel_(melty_pot),41,780
ogs_(orgasm88),41,97
s-goon,41,85
u_(the_unko),41,254
kaede_(mmkeyy),41,314
magowasabi,41,424
yunkaiming,41,108
saber_01,41,99
mchiefy,41,50
saeki_nao,41,155
natsumiya_yuzu,41,190
lingerie_(aki3240),41,97
kesha,41,53
tokyo_(great_akuta),41,501
saida_kazuaki,41,54
ryuko_azuma,41,48
powerlesssong,41,320
yukinoshiro,41,139
gyo,41,92
ajidot,41,101
hadashi_no_kenji,41,194
yomoda_yomo,41,35
moroheiya_(moroheiya-works),41,81
ameno_shigure,41,123
kurone,41,62
eeeeeiti_aka,41,34
botan_mochito,41,53
aak,41,243
super_hellrat,41,58
madhatter_hello,41,113
shiranagi,41,309
oosaka_kanagawa,41,417
kitsune23star,41,92
goriyaku,41,119
cawfield,41,44
siosiosolty,41,43
sapporo_momoko,41,32
tabayashi,41,151
hetano_yokoduki,41,63
boppin,41,213
momi,41,83
stir255,41,48
kotsu,40,130
furaido,40,62
funikurikurara,40,121
vanquice,40,43
katsuma_rei,40,78
takagi_seiniku,40,64
zetsuriinu_(kairyougata),40,69
tenzeru,40,146
etsem,40,51
shikato_miyo,40,68
karaage_karara,40,41
tokunaga_(umemoto),40,93
are_(arearee),40,58
yayuyoyayuyo,40,94
shamonabe,40,278
bilibala,40,32
sasaki_masakatsu,40,49
ultra_(511455329),40,110
dongyue_sakura,40,63
befu,40,110
katoributa_a,40,83
serelith,40,50
kuroneko_pantsu,40,43
miko_(royal_milk),40,492
shiwasu_horio,40,445
mannen_junyuuki,40,31
nowheresoul,40,32
rarigo,40,69
kushinaka,40,101
hell_angel,40,50
cokuto1,40,59
kiriyama,40,136
marrontorisu,40,73
araki_jeccy,40,74
umakuchi_shouyu,40,397
yudepii,40,491
masa_masa,40,412
bai_lao_shu,40,1116
monety,40,829
ho2nium,40,48
cozyu,40,105
tsukunendo,40,51
touge_hiro,40,117
anti_(0324),40,364
sirachi,40,200
gamerag,40,122
hayasaka_(a865675167774),40,71
dorontabi,40,399
memeo_(candy_house),40,72
ryu_seung,40,95
oyatsu_(mk2),40,356
ambasa,40,55
chamame,40,99
melisaongmiqin,40,87
yuno_(mioalice),40,69
kabocha_head,40,125
sakura_ab,40,109
ai_gon_deroga,40,84
zyunsei777,40,40
kouzuki_hajime,40,222
kgo,40,49
qkat_(arikawa-dou),40,317
soubee1,40,48
dreaming_oor,40,61
yukiguni_yuu,40,220
yasaka_minato,40,222
mute_(mute89539160),40,68
k.t.cube,40,127
b.sa_(bbbs),40,52
uron-rei,40,92
soumendaze,40,94
yashiro_ryo,40,37
vibncent,40,64
bilibili_xiaolu,40,175
fujii_masahiro,40,308
koyorin,40,891
i_am_homeko,40,69
huaca,40,41
erupusai2,40,39
jack_rockhardt,40,38
betabeet,40,217
franham,40,100
turbulence,40,164
ashita_(2010),40,299
yamaiwa_shuuhai,40,103
catsmoon,40,240
shirota_dai,40,73
gmgt_(gggggg3),40,153
hagunontada,40,32
chaou,40,49
otone,40,66
polpol,40,137
wiaxixia,40,34
tunoko98,40,43
fasorasi,40,49
kuro_hopper,40,104
wulazula,40,177
nixeu,40,181
cofepig,40,152
mita_kurumi,40,62
lanse_dai_mao,40,66
norunollu,40,73
wanimaru,40,305
bee_doushi,40,198
chinchongcha,40,254
shunkaku,40,37
kokorono_arika,40,110
tonpuu,40,526
tomoeri,40,143
kinomiki_nobori,40,221
kichihachi,40,933
suwa763,40,59
wonawo,40,65
illusionk,40,124
calm_mashiro,40,143
nagasawa_shin,40,224
rekka,40,118
mool_yueguang,40,182
netarou,40,126
yukirin_(nagatoyuki_ibukifuko),40,57
nonneim,40,34
liangzi_tai_hongcha,39,54
pick'k,39,44
ddal,39,309
nonbire,39,246
altronage,39,182
kanola_u,39,335
ishi_no_shita,39,32
yukibi_(ykb),39,55
purplevortex,39,43
kamisuki,39,109
vanta-black,39,57
qi_yuan_zhi_yu,39,58
yokoyama_naoki,39,174
qosic,39,401
cypher_05,39,41
kkam-sang,39,67
marupuni,39,33
abemorioka,39,32
kyokutou_hentai_samurai,39,249
sasaoka_gungu,39,238
size_hermitage,39,67
fukiko_(can_of_miso),39,33
kito_(coyo),39,85
7saki,39,409
katsushika_pachi,39,183
w.q.y,39,58
wadani_hitonori,39,204
asai_makoto,39,45
hamahama,39,172
muk_(monsieur),39,510
otter_kawauso,39,54
kurosteel_ds,39,47
yusan,39,76
tina_(pixiv37050289),39,74
salpin,39,281
ikeda_yamada,39,33
gizensha,39,94
tempuru,39,39
kaze_fukeba_nanashi,39,62
ozaki_mirai,39,67
pumpkinpan,39,276
nm_(tshell2761),39,77
maruwa_tarou,39,148
duoj_ji,39,165
toranpuman,39,47
harada_(basashi),39,224
inoue_kiyoshirou,39,89
ga015,39,62
chigusa_minori,39,958
nyahu_(nyahu_77),39,167
kakudai_(hujikolp),39,146
gollizo,39,38
chomoran,39,331
makoto_osamu,39,47
wallace_pires,39,127
roshin,39,130
irodori_(irotoridori),39,103
kurohiko,39,55
syuya,39,40
nagoooon_114,39,136
miwabe_sakura,39,493
nimuno_(munimuni),39,57
momoman_(pink_voltage),39,52
nagana_sayui,39,236
kafuu_kaya,39,49
nadir,39,55
vanripper,39,292
shigure_ryuunosuke,39,427
cosmic_(crownclowncosmic),39,318
wizwu,39,37
homex,39,72
ox_(baallore),39,137
arisakak_(valshun1225),39,92
maru.selinn,39,57
omaru_gyuunyuu,39,596
toru_k,39,124
ichihaya,39,574
mimofu_(fullhighkick),39,400
act_(xadachit),39,138
denkitori,39,66
cyka,39,114
shiden_(sashimi_no_wife),39,323
fengling_(furin-jp),39,288
sape_(saperon_black),39,193
taku_(user_nxgk7748),38,42
microspace,38,103
pan-ooh,38,78
koiarts,38,33
nagiyamasugi,38,34
don_(29219),38,290
yomotsuki_road,38,117
hekirake,38,56
orihi_chihiro,38,186
ariaridoradora,38,105
ignite_(artist),38,94
matsunaga_garana,38,122
cisyo,38,198
dama,38,56
adricarra,38,59
liclac,38,142
madana_(xesa7885),38,193
matatabi_(2ccp),38,419
itatatata,38,321
mikazukisou,38,33
sky_wbo,38,78
komii,38,78
furansiumu,38,67
ibuki_pon,38,189
yagi_(joe731842),38,36
shirou,38,52
akizuki_shigure,38,265
squidsmith,38,96
rong_rong,38,42
tsukumo_kazuita,38,36
faicha,38,150
agachi_(shunya12300724),38,52
icwine,38,116
ooshio7734,38,76
tomatojam,38,72
agemmata,38,106
pnoji,38,79
ninozen,38,59
mr_tangsuyuk,38,82
big_mouse,38,37
zhao_190,38,40
michihasu,38,318
preview_(preview0),38,98
clash_kuro_neko,38,70
sugaishi,38,161
keta_(psychetangle),38,43
amanagi_seiji,38,144
nekomugiharu,38,208
torisanff14,38,50
majin_(marcia),38,97
gwan-e,38,38
yashima_takahiro,38,73
karinto_yamada,38,202
naop_(anything),38,141
shironeko_haru,38,197
taka-kun,38,144
ayatori_(aytr),38,151
lamsass,38,50
kuranosuke,38,182
sanazura_hiroyuki,38,148
kanemaki_thomas,38,210
gyouza_teishoku,38,102
mitsu_(tendou_itsuki),38,109
unko_man,38,58
hakutocake,38,127
migumigu,38,114
shinalpha,38,42
naoki_(endofcentury102),38,132
mek,38,45
ueda_ryou,38,395
tezunuri,38,63
maku_ro,38,248
kyoku_tou,38,129
nanaka_mai,38,171
campbell_gichou,38,88
yus,38,41
naitou_kouse,38,317
vakaosciosa,38,73
sg_(satoumogumogu),38,120
jovejun,38,212
shenqi_(toid310),38,151
a_lone_prayer,38,53
t.k.o,38,33
amearare,38,119
dorachan_r,38,71
aoi_kumiko,38,585
harimoji,38,586
vyragami,38,276
rikuhito_juusan,38,37
momiji_mao,38,739
chinetsu15,38,37
yellow_quokka,38,130
mont_blanc_(heartcatch_ayaya),38,110
manno_(kanpi2100),38,101
special_tan,38,34
momo-deary,38,52
tomoshiki,38,67
tarowo,38,61
xion_(pulilulu),38,54
ten_piboshi,37,76
sonobe_kazuaki,37,90
konishiki_(52siki),37,57
egk513,37,176
zambiie,37,114
horikoshi_kouhei,37,233
matsukawa_(pale_scarlet),37,150
4uu_(radicalmp_head),37,60
kujou_danbo,37,350
kitou_sakeru,37,139
lilim,37,32
kumanosita,37,40
aono_yami,37,42
doldol_(rkwowlqrp),37,134
iltusa,37,144
gorgonzola_(paradisegom),37,123
katatsuka_kouji,37,305
ze_(wzfnn001),37,100
raimu_(yuzu-raimu),37,33
kagami_moch,37,36
koizumi_hitsuji,37,85
wadapen,37,143
yuhica,37,54
mituyota_76,37,40
uccow,37,1202
supobi,37,112
michou,37,98
liliiliillj,37,55
tanaka_ryou,37,635
isa_(ni-iro),37,94
santa_(sunflower),37,231
valkyrie-zero,37,31
abbystea,37,377
suzuki_sakura,37,74
shin'ya_(330696),37,47
kiyomin,37,359
dootmoon,37,84
shu-mai,37,423
manatu_kato,37,83
darren_geers,37,69
daito,37,345
nai_(cnoadi8),37,41
reri,37,189
nekozombie,37,49
baozishark,37,166
bunbun,37,578
onkn_sxkn,37,55
cutiendirty,37,32
kuroshiro_no_tsubasa,37,51
tomoyuki_hino,37,134
rourouki,37,72
mitsumomo_mamu,37,536
potti-p,37,74
mitarashi_o,37,32
illu_(illu_stratos),37,119
katsura_ken'ichirou,37,93
erory6_(ro),37,84
habara_meguru,37,126
4040_(abonriya),37,111
sesield,37,416
oxykoma,37,40
saejin_oh,37,148
miura_kentarou,37,48
kuro_oolong,37,237
shimouki_izui,37,483
note2000,37,189
tsukinami_kousuke,37,334
baron_(nsbaron),37,133
ise_corridor,37,35
tappa_(esperanza),37,461
pukao,37,59
annidrw,37,74
tanaka_yuuichi,37,153
hokkyoku_hotaru,37,62
arima_natsubon,37,42
seshiro_(which501),37,35
chiku_(gesu),37,49
usume_shirou,37,301
tsukinon,37,66
buchou_chinke,37,39
manzi,37,34
3e,37,77
torso_(hjk098),37,112
akiyama_kenta,37,64
hige_(hige2),37,54
pokke_(pokke-chan),37,47
xia_wanzi,37,35
penguin_uwu,37,49
houtani_yukitoshi,37,52
hiyashi_mirano,37,104
haun_(exodinary),37,41
otomo-san,37,47
wa_ga_ne,37,46
rk_(cc15915r),37,62
ryuki_(ryukisukune),37,571
aa-rance,37,100
bon_(moegomi),37,70
umashio,37,88
matcha_(mattyan),36,143
nefrubi,36,66
asakai_mocchinu,36,45
noise_(tsuzuki),36,211
nonohachi,36,263
tog_(shoten),36,88
shimofuri,36,78
shinonome_mozuku,36,75
bokuno,36,45
wakamepiza,36,132
ying_yi,36,143
matsuda_yuusuke,36,504
mitsuru_(madeinore),36,86
vincent_leo,36,32
takekawa_shin,36,32
norakura_(nr_kura),36,188
tunamayo_(dsasd751),36,206
kirieppa,36,139
foley_anden,36,40
kokechan,36,110
gakki_(gaku_suru),36,62
fuyuwa_kotatsu,36,96
kuromori_(1010845110),36,33
hanarito,36,274
shiwo,36,185
lanthan,36,71
sunday_se7en,36,78
asura_(asurauser),36,257
kawarage,36,70
danshaku,36,102
c.rabbit,36,98
acxg,36,40
hilimuc,36,80
tsujigiri,36,76
mamiyama,36,276
teoshiguruma,36,161
700hash,36,39
wat_(worldlog),36,85
aopoke,36,36
omocat,36,113
zhi_jiyang,36,62
himeshaga,36,89
tororo_ten,36,234
katsuto,36,49
vamjulian,36,70
dongye1551,36,78
shisshou_senkoku,36,141
gen_uma_mai,36,90
piyosuke_tmg,36,72
tiri_man,36,103
kimura_neito,36,104
ichihachiyon,36,114
carcass_(artist),36,101
dokonjou_(odossan),36,88
kohshibasaki,36,142
onsoku_inu,36,776
kong_lang_(skywave),36,68
hasumi_(hasubatake39),36,182
kyariko,36,55
kakiko210,36,302
mhru,36,101
kurosawa_karura,36,58
jonathan_h,36,64
borushichi,36,194
yanagi_yuu,36,256
nightstar0012,36,41
rei_kazami,36,63
bugita,36,83
mutsuno_hekisa,36,115
mepikari,36,172
rakuma_kanori,36,58
yukiguni_eringi,36,35
carinae,36,55
zjl_baiqishi,36,72
nahaki,35,684
ririfu,35,60
korandamu,35,81
kamiya_ogawa,35,39
ikuchan_kaoru,35,1212
bakusai,35,169
sakuraniku_umatarou,35,59
unarsite,35,37
neongun,35,65
apj,35,40
momo_no_kanzume,35,144
maki_aida_factor,35,63
a.l.l.,35,52
fujiyama,35,100
kisamu_(ksmz),35,230
shiromochi_sakura,35,135
hawthorn,35,70
yutaka_(yutakadeath),35,65
boyaking,35,316
yuj_(moemarket),35,114
kurimochi_chizuru,35,109
duzimura,35,44
geistbox,35,46
1641_(chfhrtor94),35,65
teruchan,35,102
chinpan,35,74
hidekichi_(09075470338),35,33
mizukamakiri,35,54
xpisigma,35,37
eto_(ikumika),35,973
scharfschutze,35,146
nc731,35,171
zandorosouls,35,37
kazuharu_kina,35,410
gongba_laoge,35,173
towale,35,42
mori_(pepekataokapepe),35,32
goki_buri,35,182
hiraga_daidai,35,81
youngjijii,35,61
huaronanago,35,59
nanatsu_fuji,35,36
asada_okina,35,43
soumakyo,35,77
nashiki_(5tella),35,53
ezakishii,35,44
t-lex,35,41
amenosorashido,35,36
hinata_(user_rjkt4745),35,243
mairudo_(mildcoffee1117),35,82
teri_terio,35,130
ryudraw,35,134
1921494015,35,82
hyouta_(yoneya),35,181
isosceles_triangle_(xyzxyzxyz),35,124
watanon_(gakushokutei),35,558
nakajima_konta,35,236
yozo_(stanky),35,97
seiru_(prairie),35,734
hero_(do-belman),35,87
matsukura_nemu,35,193
ouchi_kaeru,35,60
olesyaspitz,35,51
akire_(akireru_shoujo),35,47
everchix,35,42
shinkai_toro,35,44
chochomi,35,94
beluga_dolphin,35,60
fukuinu,35,78
nya-c,35,53
ontake2009,35,55
hareta,35,150
raplus,35,72
yoshiwo_(kanikama),35,129
irori_(irorixc),35,85
soine,35,100
iwashi_dorobou_-r-,35,783
aki663,35,298
misheng_liu_yin,35,47
hijiri_rei,35,510
yozu_(yozu0420),35,81
fuyuichi_monme,35,91
angelchama,35,55
kagemi,35,42
hongshi_(13234456009),35,94
seset,35,32
kitazawa_(embers),35,161
nana_(manaita_koumuten),35,109
sakurasawa_yukino,35,118
elvandec,35,63
chiru,35,41
natsu_no_koucha,35,397
yaekaidou,35,185
jasmin_darnell,35,64
kuroame_(kurinohana),35,134
mikoshi_matsuri,35,34
ikurumi_kaoru,35,33
etokakaitari,35,40
templus,35,152
sneakveek,35,55
sakusakusakurai,35,135
f.w.zholic,35,139
shiwashiwa_no_kinchakubukuru,35,65
deto,35,178
mou_tama_maru,35,185
doinaka,35,55
shou_ienaga,35,42
sasagawa_satarou,35,40
cyoppu,35,88
marui_maru,35,52
kansuke_(kansuke_717),35,73
itano_chiharu,35,65
adultonly,35,56
pekopokox,35,212
unfortunate_hero,34,57
shiiki_(love-saber),34,119
jin_(sirius-j),34,122
kaishaku,34,119
kay-i,34,134
budesonide,34,85
najimi_shin,34,206
d-ten,34,90
an-telin,34,118
ikujitto,34,79
motono_(sakamotono),34,159
egooo,34,127
saogokushi,34,46
bon,34,55
cube85,34,297
amakuri3000,34,36
mikoscrub,34,80
kanzakietc,34,644
erimiko,34,37
nishitsuki_tsutomu,34,68
gokubuto_mayuge,34,145
sakaki_(noi-gren),34,327
minazuki_minao,34,60
becky-4545,34,64
sak1023,34,46
yukimi_papino,34,41
mocomoco_party,34,94
tetsu_(kimuchi),34,835
knatb,34,71
cete_(controllingtime),34,56
tekehiro,34,416
viq,34,37
eko,34,349
fuhikari,34,42
airseal,34,163
ever_(nann2013),34,49
hinata_momo,34,257
mojarin_(kihara_mojarin),34,264
senji_(tegone_spike),34,353
nehani_(tworship),34,47
owasaki,34,160
yude,34,296
yunioshi,34,178
arthur_ko,34,411
houmitsu,34,175
amasa_mitsunaru,34,118
maeshima_shigeki,34,380
metaring,34,60
moeanime,34,206
samidare_(hoshi),34,272
cheerio,34,38
morishima_kon,34,48
33dot,34,38
yujieai,34,37
shou_illust,34,31
limeblock,34,136
shimo_(shimo332215),34,86
hatsu_(hatsumiilkshake),34,52
guraedo-chungchoon,34,42
tsuzuri_(itosousou),34,82
lilac_(k32420276),34,84
okura-chan_(at_nya5),34,205
ero_kaeru,34,284
kamin,34,58
magaeshi,34,113
fumizuki_homura,34,78
bzs_(kage_no_shinobu),34,77
habu_rin,34,157
sakamoto_ahiru,34,40
moo_yoshio,34,104
suzume_b,34,34
dragon_(dakemakura),34,48
mika_miche,34,109
m-a-v-e-r-i-c-k,34,54
purin_jiisan,34,339
dragonmaterial,34,153
lunalu9,34,50
harukaze_soyogu,34,35
chonmage_daikon,34,33
tk8d32,34,1395
gurumie,34,38
xerbatt,34,145
enporion,34,62
okamen,34,39
niu_ju_(orange_bull),34,63
yueqin_(monnpiano),34,82
mori_shin_risuku,34,79
jorori,34,111
yukizuki_chikuba,34,240
hounyouin,34,73
pizza_man,34,118
sakura_koharu,34,172
sano_sho,34,62
buff_bard,34,52
mengxin_huazha,34,106
riftgarret,34,127
niwaka_potato,34,115
cnm,34,290
kyonin_dofu,34,37
yonyon_(yotayota_honpo),34,33
eightman,34,100
choir_(artist),34,72
cross_neko,34,45
amakara_surume,34,134
lilshironeko,34,40
danna_(karatekikku),34,181
eunos,34,281
senpaihawkkun,34,63
ryuuji_teitoku,34,116
sawa_(snack_yoshie),34,159
shiina_excel,34,465
hinasaki_you,34,225
saw272,34,44
m4rjinn,34,46
enoki_p,34,116
syou_(crecre),34,47
cl_(h-sys.),34,93
abo_(hechouchou),34,454
hetza_(hellshock),34,824
natsuki_marina,34,211
kyle_(kysizzle),34,110
suisen_toire_(moko924),34,117
rathalosx4,34,72
kannatsuki_noboru,34,403
joman,34,314
morino_shoutarou,34,131
yano_mitsuki_(nanairo),33,535
uzuratani_(uzu),33,32
miyai_sen,33,351
rikui_(rella2930),33,142
gakei3,33,57
yamasafu,33,40
an_yasuri,33,344
ikezaki_misa,33,158
fins_(pixiv29142276),33,40
yonkuron,33,57
muchin_jousha,33,95
10mk,33,64
siki2046,33,67
cream_(nipakupa),33,584
uro,33,263
drill_(emilio),33,114
neko_(pixiv28238559),33,34
muck_(artist),33,43
andou_hiroyuki,33,63
haruya_(lajoon),33,70
dakusuta,33,274
antaria,33,150
jilu,33,450
hyoshiki,33,50
icelernd,33,59
hyakuhachi_(over3),33,339
naoto_(yandereheaven),33,130
arami_o_8,33,69
ura_tomomi,33,187
hiroyuki_koto,33,39
kinocopro,33,356
heiyz,33,46
eijitsu,33,37
saikawa_yusa,33,391
sakamuke,33,168
hatomugi_(mugicha),33,84
niyasuke_(yama),33,48
sagano_yuuji,33,64
ochinsama,33,371
urutsu_sahari,33,358
aco_(koaya_ako),33,124
coffee-break,33,114
green322,33,333
jujunaught,33,116
shoutaro_saito,33,70
zelus,33,45
3u,33,139
santa_matsuri,33,281
kulolin,33,126
davecavedraws,33,37
krystopher_decker,33,110
shinonomemayoyo,33,69
momi_yuro,33,39
rumo,33,163
orange_(meitoku),33,85
mashiro_yukiya,33,835
oku_(okumen),33,160
nekotewi,33,147
tony_taka,33,3075
miyano_ururu,33,152
kyuukon_(qkonsan),33,171
whistle_frog,33,227
septet_(zrca_janne),33,155
ichijou_hitoshi,33,128
takami_masahiro,33,299
runa7,33,71
asa_(xametaler),33,56
takamichis211,33,88
toshi_(anime_coloring),33,72
yuuk33,33,58
ayanero_taicho,33,400
iwanishi,33,57
kagi_(dicedkey),33,40
sakurai_energy,33,311
mitsugu,33,359
tanaka_shoutarou,33,386
karasusou_nano,33,413
nami_qi,33,78
haruki_reimari,33,153
yoosai,33,191
denkichi,33,41
spider_apple,33,275
gan_balance,33,65
reimei_(r758120518),33,215
jfjf,33,102
oshiruko_(tsume),33,242
bouto_(paranoia),33,38
satsuyo,33,133
iwashi_gimu,33,41
kawosu_shikou,33,47
veca,33,46
bingsardina,33,69
huyusilver,33,150
nyome991,33,93
saint_uvuv,33,31
beruko14,33,138
gloss,33,130
yaso_shigeru,33,269
yoru_aruki,33,100
wei_(promise_0820),33,124
chuuou_higashiguchi,33,88
ashita_yaru,33,145
makoushi,33,84
kimidake,33,211
uguisu_kagura,33,106
chadolbaegi,33,108
amano_ameno,33,76
sawasa,33,97
tamago_(eva1314056),33,194
nev_(nevblindarts),33,230
donnaoneone,33,36
pon_(shind_997),33,162
shirakaba,33,94
sauvignon,33,182
amasa-hikae,33,66
asagiri_ai,33,73
sawano_akira,33,64
yani_tama,33,70
june_(ne_z_asa),33,46
kihou_no_gotoku_dmc,33,246
abiko_zyozi,33,79
navy_(navy.blue),33,434
okuma707,33,90
oyu_udon,33,332
itou_nanami,33,244
picter,33,241
pastepiphany,33,42
kawai_fuguri,33,32
leaf_lsd,33,60
radjeong,33,65
mi_nomi_ni,33,48
grune,33,159
shiro_oolong-cha,32,53
suwaiya,32,75
duto,32,109
conto,32,152
takamura_kazuhiro,32,237
shiki_takuto,32,57
ryou_(ryoutarou),32,61
junajuice,32,117
minarai_tenna,32,169
kougi_hiroshi,32,240
comma,32,34
ankoku_emu_shougun,32,217
asa_no_ha_(awayuki),32,460
maron_(kagamikunn),32,109
kmbk0209,32,61
robert_knight,32,95
miyane_aki_(radical_dash),32,61
zatou,32,57
hainchu,32,291
koubou_(cowbow_kun),32,150
ameiarts,32,88
azumi_(myameco),32,516
minma,32,40
lunch_(shin_new),32,320
formerly,32,44
kurorettsu,32,92
sunfight0201,32,121
sakura_misaki_(sakura_densetsu),32,51
yutian_alice,32,129
satou_rin_(gobugabuge),32,169
musunde_hiraite_(mh5jta),32,62
icoo,32,41
hitch_(perotoss),32,70
takamu,32,46
nanamiya_natsumi,32,53
sawayuzu,32,35
maki_(letusgomaki),32,106
fuwa_uneuchi,32,36
anakoluth,32,72
nas-o,32,59
asortofcolorfag,32,76
ponchi,32,44
suiren_(mystia6b),32,80
kyo_(kuroichigo),32,537
ootori_subaru,32,137
yamino_kenji,32,83
fino_ko,32,47
star-kiss,32,45
senbon_tsuki,32,162
mikicat,32,125
cang_se_ye_hua,32,122
erikku_(kata235),32,72
nekoume,32,577
hayanye,32,102
inari_jin,32,35
okumori_boy,32,77
kinbakuman,32,222
tiamat_(momokuri_mannen),32,113
michael.r,32,46
makirin,32,119
takeda_kanryuusai,32,139
nukosann,32,79
abi_(abimel10),32,136
eiwa,32,469
shinomu_(cinomoon),32,381
edchi,32,39
macaroni_hourensou,32,192
amego,32,33
monmonism,32,59
niizuka_(c-drop),32,129
nodj,32,38
bluekalmia,32,115
siseru_samurai,32,68
6suan,32,43
kureha_mitsushige,32,323
hsin,32,307
shirasaki_aloe,32,48
baige0,32,86
aoi_hiro,32,147
zatu,32,46
kousaki_rui,32,537
yu_yu,32,479
buriki,32,480
damobelmont,32,122
yuemanhuaikong,32,202
kanjy00u,32,296
mizuki_hitoshi,32,4289
mario_(mario_portal),32,143
gin_(ginshari),32,334
okazaki_takeshi,32,145
tyamame589,32,39
apita_(apitaro),32,57
loliconder,32,447
yuunagi_seshina,32,75
yukinimaru,32,51
yilan_un,32,63
matamataro,32,78
tomokichi,32,506
pisipisi,32,36
baby_bao,32,69
alfa_(alpharig),32,39
pink_mousse,32,113
kinokomushi,32,238
enoko_(zqfebi),32,72
jagayamatarawo,32,69
neshia_(tsaqif0309),32,142
wowoguni,32,143
roro_(sghona10),32,67
lugosi_ela,32,77
takoneru,32,197
isaki_(shimesaba),32,55
shimesaba_kohada,32,113
kannazuki_genshi,32,127
yu_3,32,187
udon_entertainment,32,271
mil_k_vanilla,32,94
teruteru12,32,51
haraya_manawari,31,250
nito_(siccarol),31,102
mutou_mame,31,135
t.r,31,63
anzu0130,31,81
senrireiri,31,44
zombiemiso,31,80
oyabun_(higashi),31,108
dunceneygak,31,75
shikube,31,66
e20,31,778
yuriko2755,31,59
yami_anko,31,91
saitou_teikoku,31,103
katou_shinobu,31,310
kagami_yuu,31,43
takei_ooki,31,162
rimuu,31,340
nababa,31,376
n2ewu,31,51
spiffydc,31,54
rome_romedo,31,170
eitarou_(kaminari_neko),31,57
kawajuu,31,95
kandata_nijou,31,130
himeliofon,31,115
majoccoid,31,398
pelican_(s030),31,101
shirota_mizuki,31,67
jairou,31,312
mamo_williams,31,270
ompf,31,172
shindol,31,138
mikepon_(ota_office),31,45
mikemono_yuu,31,84
horikwawataru,31,130
kuaru_(okamokomon),31,49
hyakumangoku_masurao,31,201
shian_(my_lonly_life.),31,298
sugita_ranpaku,31,72
makita_(twosidegekilove),31,117
purunyara,31,187
raven_(artist),31,38
tsubasaki,31,120
basukechi,31,119
snowcie,31,167
ikada_kai,31,132
xiaoxi0619,31,474
awa_yume,31,234
masaoka_misaki,31,98
babu,31,162
gununu_(pixiv),31,32
yenkoes,31,103
ao_(aocooler),31,61
kesuida,31,159
mio_(fastest_lap),31,44
inu_(marukome),31,277
maccha,31,339
jam_(nandade),31,242
ransusan,31,521
yoyokkun,31,168
yeti_(mu_kaiten),31,58
ooshima_aki,31,52
kobi420,31,94
ooba_kagerou,31,96
osu_(osumankokuou),31,77
tonomiya68,31,166
tsukinowa_kumatarou,31,64
minazuki_tsuyuha,31,255
hanenosaki,31,98
narukami_ginryuu,31,92
nmkranker,31,36
janjan_umatarou,31,37
czva,31,35
yada_ei,31,105
niii_(memstapak),31,159
kim_kwang_hyun,31,133
lira,31,81
amayakan,31,34
kamita,31,83
masayoshi_togashi_(alu379),31,103
treetree233,31,45
suruga_kreuz,31,230
unosuke,31,37
darkside,31,240
karina,31,48
ltstry,31,62
yoru0409,31,81
5tb,31,82
my_eight,31,66
nilitsu,31,473
sarukana,31,44
kodai_heiki,31,37
bifidus,31,411
mak,31,45
lsc5,31,47
marimo_danshaku,31,432
itou_ikuko,31,98
sebakanken,31,56
matilda_fiship,31,602
shichouson,31,139
chikuwabuta,31,49
sikorsky,31,164
reia,31,206
kuro_nezumi_inu,31,102
gmot,31,143
kurasawa_moko,31,214
11kkr,31,123
kukkumann,30,84
towanemuru,30,41
kagami_toufu,30,140
nakajima_atsuko,30,187
jacky_(aerial_rave),30,51
karosu_maker,30,67
darkside_ochinpo_burst,30,37
yuunagi_(0217),30,165
maumen,30,74
habutae_kyusetsu,30,40
accio,30,428
gloamy,30,88
pururun_z,30,84
nakaba,30,48
maqin,30,95
kemu,30,50
archvermin,30,125
joko_jmc,30,152
shibuya_(kurokamishain),30,131
raru_(nanaharararu),30,160
pas_(paxiti),30,951
wonnikon,30,70
sekihan,30,205
byte_(allbyte),30,315
arkuny,30,36
pingo,30,123
e-kichi,30,52
parmiria,30,89
neconotaki,30,34
raimu_(clanberry000),30,33
yawdeone,30,43
dopamine70,30,182
oxenia,30,43
kieyza,30,287
momoiro_lettuce,30,193
mitsukazu_(nijigen_complex),30,111
fue_(rhomphair),30,309
hisakawa_riho,30,128
sasai_saji,30,394
tono_munekage,30,44
vivo_(vivo_sun_0222),30,232
mikoma_sanagi,30,178
uechin_ewokaku,30,144
leonardo_16sei,30,117
kyanpero,30,44
tenyoshi_(briansept),30,96
nappii_(nappy_happy),30,48
sabi_(sabilder),30,35
marisayaka,30,137
gengorou,30,483
yaman,30,411
rikiddo_(tise_00),30,205
amakawa_akito,30,66
maru_ccy,30,209
riria_(liry_a_flower),30,77
akishima_kei,30,289
choyeon,30,238
kobayashi_hiyoko,30,145
imacchi,30,63
inori_(xyz5568),30,90
nigane,30,46
ishikawa_hideki,30,180
miso_tanuki,30,74
decarabi,30,35
tonbidou,30,63
chrisandita,30,220
michinoku_(michino934),30,52
deroo,30,63
ippo,30,103
kirishima_goro_(55541),30,36
mahimaru,30,41
nero_augustus,30,192
mitora5,30,41
sonaworld,30,90
konigstigerchan,30,33
honda_tamanosuke,30,191
daisukebear,30,159
tsubaki_(tsubakiyasan),30,65
knightfang,30,37
raijuu_(bakanara),30,169
johan_(johan13),30,310
tenjou_ryuka,30,340
shujin,30,48
lee-taro,30,97
kage_yuu,30,115
mr.canaryy,30,39
fukuroumori,30,296
noir_(4chan),30,64
cliov,30,64
azuma_yuki,30,460
masiro,30,34
zee_(zee_sub),30,44
aonaga_heri,30,233
mahiro_takeumi,30,55
karoine,30,67
yoshiheihe,30,230
blueberry_(5959),30,337
luft7star,30,54
ozawa_reido,30,72
muutsuki,30,72
gomi_(hakumaiteacher),30,45
anarchojs,30,95
ytoy,30,112
sakuma_shiki,30,51
kanesada_keishi,30,89
arayama_reiichi,30,74
nephthys2356,30,141
wweed,30,77
someoka_yusura,30,31
mush,30,47
cocoa_(cafe-hotcocoa),30,129
dokimaru,30,74
shino_(pixia),30,45
nakadori_(movgnsk),30,339
yusha_m,30,369
qinshi-ji,30,125
kashiwagi_yamine,30,111
yuzukiaz,30,40
bonkiru,30,125
shimashima-ace,30,32
ako_suke,30,75
kearful,30,65
kotodekun,30,51
mihoto_kouji,30,58
coupe50,30,104
nishi_(count2.4),30,146
miyotarou,30,40
w_(w64851564),30,51
minarai_shachou,30,222
harusame-r,30,78
tsuina,30,172
disuto,30,83
utu,30,86
takatsuki_p,30,140
jun'you_maru,30,66
taira_kosaka,30,46
hayasaka,30,36
otimusyairoha,30,80
osterei,30,209
snorkel14,30,38
amlichan,30,149
kamikili,30,41
undershaft,29,49
aiharararara,29,44
psidubs,29,70
omedemidori,29,44
nakiusagi,29,176
hakkai,29,258
wow_(cor369),29,56
mm_(mhm2592),29,38
rainmaker,29,81
otemoto_(baaaaloooo),29,170
mitaka,29,92
sob_(submar1089),29,201
oteruko_(wanabeee),29,185
clickdraws,29,77
wori,29,85
torii_yoshitsuna,29,131
yayoi_maka,29,453
zer0.zer0,29,64
iranon_(new_iranon),29,124
majunjuu,29,120
pdxen,29,141
bou,29,207
aitanikofu,29,67
puuakachan,29,383
elina_kuroe_no_daarin,29,149
can_zhu,29,70
xiawenjie,29,40
uso_ashio,29,36
mokkosu.,29,43
yaa-kun,29,91
hazumi_rio,29,65
hoyhoy_colo,29,40
hinoue_itaru,29,303
shibasaki_shouji,29,946
r-paka,29,53
akanako,29,47
yinori,29,56
satou_samu,29,152
non_(z-art),29,958
miitoban,29,127
sumemako,29,44
re:ia,29,51
karasu_h,29,49
dracul,29,34
kobapyon,29,43
code2_ip,29,34
usagi_niku,29,34
zephid,29,248
haruno_(kuromitugozen),29,70
tententensan,29,46
same_no_fukahire,29,75
d-tomoyo_(thekingkas),29,34
tomohiro_(duo),29,62
popopo,29,31
mashima_shima,29,367
tenpanco,29,78
lessone,29,70
chiroshiron,29,284
temutemutemu,29,63
anouetto,29,97
shiguko,29,70
rara419,29,32
satou_takumi,29,92
saboten_teishoku,29,189
toranoo,29,58
duchessofarmeria,29,32
oden_(th-inaba),29,154
yukiunag1,29,209
koizumi_arata,29,96
mozuya_murasaki,29,120
youshu_ohepe,29,134
puyocha,29,85
dautsen,29,51
circle_echime,29,78
kosame_daizu,29,250
noiz,29,105
kawacchi_hirohiro,29,58
fujikawa_daichi,29,342
koushisong,29,54
7zu7,29,143
ratise,29,118
namu_(112namu),29,76
tanaka_ahiru,29,196
hentai_oyaji,29,127
koda1ra,29,156
mockingeu,29,95
amekosame,29,193
nannaru_(nananana),29,74
suitshark,29,69
dadadanoda,29,93
saru,29,911
asle,29,129
chouku_tetsushitsuiwa,29,45
datli64,29,43
tel,29,91
neonbeat,29,245
negationtenmaru,29,33
kouji_(kari),29,200
haeil2,29,75
milky_tea,29,44
hanenashi,29,47
balnom,29,155
kusana_(kusana47454281),29,67
otakummm,29,138
hataraki_kuma,29,73
yoriyuki_chiyo,29,140
yukimitsuki,29,213
guman_project,29,180
aomoro,29,194
shopyun,29,134
mihua_mh,29,48
hajime_(ak-r),29,144
kariinu,29,91
miyashiro_sousuke,29,111
kannagi_kaname,29,222
saku_(saku1151),29,105
k3rd,29,126
yuuki_rika,29,555
koumo,29,105
nikujag96737782,29,34
sowitchraw_(cellphiena),29,39
daigada,29,66
miyoshi_(triple_luck),29,158
miyasaka_miyu,29,214
hoshi_kubi,29,68
zhuganchangjiadan,29,57
masco,29,94
neoru_(cvfw7854),29,33
akanagi_youto,29,293
ayumu_(ayumu3659),29,64
rona,29,35
jwthor,29,59
mune,29,97
super_nagoyaka,29,126
fumitan_(humitan),29,707
rei_(rei_rr),29,206
chuck_pires,29,53
samejima_minoru,29,53
endori,28,186
asuka_keisuke,28,79
helmet_(touhu812),28,58
hongcasso,28,96
kyuu_(plastic_night_q),28,211
nomayo,28,117
hamaya_shin'ichi,28,43
hayamaso,28,45
arima_kouichi,28,73
suzumaru,28,115
nama_shirasu,28,147
yo-jin,28,74
esearu,28,79
tusia,28,525
kakage,28,472
ast,28,289
kgctcg,28,33
ashfair,28,67
kyu,28,62
pua,28,42
lucie,28,245
aurastack,28,43
msp_sammy,28,161
chorogon,28,70
kent_mame,28,43
junsuina_fujunbutsu,28,339
bucho,28,91
yves_bigerel,28,51
vyzov_tv,28,34
shelkopryad,28,33
karakuraax,28,52
dide6an,28,47
denki_showgun,28,288
realmbw,28,232
kafkasea,28,40
ribi,28,165
kagerofu,28,47
drlee_lili,28,49
asai_ichiko,28,80
nekometaru,28,343
abe_tsukumo,28,64
myanyuki_h,28,46
kuga_tsuniya,28,177
iver_(reviolet),28,36
oumi_(rsag),28,81
helbai,28,152
eyyy,28,88
missile228,28,483
tuxedo_de_cat,28,295
mizunashi_(second_run),28,434
ayakawa_riku,28,95
tousang,28,36
hybridmink,28,119
takayuki_hiyori,28,37
senbata-rou,28,58
gibagiba,28,423
dakemakura-koubou,28,425
sea_nami,28,88
tsukemon,28,471
cis_(carcharias),28,1005
makkori_(utoxrjimlx8x49s),28,40
yuri-yuri,28,41
exocet,28,41
tima,28,1145
shigeryun,28,92
kitahara_tomoe_(kitahara_koubou),28,598
kogarashi_(wind_of_winter),28,52
takiteru,28,37
kaabon_meshi,28,66
reia_76,28,395
tonbo,28,90
hisin,28,172
katagiri_chisato,28,85
mochi_hanpen,28,63
takuma.s,28,35
emonyu,28,78
darahan,28,138
touxing_no_diluka,28,52
sin.x,28,37
phara,28,46
kirishima_noa,28,35
himo,28,58
giganticbuddha,28,113
kyu_yong_eom,28,32
jajao,28,70
yi_cat,28,44
def_(chronowarld),28,106
akinakesu-chan,28,82
toshi_makoto,28,37
chupimaro,28,39
poriuretan,28,172
hydrant_(kasozama),28,157
zero130,28,83
sasakuma_kyouta,28,142
macchiato_(jae-min_cho),28,106
ichinomiya_(blantte),28,269
sakayama_shinta,28,458
yomesuket,28,44
ozma,28,31
yuumano_yuuki,28,37
irohara,28,381
lyuka,28,36
mutsuki_ginji,28,58
minase_shuu,28,126
kuria_(clear_trip_second),28,269
ashizuki,28,40
takura_mahiro,28,66
tasuku_(tusktouhou4),28,88
umasan,28,104
ao_no_neko,28,166
suzuki80,28,66
unmaker,28,45
toniwing,28,45
takamura_wamu,28,223
kezime,28,37
kame,28,46
kanna_(plum),28,429
bishi_(bishi),28,137
pumpkinspicelatte,28,332
gudanco_(nyanmeowzer),28,143
shashaki,28,768
songchuan_li,28,196
miyazero,27,40
mizuno374,27,40
cyanide-whale,27,228
nyoichi_(ekaini),27,39
taro_(peach_taro51),27,143
kaburaya_seiden,27,64
saiste,27,542
northman,27,76
puru_(manatsu),27,31
vins-mousseux,27,231
higa_norio,27,52
rollingstonex6,27,56
mugen_dai,27,33
yamano_sachi,27,107
kinoko_kun,27,33
tsukimura_(d24f4z8j3t),27,89
tavi_(hosheezus),27,56
yunodon_(sugar_maple),27,167
slm,27,112
hiyoku,27,59
kira_kazuki,27,57
sunnywang03,27,34
ishida_masayuki,27,53
miyuki_rei,27,159
shoukin500,27,37
kuroba_rapid,27,320
gajyago,27,56
stephringo,27,36
seki_suzume,27,110
norato,27,45
shhilee,27,34
aizawa_chihiro,27,124
boruhis,27,249
shimazu_tekkou,27,92
sakura_rock,27,68
mochi.f,27,270
matetsu_(nakayoshi_sanfujinka),27,31
solokov_(okb-999),27,203
mogg,27,79
siriuflong,27,78
kumada_kazushi,27,55
okayusonmu,27,41
kaer_sasi_dianxia,27,65
nisp_art,27,41
akamatsu_ken,27,270
seirei_(mimi_toka),27,46
ptal,27,154
kagehito,27,137
mery_(yangmalgage),27,1479
hieda_(hiedanoaqn),27,69
tina_(tinafya),27,89
nagatu_usagi,27,38
nsb36046_(na),27,32
jirou_(chekoro),27,377
raiden_(raiden_labo),27,204
zanki,27,121
tagane,27,79
hundun_no_bifang,27,46
shift_(shiftillust),27,76
motto_notto,27,113
ono_misao,27,309
takenoko_no_you,27,349
kawaty,27,145
ame_(amechan17391739),27,124
hakumei_kosen,27,36
fairyfloss,27,62
kuto_tubuyaki,27,45
tini,27,35
tonotyama,27,173
eromegane3103,27,46
leoandaslan_(leobongnana),27,96
chiyo_goya,27,123
ponpon,27,174
to_kage_p,27,32
ocha_(popopogg),27,212
error_dot,27,48
mofupaka,27,71
ichikushi_mojibake,27,157
sousakubito,27,145
yaebane,27,38
newmoonshira,27,55
rantia,27,93
chong_(547342983),27,71
dairi,27,1167
neit_ni_sei,27,490
hanzawa821,27,47
kanzarin,27,280
marumai,27,147
sumeragi_seisuke,27,203
tyler_garden,27,55
flipper,27,513
kenken_(keuken),27,65
sonson_(eleven),27,635
asou_shin,27,215
suga_hideo,27,182
takashima,27,103
kii_(theory),27,40
flasso,27,180
wamu_(chartreuse),27,220
oborotsuki_kakeru,27,197
gdat,27,65
kuro_(zhurunbo1997),27,131
takefu_jiin,27,104
aoten,27,76
shougayaki_(kabayaki_3),27,84
tama_(soon32281),27,294
mizuno_sao,27,137
yjs0803123,27,66
risumi_(taka-fallcherryblossom),27,283
yotsumi_shiro,27,157
aa2mee,27,33
minami_koyogi,27,365
sieg_(sherman_69),27,62
doburoku_(daiginjou),27,86
yuuki_keisuke,27,234
marubonman,27,81
langbazi,27,448
sakushin,27,71
yongsadragon,27,96
kuzu_(miduhana),27,128
yano_toshinori,27,1252
kojirou!,27,40
kirishima_riona,27,193
yamamori_kinako,27,262
rity,27,129
kumiko_shiba,27,676
sookmo,27,362
jiajiuli,27,34
nui_gurumi,27,45
wanao,27,65
tannkobuiwa,27,34
arisue_tsukasa,27,59
lit_silium,27,123
wakame,27,116
hajin,27,323
wr_(karakusa_senbei),27,86
chagataaa,27,37
sudako_(dai011305),27,95
barry_go,27,92
tacco_(tikeworld),27,173
milk_box_(leoleo963852741),26,55
ekra,26,200
do_m_kaeru,26,909
lsr,26,58
monjja,26,39
whitter,26,70
takio_(kani_sama),26,136
riichi_(rouchi),26,64
kamiya_tadato,26,39
aankau,26,34
netural,26,136
toujou_akira,26,31
gendouki,26,36
irudana,26,88
mugicha_(sukimachaya),26,83
akgm_(zdcw5853),26,41
ufo_koikoi,26,44
yamada_(fanfantaisa),26,39
kohaku_q,26,122
pjman,26,60
yamaha_tsui,26,152
tsurugi_hikaru,26,150
shinoji_(shin_status),26,33
tetsujin_momoko,26,371
chrisanother,26,48
rise_(rise19851203),26,59
patenusu,26,40
xyanaid,26,160
badhand,26,63
nyan_(reinyan_007),26,293
miamuly,26,35
ootori_mahiro,26,89
sho_bu_1116,26,205
kagayama_hajime,26,56
jashin_doruton,26,35
matsumiya_kiseri,26,161
jixo_(user_nzhc8728),26,76
itoji,26,87
odachu,26,178
nishikino_kee,26,102
angeldust,26,190
hakuleg,26,231
sigma_rio,26,57
incro300,26,45
arakawa_tarou,26,231
raikoart,26,316
chan_(akuty_ikkot),26,102
q_haoyu,26,56
mercury_xeno,26,53
isa,26,159
shirogane_(cufsser),26,163
akizuki_(17769498),26,125
mikagemaru_(mikage000),26,79
inayama,26,206
kitou_en,26,54
da-cart,26,191
sakatsu_ohane,26,43
malcorond,26,164
imuzi,26,71
oinari_(koheihei1109),26,61
henshako,26,492
yakuto007,26,79
pendreon,26,35
riizuwu_(voice_actor),26,43
shikido_(khf),26,194
saylamars,26,41
odyssey_21,26,73
vayneeeee,26,181
hal_(sakurajam),26,62
shibanme_tekikumo,26,109
natsu_hotaru,26,149
defaultz,26,111
fujii_shingo,26,37
chaotic-unknown,26,51
fujiwara_warawara,26,150
raberu_ruru,26,107
noya_makoto,26,538
kubota_masaki,26,154
sarah_sauge,26,70
rekurieeru,26,52
sbgu,26,191
kyuri_tizu,26,246
30-06,26,157
nekorin,26,94
jinjide_shaonian,26,90
yukage,26,52
pokomi,26,90
onibi_(foxhound4185),26,211
yuzawa,26,34
mg_kurino,26,86
yama_bikko,26,35
akisu_k,26,50
cavalry_(maslow),26,97
raina,26,79
ifuji_sakura,26,172
meettheton,26,63
dd_(giogio99),26,58
yougen_kitsune,26,103
sumomo_(raviklx50uc2r2d),26,47
bellhenge,26,494
rinrin_kai,26,69
kerorin,26,80
panana,26,72
lyoung0j,26,56
rottenweiler,26,72
wei_(kaminari0411),26,63
tabibitowayo,26,179
jon_henry_nam,26,100
asarime,26,98
kibii_mocha,26,112
hm_(hmongt),26,654
yuuki_shuri,26,187
altica2301,26,34
shinigami_kiraki,26,80
usutominsutaa,26,41
k-dam,26,44
mos_yen,26,40
second_heaven,26,77
muloli,26,173
ki_no_nekko,26,116
konpotsu,26,105
j-max_japan,26,41
zzo_(chorizzzzo),26,35
etori,26,89
funyariko,26,161
shikosour,26,59
nyxkz,26,56
fiodo,26,204
xiao_shei..,26,33
oppai_kenmin,26,50
yuuya_(yu-ya's),26,87
yora,26,32
wo_you_yibei_jia_wanli,26,72
moto_mitsuashi,26,78
denfunsan,26,90
inago,26,38
rinrin_(user_tvcf4347),26,58
ten_(tentojidon),26,35
haruka1638,26,50
yahankkwo,26,51
delta_zone,26,55
kaneaki_mukku,26,252
asahashi_tsuyu,26,45
kurogane_(majesticrune),26,74
miyai_(myai04),26,59
sen1986,26,304
homu_(seven_deadly_sins),26,87
zhiyou_ruozhe,26,112
tetora_(yumejihuka),26,47
ym-1,26,54
kingbawoon,26,51
stiel,25,142
tensugi_takashi,25,243
tsunogiri,25,60
amatsuji,25,235
inoue_tomii,25,69
pafekui,25,44
izuna_masaru,25,44
maxwell_manzoku,25,41
hadairo_rainbow,25,45
pondeomaru,25,36
nekobox,25,54
kousuke_(ko_suke),25,47
seushiki_(ponti-ron),25,49
iwato_(celler),25,33
ukitanisu,25,33
wei_yu,25,58
ltotyht,25,65
fuurisuto,25,55
horin,25,37
yoshimura_tatsumaki,25,36
hadaparuka,25,106
tsukushi_sasa,25,41
kanchiyo,25,199
wokashiya,25,37
bluedemon13,25,72
hamaburicchi,25,231
momonoko_noko,25,44
sakula,25,53
ladic,25,271
anza_tomo,25,323
murazono,25,72
koukoku,25,129
aichi_shiho,25,76
taka_(sanoujo358),25,53
tekkai_blade,25,60
aoinu_(aoinu_99),25,114
wangchuan_de_quanyan,25,330
fumi11gou,25,110
massakasama,25,652
ardenlolo,25,166
iyou,25,141
uka_(315302627),25,41
parkiranhonda,25,53
jiguang_zhi_aoluola,25,43
gachon_jirou,25,162
onaho_(otayoku),25,35
sb_(coco1),25,121
motsunukisuki,25,33
stanley_lau,25,538
unpasu,25,49
roruri,25,32
renee,25,39
nemigi_tsukasa,25,47
gaziter,25,34
maru_(marg0613),25,647
nakamura_sandayo,25,119
sarah_stone,25,51
sifserf,25,54
miero,25,68
youu_(midgard),25,37
acrux,25,79
ayanobro,25,77
courreges_accel,25,60
ankuru_(ankle_art2),25,40
koyo_akio,25,182
tazukichi,25,38
k-rha's,25,138
tipo_(tipoplaza),25,105
eilinna,25,97
yakihebi,25,561
nga_(ray_ray),25,105
yuuhi_(arcadia),25,225
suda_(yuunagi_enikki),25,209
kannagi_tsukasa,25,65
kimizuka_aoi,25,270
bon_(rump),25,227
alloyrabbit,25,53
kashi,25,112
ushimochi,25,133
5saiji,25,107
kazunoko_(saria001),25,45
suzunooto_shirasu,25,51
marakasu_(chinkasu),25,56
youhei_64d,25,165
husun_wei,25,55
lazgear,25,48
kellzallday,25,52
toridamono,25,249
eternalspherex,25,69
dagashi_(place),25,93
nightmare77zx,25,278
hiyamizu_yukie,25,121
heaven's_melody,25,53
shan_far,25,36
dojirou,25,145
kamu_(kamuuei),25,205
senba_(592683801),25,36
hato_no_suisou,25,115
goyain,25,492
akaihoppe,25,39
poporon,25,94
takamiya_mizuki,25,44
cpu_(hexivision),25,224
ramiki,25,56
abpart,25,78
line4x,25,48
utm_iota,25,48
takuya_kame,25,72
hikabe_sakuho,25,109
paul_robertson,25,61
heero_(whvu2288),25,32
fechirin,25,185
yblndr,25,34
pretty_mundane,25,98
kai_yuuki,25,179
han-0v0,25,177
oshiaki,25,272
toy_bits,25,33
turna98,25,47
yoshimoto_(dear_life),25,349
mgx0,25,76
yuhito_(ablbex),25,88
mizutsuki_rei,25,83
dakuazu,25,109
ebippoid,25,54
mindoll,25,118
nightmare_cat,25,116
green_happy000,25,37
sabujiroko,25,160
tomoya_(artist),25,52
oota_takeshi,25,56
callu_jy,25,32
yoruhachi,25,234
z.dk,25,57
taka_(copyrobot),25,44
neziiro,25,32
nagase_yutaka,25,59
oprince,25,63
kotomuke_fuurin,25,190
zpolice,25,219
qianshui_baodan,25,54
hagiwara_onsen,25,69
nyatrix,25,145
iberiko_(soinesitai),25,56
mayachi_(amuriya),25,192
zakki,25,284
fue_(tsuzuku),25,114
shachi_kamaboko,25,80
123456dyom,25,67
kago_no_tori,25,414
saigi,25,90
drop.b,25,42
mdoctkscb,25,38
ale_nqki,25,54
hohehohe,25,220
kiko,25,50
evildaddy12,25,47
seraphina,25,59
irarei_(araisanblog),25,85
nyarko,25,53
kisekisaki,25,103
matra_milan,25,166
fujimiya_yahiro,25,177
jaaku_(ra_9rara),25,60
minamo_(pixiv17726065),25,76
shiika_yuno,25,211
nanakura_nanane,25,118
yonezawa_mao,25,90
hicha_nomu,25,111
rodway,25,58
furo_atsushi,25,48
haishiki,25,101
mikage_sekizai,25,413
suzu_danna,25,50
chris_armin,25,59
multico,25,60
xialuluo_(sharuro),25,102
kazu-chan,25,40
gagaga,25,42
hatimiz,24,53
wantsupanchi!!,24,98
hiraken,24,57
hiyoko_daiou,24,69
takepoison,24,175
ai_wa_muteki,24,81
himuro_shunsuke,24,371
adeshi_(adeshi0693119),24,79
moribe_(rabumanyo),24,296
monousa,24,43
yamasaki_wataru,24,483
ozaneko,24,141
niwatori_(eck16614),24,42
batrobin_k,24,38
march_ab,24,172
nagasode_(48789563),24,39
karasu_hito,24,47
bangom_r,24,146
kojou,24,53
sethkiel,24,82
chiba_chinatsu,24,34
sasebono_mari,24,49
isuke,24,53
ritsuki,24,117
munyuu,24,157
mickey_dunn,24,97
tapisuke,24,174
na-ga,24,772
amaoto,24,39
tutinako,24,99
p-chan_(mitsuta52),24,52
kurofude_anna,24,144
cocozasa,24,356
nanaroba_hana,24,238
seeker,24,247
himamushi_nyuudou,24,48
macaroni_and_cheese_(artist),24,60
suzushiro_nazuna,24,95
otototo,24,67
senaka_(kamemusikiller0723),24,53
demio,24,51
koruse,24,327
ykt_scl,24,40
naharyou,24,51
alphy,24,176
ken_(koala),24,486
kinoebi,24,166
hoesmadder,24,48
suzuya_(maru),24,63
sumustard,24,33
hukairi_botan,24,52
kotengu,24,42
maki_(maki_pei),24,98
144_(riesztan),24,68
toriniku_senshi_chikinman,24,363
tomoo_(tomo),24,285
kintarou_(kintarou's_room),24,105
mimizou,24,41
kamatori_pokari,24,37
oono_tsutomu,24,236
kino_hitoshi,24,43
koflif,24,286
4690_(tkpbsk),24,133
yyf_(seaknight),24,32
fridaynightcat,24,96
umezawa_itte,24,199
chipietsu,24,33
kokonobi,24,92
makishima_azusa,24,204
kashiru,24,60
darus5,24,62
moke_ro,24,847
sena_chifuyu,24,91
shizuoxing_kof,24,73
bebebe_(pepegakii),24,268
inon,24,136
ruochongsang,24,80
numanoan,24,62
kamunika,24,44
satsuki_yukimi,24,178
erogomatinpo,24,41
kl501,24,33
mutsu_ane_daisuki,24,46
gozu_farm,24,158
tomo0843,24,43
sonoda_ken'ichi,24,190
aoyama_akira,24,35
miyazawa_tsutomu,24,122
billie,24,34
ritence,24,71
kylin,24,178
moroes,24,65
inato_serere,24,88
mie_xing,24,65
zuburoku,24,94
starheart,24,203
mottirimuttiri,24,56
akino_takehiko,24,143
phamoz,24,246
shima_chiyo,24,80
aospanking,24,80
heckler_kai,24,90
rama_(yu-light8),24,244
poponko,24,111
ekaki_kukuma,24,78
suko_mugi,24,89
hino_kagutsuki,24,57
kanibasami,24,119
age_fx,24,90
chiyu1182,24,36
maydrawfag,24,199
osimder,24,37
chiwa_(chiwawanwan1206),24,83
solokitsune,24,178
yukiwo,24,424
raiz_art_works,24,95
oku_1225,24,85
k.m.station,24,103
marimo_(yousei_ranbu),24,312
nikku_(ra),24,292
shun_no_shun,24,71
xiao_rui_rui,24,132
mikan_toshi,24,87
wasabi_(wasalongt),24,109
shigenobu,24,153
zephryion,24,36
anming,24,67
baba_arumi,24,417
liya_nikorov,24,82
migita_(hirayuaki),24,40
ayaya,24,43
sato_one1,24,53
s-yin,24,71
hido_(cherryhido),24,88
hiya_(dkr),24,34
izulizuru,24,87
regua,24,48
lukiarab,24,35
grayfox,24,62
mountain_han,24,300
mizuhashi_parusui,24,85
racal_ra,24,45
man_(trance),24,57
len_(hand_linke),24,158
toriga_naku,24,196
tatsumi_ray,24,497
silveroid,24,237
gangure_(disemboweled),24,36
xiaoyin_li,23,125
aroddst4,23,55
miaodiande_yuanshoumiao,23,36
yuuki_makoto_(radiant),23,174
wade99,23,35
tendo_(zhazhatiantong),23,58
sierra117renner,23,44
mad8nana,23,56
yutarou,23,137
delsaber,23,253
suzume_miku,23,299
10million,23,43
anko_koubou,23,36
kago_(htpxr),23,65
knucklecurve,23,46
kure_(beniya),23,39
nanami_kazuki,23,35
morikura_en,23,626
kowai_(iamkowai),23,100
kiasa,23,61
karada_asobi,23,41
egao_(sikorsky),23,34
tsukioka_kirio,23,119
reijing_etrn,23,132
746kuchiku,23,32
richou_(zerozero1101),23,140
panamuru,23,73
kyohei,23,46
rryiup,23,109
suikamaru,23,141
kekekeke,23,110
engo_(aquawatery),23,505
mabo9317,23,50
morita_gurutamin,23,71
litsvn,23,191
myouga,23,38
shishamo@,23,56
chitu_hefeng_zhong,23,62
sasuga_kei,23,113
gu_luco,23,140
shidaidaka,23,51
ragho_no_erika,23,965
migi_(mm86262394),23,109
shitsurakuen_(paradise_lost),23,34
masakikazuyoshi,23,49
cl_(summer_sama),23,125
mae_(maesanpicture),23,733
grape_ade_(cardslash2001),23,38
usagimiko,23,168
legacy_zechs,23,60
hizukiryou,23,140
chihiro_(khorosho),23,274
natsukon,23,62
mokyutan,23,212
taiyou-n,23,41
rirene_rn,23,113
kusahagane,23,108
misu_kasumi,23,797
ice_keki,23,34
shigekikkusu,23,264
culter,23,718
amanooni_touri,23,57
moge-hera,23,89
foxvulpine,23,227
shisha_no_karada,23,40
eaglov,23,54
yoshii_dan,23,74
onikoroshi,23,46
koji_(wildlhz),23,125
dainana_sugune,23,35
ruo_zhishi_chu_jian,23,86
fle_en,23,37
moru_(monaka),23,175
usagi_poi,23,115
hitoiki,23,48
ruriri,23,156
hetaren_(ramark),23,73
lo_xueming,23,115
panbai,23,147
kinagirea,23,36
uisu_(noguchipint),23,200
noe_aoikaba,23,51
yaosera,23,160
aizawa_hiroshi,23,62
mitsuba_choco,23,493
niichi_(niichi21),23,84
kobanzame,23,141
iwasaki_kouji,23,64
nafta,23,111
nishizaki_eimu,23,57
mumu_mago,23,31
dorianpanda,23,183
goumudan,23,252
kakari,23,43
shoukaki_(earthean),23,216
dngm,23,34
senke_kagerou,23,45
takadoya,23,106
kazumu,23,32
umihotaru_harumare,23,224
doku_corne,23,176
sakura_mafumi,23,42
lolo_(kemonono),23,112
halakuya,23,61
alien_adviser,23,32
kuro_minamo,23,67
kainohito,23,52
staryume,23,82
yashichii,23,107
solidus_(sword_cube),23,48
donggua_bing_cha,23,63
yom_(ymayma00ss),23,148
k.blank,23,66
garickson,23,41
potekite,23,139
inferno_(nanbu14),23,44
kemile,23,64
pasheri,23,40
luna_lia,23,188
chataring_mai,23,40
natsuki_straight,23,44
rampage_2nd,23,89
etoile,23,82
tsuchimiya,23,195
utsugi_tsuguha,23,34
mcbox,23,39
noel_(nnoelllll),23,76
yuzu_modoki,23,157
shouni_(sato3),23,151
hyp,23,34
rethnick,23,51
kurosho,23,96
nuclear_wasabi,23,41
himadera,23,276
tacticsalt,23,35
manorea,23,55
ohizumi_daisaku,23,69
ryman,23,70
dark_night_(darkotl),23,76
hide_(lindalindalinda),23,37
fafayu,23,62
sunsun2812,23,118
miyamae_(miyazen9311),23,102
phantom2071,23,90
iza,23,36
ootsuka_kotora,23,48
arrow_(tamawo222),23,221
gaoyang_ou_nisang,23,47
rokushiru_(muzai-p),23,61
midori_(misuriru8),23,274
ebifly,23,395
tsukimaru_(ls_99ml),23,39
mozzi,23,32
tkc_(user_snjd8547),23,41
tsuttsu,23,178
hinazuka_ryou,23,109
shiraha_maru,23,450
hirai_yuzuki,23,342
kasagland,23,35
furukawa_itsuse,23,196
caburi,23,427
robojanai,23,34
chiune_(yachi),23,203
efreezerarts,23,188
k_jin,23,160
kinni,23,41
mutsuki_shougatsu,22,40
sou_mei,22,37
xunyu_(manyu),22,59
mafuyu_(chibi21),22,542
pasdar,22,166
oishi_kuwagata,22,59
m_alexa,22,99
sirius_enjoliao,22,57
innerkey_(kgfw5338),22,161
sakenomi_akane,22,38
controlline3,22,208
tsukamori_shuuji,22,57
kisaragi_yakumo,22,64
kanabuso,22,32
yoshi_(crossmind),22,94
morimiya_(kuroro),22,50
yummy_yoi,22,62
uramakaron,22,193
hotel01,22,128
red_seiryu,22,33
cher_i,22,33
fummy,22,127
314khk,22,32
jyuuji,22,48
marui_(koedame),22,83
rebaria,22,31
yam_(yamap_mako),22,79
benevole,22,82
sen_light,22,53
masuku_(saint_mask),22,106
shiratsu_(white-seaside),22,35
gearous,22,294
reia_hana,22,131
k19,22,39
yeyebirdie,22,75
qp:flapper,22,768
noveske_n4,22,115
teu_(navy),22,214
nozomi_tsubame,22,317
gonoike_biwa,22,164
shimizu_pem,22,177
etidekailo,22,48
higashigunkan,22,194
nejime,22,314
aoinagi,22,85
raranokusu,22,59
takorice,22,342
eretto,22,718
e_sky_rugo,22,241
niduannowu,22,69
balut_(7676i),22,90
piyodera_mucha,22,518
kuri_(kurigohan),22,212
noyuki1204,22,39
koari,22,62
dai_yasude,22,75
sleepingsol,22,36
ohara_tometa,22,154
wakaba_(945599620),22,112
piaroo,22,31
hanamiya_natsuka,22,387
yabacha,22,86
daizu_(melon-lemon),22,672
j.c.14,22,127
jimsdaydreams,22,166
longzaibei01,22,44
kagami_(galgamesion),22,98
shirofugu,22,62
beiske_(de_skb3),22,63
transpot_nonoko,22,69
tyranu,22,63
lhu_(barappra1),22,68
pomp_(qhtjd0120),22,88
sharekoube,22,134
arikui_(ooooalikui),22,37
matsumoto_noriyuki,22,162
atte_nanakusa,22,445
caidychen,22,453
hood_(james_x),22,388
nanoda002_(saber427),22,56
4qw5,22,202
natsui_tuna,22,111
porkjinta,22,115
vodeferr,22,38
smolev,22,47
rindo,22,45
meth_(emethmeth),22,530
umetsu_yukinori,22,58
mimiyama_kiichi,22,85
amai_nekuta,22,304
mersoleil03,22,73
gompang_11,22,122
notori_d,22,99
yamikota,22,110
p_answer,22,151
mob_ojisan,22,42
ray-akila,22,181
rhineheim,22,34
aoki_kanji,22,63
psychopath_idiot,22,102
akahoshi_kenji,22,84
suzushi_moruto,22,115
rico_(pico-ba),22,56
eureka_brider,22,70
akane_souichi,22,385
yamamura_umi,22,156
shouno_kotarou,22,125
kiki_(koikuchikinako),22,99
yanagi_(tsukiakari),22,83
togo_(korlsj1235),22,139
yousui,22,42
uminotacos,22,102
horokusa_(korai),22,308
maokyu,22,36
isshiki_(ffmania7),22,1199
cure_slum,22,58
xiaojishangtian,22,33
keraton,22,45
ohta_yuichi,22,637
nanase_mizuho,22,37
nanakagi_satoshi,22,41
shugo19,22,85
yumoteliuce,22,56
itou_ryuusei,22,133
harada_takehito,22,848
zusshii_(libertasgenesis),22,41
thwwshark,22,41
marse_(rokudaime),22,157
onodera_(einsatz),22,52
p-nekoe,22,85
nagareboshi,22,219
fua_yuu,22,114
torajimaneko,22,105
batako_(batakoart),22,97
player193,22,46
om3632f,22,44
bindong,22,72
hally,22,75
nanam_(nanam_sk),22,118
dashingicecream,22,51
kocha_(jgug7553),22,37
p_(p25234112),22,56
saru_000,22,51
lb_(muraihou),22,41
matdoljangin,22,65
poifuru,22,39
yajirushi_kaku,22,60
matsui_yasutsugu,22,296
jito_mesuki_nitouhei,22,106
mirai_hikari,22,463
arutoria,22,89
unosaki2,22,32
tarai_(yamadarairai),22,57
hazuki_haru,22,253
shiro-inu,22,59
zeroasann,22,39
rurudo,22,181
vetania,22,110
dotsuco,22,115
momokumo,22,141
aoi_mug,22,37
yuuge_(hangoban),22,46
kuromu,22,81
yamaguchi_homupe,22,191
koruri,22,1328
yuukami_(wittsu),22,64
kakuno,22,161
amepa_(ame_pinecandy),22,42
nuggetkouhai,22,47
red_hayao,22,140
jungon_kim,22,177
senzoc,22,119
koromo_take,22,39
garasuita,22,89
atchy,22,77
sirills,22,176
amco,22,83
uganda_(ugandam_00),22,184
refeia,22,367
two-cat-walk,22,56
sumida_kichi,22,57
rom_(20),22,522
anonymous_(japanese),22,105
hiren,22,35
yukarigawa_yumiya,22,54
nise_(basilsis),22,110
wandzardeen,22,42
logknn,22,93
uran_(uran-factory),22,104
ixy,22,2747
syuntyu_katze,22,40
naruse_mamoru,22,157
chikaya,22,124
welt_(kinsei_koutenkyoku),22,732
atom_b,22,32
nicutoka,22,250
yukotaruma,21,57
suhamaya,21,34
barley_juice,21,47
likaou,21,35
matsuda_(matsukichi),21,732
narumi_yuu_(imitmoon),21,76
sawch_cls,21,86
veilrain,21,121
ezaki_papiko,21,133
cudlil,21,62
mogupuchi,21,96
yonesdraws,21,66
ravenousruss,21,54
stormcallart,21,55
kari_(artist),21,40
tako_seijin,21,108
kani_fish,21,156
dondo,21,33
arukime,21,34
himiya_jouzu,21,512
momozu_komamochi,21,181
bukkuri,21,320
giji_eizan,21,51
kili_kilio,21,45
yoshitani_motoka,21,184
cm_lynarc,21,133
springveiv,21,50
suamaru,21,56
nora_ichigo,21,72
yononaka,21,42
kaitofuuma,21,36
miruzawa_akechi,21,83
anpsart,21,36
demstouts,21,40
shikitani_asuka,21,546
hibaneim,21,41
goribote,21,283
kakkou_(su),21,48
himokawa_udon,21,43
bangosu,21,88
suzurino,21,61
kkix25,21,145
william.b,21,39
unohana_pochiko,21,93
pocari_sweat_(artist),21,79
miao_jiangyou,21,32
nanase_nanami,21,43
gureshi_db,21,41
12cat,21,87
kurogiri,21,47
perapera,21,77
masabodo,21,315
gesugesu_ahoaho,21,184
airandou,21,247
aoi_riko,21,225
sozan,21,248
satetsu,21,88
miyama_tsubaki_me,21,41
ark_(morita_hitomi),21,198
chapter0p,21,35
ranshin,21,40
atoshi,21,341
menea,21,157
muffin_(sirumeria),21,339
kimura_shuuichi,21,184
alreadyusedpai,21,38
moric,21,41
n0r0,21,47
muhamaru_yuni,21,57
hongye_feixue,21,53
chaya_mago,21,45
toriburi,21,110
fetishist,21,58
adictreader,21,37
eunnieverse,21,92
kaimuari,21,133
meicha,21,116
kairi_(fotune),21,36
gu_li,21,205
nuclear_cake,21,34
47agdragon,21,462
zhao_(pixiv12947327),21,50
usagi1923,21,73
himeyamato,21,617
jingo,21,197
momo-chan_atakku,21,36
shapoco,21,161
wookyung,21,77
din_(raiden),21,128
kojikoji,21,44
minamura_haruki,21,772
karasuma_amiru,21,68
akari_maki,21,59
meng_ziya,21,273
runaru,21,110
tamaoki_benkyou,21,211
reki_(dezuko),21,49
max_domikov,21,73
pinesphere,21,64
inugahora_an,21,68
tscplayer,21,47
uta_(xuyansong1996),21,48
hirari,21,58
muchousha,21,35
yuna_(spn28u79),21,69
urizaku3,21,44
ichimi,21,2262
montemasa,21,385
triangle_bullet,21,82
dsmile,21,554
chun_(luxtan),21,98
orimoto_mimana,21,77
colorfag,21,83
rageman709,21,48
akinoko,21,61
berserker_r,21,141
sugiki,21,89
esencey,21,59
afukuro,21,256
haru_(re_ilust),21,81
nosuta,21,56
ncontrail_(mgax7527),21,200
aoi_yuuji,21,87
kaoru,21,88
milksasa,21,36
yasume_yukito,21,525
kaori,21,66
ryp,21,110
tamamono_atae,21,46
miracle!,21,41
harmaline,21,100
kanzaki_hiro,21,417
higa_yukari,21,251
minase_nagi,21,62
neko_mantis,21,60
kazuto_san,21,67
kakao_(chocolate_land),21,308
tokita_monta,21,383
hekiten,21,66
shimofuji_jun,21,64
asami_yurumu,21,50
fujioka_toki,21,67
yazaki_(yazakc),21,185
kemachiku,21,1140
poko_(mammypoko),21,132
neytirix,21,111
hakoiri_nyanko,21,74
tohoho_(hoshinoyami),21,166
kondou_ryunosuke,21,76
yoshitsuki,21,58
snow_(gi66gotyo),21,80
liely,21,31
shiratama_mochi,21,134
miiru,21,41
nithros,21,71
hida_mari,21,37
lucidsky,21,176
shishamo_712,21,31
kanesada_dp,21,39
samael_(5211),21,41
lom_(lom_lom_8),21,66
kkuni,21,32
garden01,21,41
python_(snake_legs),21,44
ruby-eye,21,31
swordsouls,21,706
kuroeart,21,34
tehen,21,72
gumoyu,21,77
shiro9jira,21,148
kokuyouseki,21,53
zerodiamonds_(voice_actor),21,163
nekonosuke,21,42
takakura,21,66
kannazuki_nemu,21,33
bear_paw_s,21,33
m0_chi,20,74
li_se,20,89
yowaifish,20,53
anjingkuxiao,20,71
monegi,20,74
yuki_maccha_(yukimattya10),20,229
hei_(heiyohei),20,66
ouer_moyu,20,44
zi_se,20,216
incloud,20,67
nanami_(nanami811),20,47
jtleeklm,20,141
ezzydraws,20,59
nuda,20,173
twinpoo,20,278
super_zombie,20,384
athenawyrm,20,259
ushiki_yoshitaka,20,315
tsunemi_aosa,20,197
aruuin,20,34
keiko_rin,20,52
pun2,20,359
dougan_calpis_con,20,152
iganseijin,20,84
azmodan,20,108
paint_musume,20,302
kebohan,20,39
muryotaro,20,462
torigoshi_crow,20,32
dkaki,20,76
sakieko,20,427
hamu_agaki,20,77
sasana,20,50
nishimo,20,40
yuzuriha_p,20,48
pero_(pero7762),20,32
misfit_funny,20,38
rain_wzq,20,31
deculture,20,92
chichibu_(watson),20,204
wd_(1106592840),20,144
alcoholrang,20,105
f_jun,20,52
toshise.,20,79
kanno_izuka,20,174
kamaboko_red,20,175
sakuragi_rian,20,114
rensyu,20,238
yachi_(fujiyasu0616),20,54
koyuki_(kotatsu358),20,673
sugar_you,20,52
rezi,20,237
piku,20,245
maiini,20,36
ryuuga_shou,20,146
ohc.,20,39
labotamochi,20,50
kladd,20,39
shimeno_puni,20,82
tanaka_deshirittoru,20,69
crystal_shoujo,20,146
ontaros,20,141
emukon,20,61
tear_tear0320,20,95
xssh,20,71
pinki_o64,20,113
baimeme,20,120
ken-san,20,68
toriyoshi,20,104
ginjuuji,20,55
kotoba_noriaki,20,749
sigetch,20,34
yazato_ichimushi,20,35
keiryuu_seo,20,81
sarfata,20,172
shinnasuka025,20,125
ooka_(ohkaworks!),20,36
barlunn,20,32
blackheartxiii,20,44
pcaccount13,20,42
kyo9999,20,66
utsuwa,20,56
hh_trismegistus,20,43
asaki_yuki,20,47
takaku_toshihiko,20,202
katou_haruaki,20,258
hayame_(m_ayame),20,59
quasimodox,20,163
toki_(tokinokogiri),20,47
anoshabu,20,68
koishikawa,20,53
hassen_(8cm),20,191
shirihime,20,150
butter_curry,20,67
futon_fly_away,20,102
non_(nonzile),20,80
yami_shigeru,20,38
drie,20,166
mhs,20,38
shogo_(4274732),20,148
kit_(studio),20,59
rot_lapin,20,32
yeni1871,20,76
missile_(55missile),20,50
shiina_you_(tomoshibi),20,93
mikaponcho,20,35
lts_kakuyo,20,98
blazingchaos,20,44
horny_graphite,20,45
death_by_lolis,20,32
antiqq,20,88
zhongwu_chahui,20,104
gougasha_akira,20,58
popoman,20,204
dowman_sayman,20,229
seoki_(hi3031),20,42
knbd,20,40
suppy,20,39
gyuunyuukeepaa,20,42
sigma_2018,20,75
kotojima_motoki,20,99
ome_(mercury_cigarette),20,32
nakajima_ryou,20,106
mikaze_oto,20,82
brws,20,98
oobayashi_mori,20,55
yamauchi_noriyasu,20,346
mizutani_tooru,20,41
taichi_suzuki,20,50
coqua,20,32
katou_teppei,20,122
rokoido12,20,45
mimippu,20,58
pororikin,20,32
toku_sonchou,20,111
kilabo,20,150
dangodes,20,46
nucomas,20,476
yanuk,20,37
bowieknife,20,190
okuva,20,71
yoyoyoyou,20,45
minami_(apricot_tea),20,140
hone_shoukan,20,38
kuroino_(kuroyashiro),20,127
kumashiro_izuta,20,44
sanom,20,148
pandea_work,20,419
imai_kazunari,20,300
chisato_(missing_park),20,131
tsudero,20,241
gotou_junji,20,170
miya9,20,259
yunomi_(kyuusuu),20,35
fatzhai,20,38
paopao,20,327
takena-c,20,86
eel_mizue,20,33
shayoo,20,64
tomo_(sjim),20,362
sakura_yuu,20,62
testest,20,47
sakuru,20,54
skidrow,20,71
daftbonkers,20,52
momohara_rile,20,33
tanabe_kyou,20,215
chis_(js60216),20,169
flx,20,355
fedsnk,20,55
karasuma_yayoi,20,155
miroku_(kyon35),20,76
kawa683,20,95
kuga_zankurou,20,165
nyamota,20,375
koha,20,74
torichamaru,20,491
haburashi,20,40
maenoo,20,104
eho_(icbm),20,478
nedia_(nedia_region),20,655
sayaka_ikku,20,48
pn_(wnsl216),20,171
ueyama_0clock,20,34
shunta_(syunta_87),20,38
msrn39,20,50
edoara,20,67
ishibori_eregomos,20,149
nonco,20,811
bococho,20,642
onibi_(will_o_wisp24),20,35
xkit,20,117
riichu,20,933
nexas,20,115
nightcat,20,283
dydydyok,20,99
poinikusu,20,48
niku_(dance-siva),20,62
endou_okito,20,290
myouan,20,93
shin'en_(gyokuro_company),20,332
show_(rinnetenshow),20,83
mahou_kyuuri,20,194
lyib,20,54
komimiyako,20,188
mil_(xration),20,424
kawaguchi_yukihiro,20,61
pantsu_majirou,20,100
yokojima_kemomi_mi_chuushin,20,35
hisany-spacecrayon,20,56
ookuma_nekosuke,20,482
tsukimi_kirara,20,50
hakuyou-choun,20,44
kiiroi_tamago,20,65
ronnie_z,20,40
krekkov,20,401
tsuchinoto,19,44
puddinghomhom,19,65
mystyhw,19,38
mado_(mukade_tou),19,239
shirasagi_rokuwa,19,89
79g,19,40
chiisan,19,72
chiiutsu_(cheewts),19,33
eljimadooor,19,106
snow20200,19,66
nuker_(nukerdraws),19,36
maroonabyss,19,146
a9b_(louis814),19,262
terupancake,19,343
shuga_(soranote),19,495
asaba0327,19,58
giga_omega,19,149
kuyukian3,19,61
katsura_harufumi,19,115
musouzuki,19,652
konka,19,266
huziko32,19,191
kshimu,19,347
mogi_yasunobu,19,168
gr_greeze,19,101
sanooxo,19,32
rasupekuto,19,91
creayus,19,1601
virgosdf,19,79
miura_takehiro,19,42
dojipan,19,51
jin_mu_mulin,19,39
kanden_sky,19,512
nash_(na-si),19,118
neneru,19,179
stewsui,19,93
shimotsuki_juugo,19,79
yurashima,19,92
mamesi_(suhk8583),19,56
hinotama_(hinotama422),19,64
saetusum,19,66
mameojitan,19,178
sumii,19,110
sahara386,19,131
karya,19,61
shimmer,19,796
onnaski,19,305
kojo_(0124),19,84
hori_(hori_no_su),19,855
kyuusui_gakari,19,82
murai_shinobu,19,222
miyatsuki_itsuka,19,121
mizuya_nao,19,145
gogopaint,19,82
ghosty_(xiaobai),19,34
yofukashi,19,138
jebi,19,42
miaogujun,19,209
aper,19,38
zuki,19,152
terry_(pixiv3274443),19,125
drive_shot,19,63
kabayaki_namazu,19,152
erubusubori,19,139
micon,19,165
akipeko,19,57
hiki_yuichi,19,150
keureu_(tiqkdtiqkd10),19,100
nyonn24,19,275
takebi,19,107
akiomi_aiko,19,46
nanase_aoi,19,289
k.nock,19,32
misumi_takasumi,19,38
rorobomb,19,154
andou_ryuu,19,42
hinamori_(18ar0),19,159
harepore,19,95
kusagami_style,19,245
sawa_jaaji,19,152
alracoco,19,204
b.tarou,19,89
gucchi,19,37
mutou_mato,19,276
poin_(hidsuki),19,223
otokamu,19,271
shiro_(nitto),19,72
dobito_mn,19,55
zerocat,19,411
mamezuka_takashi,19,50
touyu_(yuruyuruto),19,63
chiyami,19,130
senjouhara_nira,19,66
tobatoinu,19,54
onsen_mikan,19,58
nebusoku,19,372
motoyon,19,67
makuran,19,714
evasong,19,33
shougun_(chuckni1),19,287
shimantogawa,19,43
uneg,19,441
urasuji_samurai,19,78
gekkou_(geccomajin),19,159
maira_gen,19,92
scott_bennett,19,43
otakeyan,19,82
masuo,19,89
pinta_(ayashii_bochi),19,368
hyyun_ho,19,32
daefny,19,69
haruyukiko,19,126
niku_(ni23ku),19,243
shinkuukan_(tetsuo3),19,186
reroi,19,120
rakko_(makarakko),19,100
by_spoon,19,61
gekato,19,79
robina,19,135
getsuyou_yasumi,19,149
sutochan,19,61
momomo_udameda,19,34
kamiyama_aya,19,314
zhineart,19,61
buttslayer,19,32
yui930,19,80
muu_rian,19,239
rikumoto_yoshiyuki,19,122
mirukuro092,19,37
morimiya_masayuki,19,104
satomi_(745684552),19,59
anmi,19,598
watanabe_yasuaki,19,168
hinata_kokage,19,79
yuto_(dialique),19,612
piyopiyomen,19,34
suminagashi,19,650
soffa,19,47
natsu_(nattiyann),19,80
yami_(rear4742),19,55
amelie,19,97
azurecruiser,19,42
gogoco,19,154
nordic_niku,19,66
goofy_(goldgoofy357),19,37
agnamore,19,260
luelue_zi,19,48
salovesy,19,65
tonbi,19,409
takada_kazuhiro,19,117
mitumi_mira,19,111
masutaauu,19,46
natsushima_memo,19,94
e=mc2_(mosimosi),19,107
yahako,19,250
cat_shop,19,43
atomix,19,96
hosoinogarou,19,45
yoshida_keiji,19,423
aoko_(myut7287),19,71
anbe_yoshirou,19,507
neukkom,19,122
kuroyoshi,19,34
eichi_(yashokuya),19,110
ryairyai,19,36
maeshimashi,19,200
tatata,19,133
muteki_soda,19,100
akiyama_cz4a,19,131
takanashi_kei_(hitsujikan),19,640
kasane,19,58
rasahan,19,341
xfate,19,190
lshiki,19,135
hakkasame,19,158
kisaragi_zwei,19,347
odoro_(nicoseiga81184094),19,62
kumaccyo,19,46
shiruko,19,107
kamino_ryuuya,19,44
yones81239278,19,33
unno_hotaru,19,95
siribang1215,19,52
fujinomiya_rio,19,76
creek_(moon-sky),19,273
metadoll,19,47
xiaoshou_xiansheng,19,161
sugi,19,228
akatsuki_hijiri,19,401
fukemachi,19,91
kabocha_torute,19,829
mochiyuki,19,444
ikuzonomiki12,19,41
kurushima_gire,18,46
okatora,18,48
kikurage_(sugi222),18,83
nendoroya,18,52
kanimiso_(juutilainen77),18,53
rushian,18,89
nanaroku_(fortress76),18,741
kr_ohoshisama,18,49
shocho,18,103
a-na,18,60
tozaumo,18,31
motokonut,18,185
done_(donezumi),18,495
piyo_(pixiv_2308057),18,112
emanon123,18,270
harigane_mutsumi_(harigane623),18,35
sanada-x,18,42
clara_v,18,37
jinpaitugounan,18,67
azu,18,109
petosu_(sunoco),18,47
aura_(aurapls),18,82
kurekore,18,68
ozawa_yuu,18,45
shingo.,18,60
zouni_(xavier),18,63
hachimitsuboi,18,51
axia-chan,18,181
wasabi_shoujo,18,113
mzrz,18,52
tm_(hanamakisan),18,164
mura_(kiyohime),18,103
hyury,18,75
xiao_lin_jiu,18,69
rutsubo,18,78
jivke,18,186
akabashi_yuusuke,18,197
kobayashi_yoshitaka,18,143
shokuyou_koori,18,150
yuu_(yuu_ammy),18,72
itokatsu,18,36
nikusho,18,76
kep_(ahokep),18,115
suika_(atelier-yuu),18,84
nootomo,18,103
tooka,18,48
cocoro_moto,18,36
usa_(dai9c_carnival),18,128
daruia_(sabitare),18,96
nekoguchi,18,200
p-gnesium,18,43
polarityplus,18,303
konata_gazel,18,258
aduare,18,97
shanyao_jiang_tororo,18,275
hazuki_(etcxetc),18,92
parupome,18,32
nyagakiya,18,219
skade,18,203
mikan-ya,18,45
kudou_maimu,18,89
dakunesu,18,103
no.6_(numberr_6),18,79
twin-7646,18,56
yosida_komati,18,35
khalitzburg,18,104
agnidevi,18,57
mima_chi,18,68
fuyuno_haruaki,18,226
nabana_(bnnbnn),18,71
error1945,18,63
ziro_(zirorong),18,302
genjuu_rou,18,84
kuma_(jk0073),18,153
bsapricot,18,273
eip_(pepai),18,160
dodome-iro_mayonnaise,18,237
hiyoshi_hana,18,122
fujisaki_subaru,18,43
fumi_(fumifumi-graffiti),18,57
bingbingzi,18,42
nekota_susumu,18,204
sivamaron,18,37
sagami_jon,18,298
tama_satou,18,111
tachiinu,18,67
hyulla,18,124
satoupote,18,370
futsu_iyu,18,164
wakuta_chisaki,18,122
seraphim_throne,18,75
sakakidani,18,164
noyomidx,18,182
ase_(nigesapo),18,119
analog_kenshi_(moto),18,70
megumi_yakiniku,18,38
misaka_(missa),18,108
jifuwabe,18,48
kasumi_saika,18,178
kuconoms,18,121
yunsang,18,204
messenger_(41986996),18,31
jay_phenrix,18,38
crybringer,18,190
hareno_chiame,18,229
kasumi_komo,18,162
kosokosomaru_(higashi_taishi),18,254
minato_hiromu,18,35
shimao_kazu,18,32
minarai_zouhyou,18,203
shishinon,18,175
arimura_yuu,18,314
125buri,18,36
matmaj,18,57
shirakawa_mey,18,55
sabaku_chitai,18,370
pixie_(pixieinktvis),18,44
rai_(sakuranbo_sugar),18,159
jknor,18,80
sweetonedollar,18,128
yukiyanagi_raki,18,135
zixiong_zix,18,66
yanmaami,18,67
io-catalyst,18,41
kouno_hikaru,18,800
metal_owl_(aden12),18,202
murabito,18,114
panapana,18,73
tokufumi,18,104
midorikawa_(tawf5452),18,53
akahige,18,145
wakie,18,112
nevin_(flyskying),18,73
lndrmnn,18,33
ishikawa_sparerib,18,146
oxcoxa,18,66
cat_and_rabbit,18,70
kumahubuki,18,39
kaneda_mitsuko,18,88
dan_(kumadan),18,511
yuruto,18,198
sabiimo25,18,44
dongchuan,18,88
henz,18,93
duffy,18,79
mousou_(mousou_temporary),18,321
dorei_jackie,18,32
paingumi,18,61
shiratama_(shiratamaco),18,783
expulse,18,260
emia_(castilla),18,195
mika_(1020mk),18,254
teikoku_gensui,18,47
glastonbury1966,18,284
s_k_(shiro_karasu),18,42
nirap,18,277
sayakata_katsumi,18,357
hiiragi_tomoka,18,224
kusaka_kokage,18,173
karmiel,18,110
poco_(backboa),18,289
those_girls,18,51
karlwolf,18,205
reeze_(reezely),18,41
housengo,18,34
wait,18,32
nakagawa_kanon_(pixiv32798535),18,48
pan_(mimi),18,534
kochipu,18,134
yue_(lov_n_n),18,106
youhei_choregi,18,54
sadamoto_yoshiyuki,18,513
yuuzuki_(re'ef),18,258
77gl,18,281
mameko,18,55
asanuma,18,72
tkr_(lovedelic99),18,35
partner_(kprtnr),18,121
kuzukago_(bitchmaker),18,58
sasa_ichi,18,57
kashi_kosugi,18,116
piku184,18,34
shouyan,18,63
tufang,18,43
ksaiki,18,35
i-pan,18,251
eye_(mememem),18,114
53,18,41
kishimoto_masashi,18,102
suitenan,18,68
mochiko_(x-game),18,47
riki_(archf),18,47
kmcgold30,18,34
kosuke_(bb),18,130
kinuko_(kinucakes),18,144
wo_cao_xiao,18,31
cyzir_visheen,18,76
mikoto_paint,18,45
ronna,18,59
shizuhime,18,43
niwatazumi,18,1384
luyheg,18,56
yamazaki_kazu,18,97
yuuji_overall,18,259
tevit_(tevit15),18,98
kou1,17,213
rankasei,17,116
torofu,17,35
soubi,17,152
matsui_celine,17,46
e_snow_jp,17,34
morimasakazu,17,48
mrnn,17,79
kztk,17,147
gigi,17,47
inniyik,17,140
oh_(aung_ae),17,94
chikage_(blackclownery),17,71
carte,17,212
amiba_(nerdamiba),17,77
191karasu,17,53
mehonobu_g,17,92
cglas,17,118
tea_(nakenashi),17,445
harino646,17,129
kaeranu_kaeru,17,197
misagi_nagu,17,74
nahu,17,151
imuraya_ayuka,17,85
tatekawa_mako,17,302
s_ryouchi,17,82
naizo_(kimosugimasu),17,48
houden_eizou,17,181
tanuki_(metaltanuki),17,33
kisaki_nana,17,82
inoue_yoshihisa,17,127
amemiya_ruki,17,255
jin_yi_dui,17,33
akisaka_yamoka,17,194
princess_spirit,17,67
mogamiya_honu,17,205
floofsmear,17,49
yuzuri_ai,17,91
smitcuk,17,57
fura,17,114
yuiofire,17,179
akahaneko,17,43
tani,17,49
henkuma,17,133
hello_kiki,17,37
shiba_nanasei,17,163
hh,17,54
h.pn,17,37
muteppona_hito,17,289
tenkuu_nozora,17,220
braco,17,118
kuro_suto_sukii,17,714
any_(trueblue),17,169
hal_(goshujinomocha),17,277
aosora2823,17,249
h@ll,17,125
cain_(gunnermul),17,146
ominaeshi_(takenoko),17,882
ginji74,17,146
tama_launcher,17,85
mu_tu_bu,17,89
mogurii,17,57
falcoon,17,224
azuumori,17,243
arbbun,17,54
banitya,17,51
okina_(805197),17,55
kate_(alice_catharsis),17,132
nenobi_(nenorium),17,374
oka_yuuichi,17,66
quuni,17,164
johnrokk,17,51
umisaki,17,41
ktm,17,49
napata,17,97
esan_(llamaesan),17,103
le_(huanglongen),17,57
okara,17,69
aduti_momoyama,17,338
gel_(guyver123),17,32
oinari_risuru,17,40
natsukawa_sarasa,17,133
yamaya_oouemon,17,33
kusakami_akira,17,149
mushi_gyouza,17,271
shaddoll_fusion,17,63
seventeencrows,17,52
he_(eve),17,36
mutsuki_(moonknives),17,797
scarlet_(wv0102),17,78
isono_satoshi,17,61
big-d,17,86
tetsurou_(fe+),17,391
nieto_tokage,17,49
ddingyong,17,74
kabayaki_unagi,17,250
dongdong,17,34
goshiki_suzu,17,465
yayako_(804907150),17,101
mizukami_ryouma,17,132
pikat,17,88
kenken,17,231
dekapoi,17,57
ooike_teru,17,104
nekokyun,17,229
fugi_jis,17,99
saibashi,17,140
mandudaein,17,59
retri,17,108
benimura_karu,17,135
hoshi_usagi,17,105
jacob_dream_world,17,67
fujita_kanbe,17,48
kimuwaipu,17,107
zumizu,17,66
ken'ichi_(silvian125jp),17,58
erspace,17,34
koutarou_(plusdrive),17,112
vivi_(eve_no_hakoniwa),17,341
unya,17,1204
ryochapu,17,213
nagare_hyougo,17,141
nyanko_kaitou,17,47
sakiyo_cake,17,413
kazuo_daisuke,17,80
minazuki_haruka,17,209
kekel,17,83
uroboros_(dhmv3484),17,57
ushimizu,17,36
mizuki_takehito,17,107
w.k,17,121
meganei,17,37
ohako_(ohako1818),17,192
jeon-eo_konoshiro,17,82
kiritomo_koroha,17,83
torakami14,17,35
zawapirori,17,37
koretsuki_azuma,17,426
kamuchin_soda,17,36
ailu_elf,17,135
huei_nazuki,17,284
waku,17,77
yuyumatsu,17,77
rui_shi_(rayze_ray),17,652
sagara_riri,17,109
meji_aniki,17,126
mingakk,17,31
tomato_cyuki,17,78
gumilkx,17,133
zuttokodomo,17,177
gagajya,17,60
tetori_(tetolisto),17,62
kohanayuki,17,148
hiiragi_mikoto,17,110
takamoto_akisa,17,124
izumi_masashi,17,205
murakumo1987,17,45
verse,17,55
yuu_(yumezakura),17,153
kumada_gaon,17,61
sorairo_len,17,115
monmonhomon,17,58
kiske,17,85
takeponi,17,139
painnico,17,40
fish.boy,17,279
rohitsuka,17,435
amrita_(amber78gou),17,99
aner_(qqan00),17,32
puriketsu_corgy,17,95
teruisi,17,61
na_tarapisu153,17,295
ma2da,17,40
rapapa,17,58
ao_homura,17,36
xude,17,127
kanbayashi_chiko,17,103
yoshiki360,17,152
sakura_(ameto),17,45
nyaou,17,112
esg_(essagna),17,57
yurisuki00,17,34
imamura_ryou,17,95
yamaguchi_ugou,17,110
wotori,17,50
zippedsquire,17,52
yuuraku_yuraku,17,88
t2r,17,731
duan_henglong,17,150
papion,17,47
godekasu,17,68
osg_pk,17,84
yume_yoroi,17,57
jon_shicchiou,17,85
taoru,17,56
etchi_inoha_sukidesuka,17,39
got_ji_(gojich1),17,33
enuma_ru,17,79
nero_(nilu),17,66
isya,17,106
gya_(144),17,216
fed_(giba),17,252
moshoko_(mizuneroku),17,63
ningri_(lianyungangwyz),17,31
kagura_tsukune,17,55
gonzaburo,17,72
tsuyuta_kome,17,46
sagace,17,40
chaigidhiell,17,151
kei_kei,17,266
unitedunti,17,69
akatsuki_(aktk511),17,67
jamrolypoly,17,66
kizuki_erika,17,85
nakahira_guy,17,567
gucchiann,17,255
takatan,17,90
kaki_z3,16,78
tenamaru,16,57
masakichi_(heppouku),16,69
northkiyou,16,32
6u_(eternal_land),16,598
pikazo,16,197
mikuning,16,87
sefushi,16,38
gu_deulmok,16,116
yanase_aki,16,42
gbbgb321,16,52
mailixiang,16,41
inui_sanagi,16,152
t_misaomaru,16,54
shabana_may,16,348
mushi_aoi,16,34
u-doku,16,42
morimi_ashita,16,52
wing_(aiastor),16,101
sakotach,16,62
cocona,16,88
yasutake,16,62
dove_pixie,16,179
flee_ad,16,96
ikuhana_niiro,16,189
niwacho,16,33
acchan,16,35
denizen_tomo,16,96
asakura_aoshi,16,91
hamza_touijri,16,38
tatti_art,16,36
poni_(poni_arknights),16,76
apopo,16,76
hoshimiya_aki,16,449
s_sasaki_09140,16,41
yamatogawa,16,55
kazumi_yoshizu,16,33
noise_paper,16,86
crestren,16,68
shirl_geem,16,37
45_(diagonal45angle),16,40
kabun_(suzuna_jct),16,67
fushirun_rung,16,332
dynorz,16,62
nukunuku,16,56
katzeh,16,124
takano_kou,16,44
futa_(nabezoko),16,2661
herozu_(xxhrd),16,154
yamada_ichizoku,16,137
nike_(nike1060),16,105
nel-c,16,170
bl/ess,16,54
kirisaki_reina,16,145
varie7k,16,45
kanna_hisashi,16,164
hisayuki_hirokazu,16,279
nyatabe,16,188
ekao,16,324
nauribon,16,195
9696k,16,35
hosoda_naoto,16,133
bokuso,16,66
d._joko,16,69
kousaka_yami,16,49
senkou_tobaku,16,36
gs_(onsen_syndicate),16,73
maanu,16,168
waytok,16,31
mikurou_(nayuta),16,225
senta_(ysk_0218),16,76
comotaro,16,50
fukidamari_no_peke,16,97
maoge,16,33
selkiro,16,71
hiide,16,150
sts,16,253
sacha,16,109
kairakuen_umenoka,16,421
miao_yao_cha,16,49
kusu_(moo1225),16,58
mazamuno,16,123
oda_eiichirou,16,104
syuri22,16,737
chivo_(kalchivo),16,46
gorohati,16,33
soya6479,16,82
amau_(kosmos),16,115
koishi_chikasa,16,150
yoshida_(rodeo),16,67
tetsumi,16,46
hazuki_(nature.),16,70
pak_ce,16,105
west_24,16,85
murasaki_(murasakiiro_no_yoru),16,105
ceru,16,50
yuuki_(yuyuki000),16,350
kaichou118,16,53
ariyoshi_gen,16,216
yomare,16,49
haruyonoto,16,116
t2,16,64
arado_balanga_(xchd7538),16,112
annindoufu_(oicon),16,168
sonzai_soumei,16,53
mikumari_yusa,16,32
kso,16,305
shimura_(hosshi),16,47
usuki_(graygreed),16,126
imoto_katsuyuki,16,44
kasukabe_akira,16,195
island_lagoon,16,72
manami_tatsuya,16,40
nectar_(fujiya),16,116
kuu_nekoneko,16,99
toriyama_akira,16,185
ranpu,16,39
muranisaki,16,103
suzuneko_(yume_no_kyoukai),16,106
doku_sasori,16,67
fuji_(pixiv24804665),16,623
omiya_(louise-louis-lucille),16,142
mizone,16,47
amii,16,148
azumi_akitake,16,185
kyoyakyo,16,187
kazumasa,16,122
dbdkitty,16,58
naka1379,16,42
kimoto_kanata,16,93
ermao_wu,16,64
banana_(hirane1988),16,50
unikurage,16,88
ohichi16,16,39
dconan_owo,16,41
temari_rin,16,174
kurenai_hanpen,16,65
chickenvomit,16,50
yatsune_rika,16,125
fh_moya,16,134
houji_tea_latte,16,70
ichikawa,16,60
seupil_hyugo_(spirohugo),16,34
jmao,16,136
ryo_(liver_sashi_daisuki!),16,300
dai_(uhyoko1102151),16,43
will_(willanator93),16,36
kasasasagi,16,102
kurohara_yuu,16,130
hasumushi,16,46
kakitsubata_tsukune,16,73
liar_lawyer,16,128
jiushi_shijiu,16,70
mobugorilla,16,38
lahz52,16,41
shio05_(05_sio),16,42
okazakileo,16,40
angie_(meganekko-geki-love-1008),16,54
yof_(sc_gazer),16,52
oga_raito,16,141
starkamisan,16,175
morinaga_kobato,16,135
caffein,16,803
shinovi,16,126
rob_110101101,16,36
hinomoto_madoka,16,208
nai_(daiduolaoge),16,56
kanon_(sinto),16,80
o-los,16,120
tanikake_yoku,16,100
sana_(37pisana),16,196
meolucky147,16,104
nstime23,16,58
bloopiest,16,32
suta_furachina,16,166
katase_minami,16,129
amondo,16,41
akizero1510,16,118
rifleman1130,16,65
madao,16,34
noccu,16,203
kurokiri6630,16,64
kazuki_kisuke,16,52
youl,16,42
ashi_ura,16,52
hinata-bokko_(sanpo_fuumi),16,53
ranran_3939,16,81
akihila,16,51
akiyoshi_yoshiaki,16,75
karasu_kame_ex,16,39
follen_(639594),16,84
c@rbon,16,74
magi_(cu-little2),16,45
rasen_manga,16,130
hungry_clicker,16,2372
amezawa_koma,16,565
kazaana,16,413
yohinori,16,43
oasis_(magnitude711),16,108
band_(skymole01),16,84
han_(ozrfour),16,55
kawagoe_pochi,16,402
reddizen,16,293
labebebe_lee,16,55
akaino_(akaomi),16,72
gaitoou,16,89
choko_egg,16,151
yuio58ok,16,178
takashi_moritaka,16,50
juna,16,233
shoe-ji,16,110
go-it,16,128
masaya_ichika,16,85
yukkyun,16,76
yunagi_amane,16,203
yuran,16,493
cqingwei,16,94
naru_(kuma),16,35
seicoh,16,204
smjim1986,16,76
ryo_(sora-ryu),16,59
hisame_genta,16,225
zinan,16,71
ace_rocket,16,117
kirisawa_shinji,16,35
rfeulgen,16,43
aotsuba,16,74
mono_(mo_n_mno),16,35
humo,16,44
aoi-tama,16,36
aquamarine,16,89
tatsuhiko,16,52
mintz912,16,39
poho,16,112
ugatsu_matsuki,16,480
fenrirr,16,64
kitorakito,16,46
li_(lithium0522),16,265
hiwonoafu,16,63
beanis,16,140
kurigura_(sketch_san),16,74
rail_(silverbow),16,85
cruzvu,16,33
nekojima,16,64
amazu_(kurozu),15,168
mash_illust,15,75
murasaki_orange,15,31
hashimoto_kokai,15,53
neilos,15,55
jyon104,15,59
hiro_hiroki,15,181
o-minato,15,45
kurone_rinka,15,408
nekojinnyart,15,63
nideaneng,15,43
pc_fworks,15,80
yoshii,15,75
mittsu,15,52
shiba_yuuki,15,111
suzutarou_gunsou,15,155
siguya,15,87
akira_(usausa),15,58
omoti_(1201208),15,45
imdsound,15,71
ohland,15,310
piiroinardesco,15,47
eccentriky,15,37
zenzai_(zenzaio72),15,47
lydart_mclo,15,57
akatsuki_no_guuru,15,36
lask,15,163
nullken,15,184
hanami_dango_(zzldango),15,68
oogami_yuuki,15,92
nerotarou,15,164
mochi_(chain_csn),15,104
yykuaixian,15,112
mi_mi_ham,15,85
yukiyoshi_mamizu,15,122
rin_kyoutarou,15,40
focke_wulf,15,229
xiao_xiao_tian,15,97
mentaiko_mamire,15,124
owafu,15,177
ddalrim,15,37
murata_tefu,15,492
unico_kasumi,15,74
zukanosuke,15,59
kikoka_(mizuumi),15,276
masa_(miyabitei),15,99
wangjook_(wj),15,69
doka_yuki_(tsumorisugi),15,47
jun_jun,15,38
fenyon,15,159
dot_r,15,64
kyojinjoa,15,44
meow7tail,15,70
shikke_gnsn,15,59
nekojira,15,238
solru,15,191
mato_tsuyoi,15,97
yamakawa,15,298
velceed,15,38
ringozaka_mariko,15,310
mee_don,15,51
sumiosmith,15,39
oi_shibako,15,46
taguchi_makoto,15,63
seirein_(seireinnnn),15,46
denpaken_pochi,15,120
peragura,15,108
lolimate,15,211
apple_caramel,15,699
persocon93,15,167
sajipen,15,52
pinkmill,15,70
moyachii,15,116
bitte,15,32
yamakonbu,15,52
lielos,15,726
buko_(bukosuki),15,98
shachoo.,15,214
nekokokazuma,15,38
dongqing_zaozigao,15,68
mayonaka_taruho,15,165
grandia_bing,15,172
piyokichi,15,640
ye_fan,15,104
dfra,15,207
tianlluo,15,59
mirakichi,15,149
aties20,15,224
wedge_(tyrl_stride),15,158
siraha,15,439
go_robots,15,312
wasavi_8,15,41
unexistarts,15,124
shiming_liangjing,15,285
c.h.a,15,39
inuboe,15,53
amami_mikihiro,15,97
moco_(moco_28),15,78
okingjo,15,91
kadeart,15,446
calin,15,293
utomo,15,119
ankie_(ankys_),15,32
maru_(sara_duke),15,192
monodevil,15,41
hitowa,15,347
sharktuna,15,64
frea,15,35
kandori,15,140
hirondo,15,54
ameyama_denshin,15,730
xero,15,152
ura_dora,15,50
chipokan,15,45
ltt_challenger,15,74
lummy_yummy,15,83
mine_(wizard),15,89
jan_azure,15,363
ao_(chung0u0),15,38
onyhakase,15,92
beni-bana,15,62
xingchee,15,87
sorano_(12gou),15,165
rodori_gesu,15,49
kazuchi,15,141
tkbnmnm,15,40
tenroy,15,118
shimamoto_harumi,15,35
tsunamino_yuu,15,71
murasaki-yuri,15,77
yeooudam,15,73
fai_(fai-storage),15,90
barkhorn0331,15,77
tatami_san_tatami,15,31
makamati,15,71
jh,15,119
renocoffee,15,46
nicky_w,15,287
900p,15,100
kamotama,15,275
wancho,15,159
jintianhuahualema,15,58
x.x,15,49
suika_(kinokoh),15,34
serin199,15,150
torahime_(roland00),15,217
kaeru_kenshi,15,60
yagiryu,15,46
mizuki_haruka,15,42
runa_(nori31291404),15,193
ikuyoan,15,270
nokataro,15,65
kumoi_takashi,15,109
shaa,15,108
nioti,15,76
iwanori,15,130
qbspdl,15,85
usyuuri,15,98
momomo_(m0_3),15,203
shiyoo,15,93
zerotwenty_(020),15,55
komipe512,15,69
masuishi_kinoto,15,482
crimecrime,15,132
waku_(ayamix),15,216
takamiya_ren,15,130
heiyu,15,36
koyopi,15,47
nanjou_asuka,15,135
gokkun_tororojiru,15,41
jyuru,15,138
nito_(nshtntr),15,163
grandia_lee,15,260
nekoge,15,54
makaizou,15,41
aya_(lezon),15,202
on_(isk1812),15,101
ogawa_hidari,15,55
utekiro,15,59
nyakonro_(nekonro),15,146
kuno_touya,15,56
chataro1412,15,127
sakurajousui_neko,15,36
chamuhz,15,33
takatou_rui,15,60
amagi_korona,15,74
idon,15,78
loped,15,123
yonaki,15,122
artpatient,15,221
kinnan,15,142
mazakura_senju,15,64
kanda_aya,15,116
kome_(vm500),15,62
chunpai,15,209
arlonn,15,110
yamada_naoko_(hideko1227),15,181
inuzuka_bouru,15,227
taitai,15,111
jouzaburou_(joe3),15,241
mimosa211,15,39
takatsu_keita,15,130
seion,15,64
kemoyuri,15,110
funyo_(masa),15,73
flamberge_lo,15,78
out_type_(outtypeex),15,58
luode_huayuan,15,70
ashina_merou,15,111
saburou_03,15,58
sizma,15,110
seityr,15,38
kou_mashiro,15,865
batazungharn,15,110
sody,15,356
sanada_keisui,15,91
kiui_(dagk8254),15,130
croriin,15,47
hullabaloo,15,102
d@i,15,147
tyamurai33,15,49
lolikaku,15,204
hcnone,15,175
wu-qiao,15,52
moketto,15,136
weee_(raemz),15,571
ruwoka,15,52
hamidasu,15,33
shiragi,15,46
j-unit_(lilykiss),15,33
kosuke_orz,15,55
qianqiu_wanxia,15,89
huoji_(wonderturkey),15,81
enin,15,40
hira-san,15,103
langya_beike,15,49
blackdomo,15,34
yamabukiiro_(browncat),15,73
numaguro_(tomokun0808),15,98
lieqi_hun,15,174
irori,15,245
pea_(vaultboy503),15,35
hinapo,15,39
jacqli_(jacqliart),15,35
takomeshi,15,223
tera_hiroshi,15,179
amogan,15,157
vana,15,45
squemezzo,15,59
morogami_ryou,15,248
yoshiragi,15,70
octoman,14,33
nishigori_atsushi,14,168
na_bia,14,50
sangue_llia,14,49
nakaishow,14,66
kaname_nagi,14,250
heartsix,14,68
orein,14,86
dryskeleton_(drawing_jimmy),14,35
miya_(pure_lemon),14,33
nine_(kanine41),14,186
gameso,14,66
pandakorya,14,39
otakueden1995,14,43
rko_(a470350510),14,133
shuvi_(shuvi1125),14,185
ifpark_(ifpark.com),14,86
hajime_(wkpz8247),14,35
mwwhxl,14,51
yuno_setouchi,14,49
ogata,14,62
azumi_kazuki,14,514
nicetack,14,241
taro_(ultrataro),14,155
poper_(arin_sel),14,174
iroha_(unyun),14,140
yj_(yojo_san),14,69
sukiyo,14,128
otsuki38,14,41
take_(take143000),14,60
hajime_(caramel_toone),14,163
bba1985,14,152
michi,14,43
fukuro_(fxxk_law),14,35
pmlial,14,64
nabeshima_tetsuhiro,14,470
tachibana_roku,14,446
nanakichi,14,93
rayn,14,54
tsukushi_akihito,14,310
random_(ningen_modoki),14,51
ochanomizu_doggu,14,38
katahira_masashi,14,1466
kokouno_oyazi,14,130
suiroh_(shideoukami),14,205
gaoo_(frpjx283),14,1255
dysoor,14,36
14sai_bishoujo_(shoutarou),14,142
kishi_nisen,14,215
bomhat,14,313
koibumi,14,36
gravesecrets,14,68
art_jam,14,37
gebijiade_89,14,143
tamakake,14,47
teinba,14,51
inou_shin,14,208
hako_reeema,14,67
fuchi_(nightmare),14,372
shirosato,14,1412
tiemu_(man190),14,433
kitin,14,76
360_(taiyo360),14,90
zin_(goraku_hiroba),14,43
ikeda_masateru,14,138
suwa_yasai,14,335
iesupa,14,2294
ogera_okera,14,114
atsuyu,14,39
tachibana_chata,14,57
e_draw_paint,14,81
nikubou_maranoshin,14,77
hakuto_hotaru,14,35
akaisuto,14,52
abriel00,14,91
koohii_koucha_maru,14,37
aragiken,14,66
zetsumame,14,316
yuuki_akira,14,284
sota,14,87
1_(kawaseha),14,43
meri-san,14,79
oriue_wato,14,104
hagiwara_kazushi,14,43
nuppehofu_(nibuta),14,88
kuon_michiyoshi,14,77
pyz_(cath_x_tech),14,276
kamizuki_shiki,14,110
nousen,14,38
shirousa,14,84
hatsanxp,14,36
yoshihara_maito,14,66
yomitrooper,14,44
miwatari_renge,14,37
kumasyan1998,14,155
madan_(kkh8936),14,33
tottoto_tomekichi,14,275
tsune_(tune),14,514
mnejing30,14,70
ossannoa,14,32
sano_souichi,14,59
doku-chan_(dokkudokudoku),14,119
mikuneki,14,56
ichika_(ichika_manga),14,127
shirane_taito,14,109
yumehiko,14,69
spekkio36,14,61
anti_kumo,14,43
mikazuki_neko,14,567
ayaoshiro,14,133
kirin3145,14,61
ishihara_(kuniyoshi),14,107
w4pz,14,36
gigokku,14,146
yamane_akira,14,136
everydaysleep,14,90
fujimiya,14,38
hori_hiroaki,14,38
kinata_(area7),14,39
kuzumotsu,14,74
zhishi_ge_fangzhang,14,77
iria_(yumeirokingyo),14,115
yigra_don,14,50
kyonta,14,53
honoo_teruki,14,35
neroma_shin,14,60
haruka_poi,14,65
dalcom,14,49
kisaragi_chiyuki,14,126
xelgot,14,91
oxp_(okipuu),14,36
max_(maxlikeapicture),14,84
dd_mayohara,14,100
p.i.t.d,14,133
abrakadabra2012,14,44
zuizi,14,407
songjiangcc,14,44
miso_(appanjo),14,34
guchiaki,14,58
kamishima_kanon,14,502
reido_(reido_c),14,125
ryosios,14,583
wakagi_repa,14,191
yoru_(yowuyoru),14,126
nomikata,14,61
elsevilla,14,132
helpig,14,40
kariza,14,39
drid,14,105
wonderful_waon,14,31
shiki_(no-reply),14,72
shinozuki_takumi,14,129
oshin0_(zheng),14,86
lk149,14,139
wataru_(zazazazazazawa),14,140
kijinaka_mahiro,14,109
shimoku,14,32
rabinidaddo,14,53
yama-michi,14,40
reki_(arequa),14,72
iromeki_overdrive,14,197
haowei_wu,14,58
flo_(guilty_hearts),14,136
murio,14,143
hanpen,14,104
akashio_(loli_ace),14,646
kibushi,14,269
yappen,14,702
pierre_yoshio,14,33
merumeko,14,38
etama_quomo,14,85
c1718259,14,40
kikimi,14,165
francine_(daijaemon),14,61
ogadenmon,14,70
chuu_(rinet),14,37
eine_(eine_dx),14,52
ninoude_(ninoude44),14,185
tsukimi_daifuku,14,33
actinium89,14,66
abaratani_kurou,14,133
harunoibuki,14,138
monorino,14,80
fool_iketani,14,41
cinder_dryad_(voice_actor),14,53
shon,14,31
sarujie_(broken_monky),14,76
butakun,14,123
arata,14,58
wata,14,61
soramame_(corndog),14,131
mochimochi_(xseynao),14,153
hanh_chu,14,108
twomoon,14,90
icomochi,14,592
junes,14,224
jq,14,154
flick-the-thief,14,52
shouu-kun,14,272
yuu_(yu0221f),14,66
junpaku_karen,14,231
kado,14,44
kasappi,14,69
starlan,14,37
haruka_(rsyaooooo),14,78
matsuno_canel,14,133
you2,14,180
maremay0513,14,181
nikuya_(nikuniku_nikuya),14,65
shuizhanglang,14,56
mbr90munouk,14,85
kuratsuka_riko,14,32
k_mugura,14,460
houdukixx,14,137
dateya_torahachi,14,114
kon_(kdash),14,56
gats_(nougats),14,59
indo_curry,14,87
demian_221,14,35
yuguraniru,14,82
herishop,14,46
you06,14,127
toki_to_shishin,14,84
nanpuu,14,103
tsukeo,14,68
ichiko_(ichi),14,66
kashiwa_kona,14,33
yasu,14,85
migu_(iws2525),14,118
higashigure,14,189
arito_arayuru,14,246
nabe-box,14,94
takeda_sun,14,85
mirino,14,166
clisapex,14,43
wakagashira,14,52
levasoj,14,54
arai29,14,39
hidden_(pixiv_46421548),14,34
mamiyahara_hitoshige,14,104
kaita_(mokamilkcup),14,164
kayupon,14,44
ren_mizuha,14,38
ryuhirohumi,14,58
fuenyuan,14,96
panatisia,14,76
147,14,110
chauke,14,72
kaiki_(osuppai),14,33
natsuno_suika,14,75
taichi_(tomo),14,54
asano_shimon,14,55
darling0221,14,60
azure_(capriccio),14,83
amecha,14,41
baakurou,14,206
pico_(p_i_c_o),14,87
mizuno_(pixiv31352320),14,66
suicchonsuisui,14,140
ikebata_homura,14,70
kazto_furuya,14,53
piiko_(aa_doushiyou),14,118
reinama,14,374
rocha_(aloha_ro_cha),14,149
mochacot,14,184
mizuno_poppo,14,85
danraz0r,14,68
randy_(awesomevillage),14,71
tetsubuta,14,261
joker.z,14,46
endou_tatsumi,14,37
suga_leon,14,89
ayakichi,14,60
u2_(u2_85269),14,57
touryou,14,129
toro_tarou,14,38
tokuno_yuika,14,271
kanikou,14,218
tsuka,14,150
kuzu_kow,14,272
nanakusa,14,112
o-yatsu,14,45
jean-louis_(yuasa_rengou),14,63
xhunzei,14,48
araki_mitsuru,14,40
yufou,13,204
ruriwo_(ruriwo1894),13,124
yagami_shuuichi,13,97
tadano_kazuko,13,91
shan_(shanshankuo),13,65
yan_(nicknikg),13,470
longcloud,13,56
futaba_(rei-futaba),13,42
knbilove,13,45
kiria_ai,13,38
lute_(apocalypselibrary),13,45
u4_99384295,13,32
kumaori,13,53
yorei_(death0813),13,36
godharo1,13,76
mizusoba,13,135
rylaera,13,90
julius_yu,13,43
unou_(mousou_deguchi),13,38
radish_p,13,486
glycyrrhizae,13,48
kalun_(fwme3378),13,47
skulllee,13,32
monio,13,38
sawwei005,13,71
geike,13,163
suzuki_nene,13,162
fuyuki_jun,13,38
aoki_shizumi,13,454
morihito,13,214
mad_(artist),13,32
tarako,13,77
shinae,13,53
mz_(yeye_ai_chipao_mian),13,48
myurumyuru,13,63
pixel_(yuxian),13,146
rerrere,13,312
djloops,13,40
reccu,13,62
moromoro_0p0,13,47
garana,13,157
nekoyaso,13,62
indol,13,53
hoshi_san_3,13,754
nagashii_kouhei,13,133
hazuki_kyou,13,120
maru_(sasayama_chikage),13,87
envyvanity,13,121
ryara,13,244
dongho_kang,13,133
jurge,13,246
gurande_(g-size),13,1265
xenon_(for_achieve),13,637
kiseno,13,40
tabetai_omochi,13,31
saane,13,54
k10k,13,377
kisaki_oni,13,83
kiira,13,514
2l_(2lsize),13,177
ldd.ek,13,51
xretakex,13,285
csy,13,64
nakayama_miyuki,13,391
isane,13,34
sotto,13,102
sekisei,13,53
bluesnail,13,90
rakuga_kiya,13,82
kurione_(zassou),13,559
s-a-murai,13,269
misasagi_tasuku,13,37
mako_(makoda),13,54
tanaka_masayoshi,13,114
onaya_masakazu,13,145
misa_(929382672),13,41
dcwj,13,127
kiiro_kimi,13,116
tory_(tory29),13,34
yonoisan,13,126
meis_(terameisu),13,377
pan_koujou,13,107
yoshino_ryou,13,195
kinako_(mzknk0),13,32
yoruniyoruyoshi,13,41
tamanegi_(genpi),13,32
tj-type1,13,289
yukiusagi_(gaballscreen&blaze),13,233
kalua,13,39
dead_people,13,37
nishiide_kengorou,13,334
kithera,13,37
noshimasa,13,59
yuki_tarou,13,36
betock,13,282
sk02,13,107
bobobong,13,126
kakino_nashiko,13,37
fetishy,13,33
sabusupi,13,42
mike_luckas,13,118
dankesang,13,46
ryouzou,13,176
hiro_yoshinaka,13,137
ya_ta,13,95
kuguri_oimo,13,360
chikuwabu_(yokowokazuaki),13,36
nyororiso_(muyaa),13,223
eruichi_(redphantom),13,101
liduke,13,353
fernanda_suarez,13,34
raneblu,13,52
sirurabbit,13,114
xi_ying,13,51
napalmbit,13,35
10mo,13,329
en_(paorasuteki),13,50
ming_(3952862),13,60
elina_(eri15),13,55
dou-t,13,82
suzutaro,13,33
nii_manabu,13,809
takeroku,13,39
big.g,13,127
mamo_murata,13,31
7t,13,66
ramochi_(auti),13,123
yasaikakiage,13,114
ceejles,13,112
yossy_(yossy1130),13,51
byougaku,13,41
sketti,13,86
kugui_kiyunemu,13,268
thealagator,13,31
kagi_f,13,89
jako_(toyprn),13,162
shizuku_(artist),13,32
paragasu_(parags112),13,491
galleon-joe,13,34
keita_(tundereyuina),13,388
fangxiang_cuoluan,13,299
au11,13,92
karanak,13,99
sakenotorii,13,39
usoneko,13,460
mucha_(muchakai),13,181
sgb,13,68
ezoshika,13,174
an-bl,13,33
diz_(diznaoto),13,47
foxxarius,13,40
mk_(lazymk),13,66
haruta_(806060),13,221
dragoner,13,133
zuru,13,39
kim_eb,13,376
urrrt,13,125
shima-shuu,13,326
kasugai_(de-tteiu),13,127
yamakake_(tororo1293),13,70
doro9363,13,38
nanni_jjang,13,83
unknownnoname0,13,32
tsushi,13,139
piyopoyo,13,171
muraosamu,13,34
kyuutou_(kyuutouryuu),13,273
satou_(su9arsatou),13,56
clouble,13,175
saryuu_(iriomote),13,138
rifufu,13,107
kashmir,13,90
cafenami,13,144
tananne,13,35
faubynet,13,232
ruinique,13,41
k.pumpkin,13,39
ken_(shutenndouji1),13,182
km_(nijie104352),13,52
kirisato_itsuki,13,268
seato-hao,13,69
un4lord,13,34
shamo_(koumakantv),13,467
reason_(ficafe),13,83
archienemy,13,57
kiriu,13,155
hidora_art,13,81
kaburagi_yuki,13,143
sese_nagi,13,65
tranquillianusmajor,13,78
mugetsu2501,13,207
namaniku_(nmnk2020),13,45
mizusaki_(tengoku),13,96
ghdwid,13,80
cradle_(artist),13,151
satsuki_misuzu,13,131
nakadera_akira,13,42
pingqiong_xiansheng,13,38
hotori_(sion),13,109
tenobe,13,388
asada_sadao,13,242
kantarou_(nurumayutei),13,89
sakura_kotetsu,13,222
aymusk,13,89
rinoko,13,44
kentllaall,13,98
toho_(kihon_ha_yappa),13,59
xkirara39x,13,163
fuu_torutanme,13,45
genyaky,13,753
mizui_kaou,13,46
gyusukiudon,13,32
shirokuma_a,13,481
aki_(yunkana),13,44
shiramori_yuse,13,208
haruwaka_064,13,138
wk_(low-f),13,105
naba_(take_tonbo),13,155
ffcreatyuuki,13,60
tamo_(tamokuteki_kuukan),13,43
shirafuji_ene,13,107
hagure_keg,13,273
noritama_(gozen),13,144
wei_(pixiv53355564),13,34
fengqun,13,36
muninshiki,13,108
tnr_(horiko1525),13,201
ouno_(nounai_disintegration),13,558
bigdead,13,374
hiroshix31,13,68
y2,13,613
dean_(momodean),13,351
utsurogi_angu,13,453
manda_(manda9n),13,158
aspara,13,176
akira_(yuibnm71),13,79
pocopoco,13,96
fukami_naoyuki,13,36
kiramashi_(satsujinki),13,68
aloe_(kenkou3733),13,174
sg_(under_siiiiii),13,50
k_ei3k,13,32
hattori_masaki,13,259
shuragyoku_mami,13,119
ashermes,13,46
ling_dianxia,13,90
sagano_mito,13,39
nemuaki,13,83
rauto,13,170
kanzaki_kureha,13,237
yoshiharu,13,63
xong,13,66
mikage_baku,13,76
igul,13,52
hinomars19,13,57
makiko,13,31
koyama_hirokazu,13,319
nuebunny,13,46
ashino_moto,13,155
ougi_(ihayasaka),13,112
hara_takehito,13,72
ruuen_rouga,13,60
s.w,13,35
3.14,13,110
t.o.d,13,41
shioneko114,13,55
monotosu,13,41
edgar_syu,13,37
kazamatsuri_honatsu,13,53
akutsu_(demodori),13,154
jo_area,13,36
dierbeibanjia,13,40
fuka_(kirrier),13,60
yomosaka,13,383
hei_ling,13,46
homura_hinase,13,103
suzuakks,13,83
karaage3,13,141
lrpanda00,13,49
yan_(situyan0303),13,37
enjoy_mix,13,208
bokkusu,13,68
ximubingo,13,44
mizuki_mau,13,97
aruto_(shake_onigiri),13,39
mizushiro_takuya,13,44
tsukumo_nikyu,13,33
allez0525,13,33
fujimaru_(kinakomucch),13,53
inyucchi,12,246
guumin,12,103
sakuraba_yuuki,12,981
polina29297783,12,42
yyillust,12,34
amano_yo-ki,12,102
dyson_(edaokunnsaikouya),12,407
dai_toro,12,33
usamin_(artist),12,99
osomatsu_(nanameno),12,63
dmith,12,95
miaru,12,31
yeun,12,112
hayashiya_zankurou,12,823
yutsu,12,83
monamin,12,159
kitami_tsuzuka,12,34
ariga_tou,12,211
noodle-y,12,36
maxiart,12,38
lcy_bingzi,12,31
bonza,12,43
shuninshunin,12,44
ano_hito,12,93
chiro,12,169
leon0630claude,12,39
bitaraga,12,41
kazutaro,12,51
moriichi,12,59
shima_(wansyon144),12,154
kakei,12,71
ky_(ky990533),12,67
kishiyo,12,472
sun-3,12,130
weno,12,488
emperor_zuou,12,33
pastime774,12,132
clover_(hi-per_pinch),12,45
daisufuumi,12,33
kishida_mel,12,920
manekinekoppoi_inu,12,97
yuki_sizuku,12,60
efukei,12,497
puyo_(puyotopia),12,323
dancho_(dancyo),12,280
qingjiao_rou_si,12,53
nagisawa_yuu,12,75
hiro_(pqtks113),12,175
gutalalaman,12,80
isamu,12,38
xzu,12,50
eron,12,37
lolboja,12,96
marii_pily,12,42
ryouya,12,106
minatosaiga,12,142
dekosuke,12,191
ese_shinshi,12,89
murmoruno,12,44
kippu,12,449
akuma_(st.takuma),12,204
kasashi_(kasasi008),12,193
takayoshi,12,45
kannazuki_okuto,12,50
alfi_(tok),12,32
yuzuriha_(pixiv_14248010),12,33
renzu_(lens_02),12,128
allze,12,53
nagii,12,35
nishida_asako,12,386
purpleninfy,12,36
ark_john_up,12,127
green_kaminari,12,93
soyoking,12,101
noritake,12,36
somyo_(s0my0),12,37
kuon_itsuki,12,63
fuwa_daisuke,12,424
miyabi_urumi,12,82
gyosone,12,132
yamakumo,12,31
sai_(abyss05),12,40
haura_akitoshi,12,154
caooll,12,36
shitou,12,105
yuyuy_00,12,42
jellypon,12,52
imaichi,12,388
45acp,12,92
youbou,12,86
murasaki_kajima,12,53
twobee,12,51
haruichi_(komikal),12,377
sei000,12,106
tachikawa,12,32
zakk,12,32
brandkojo,12,166
shiori_(moechin),12,111
saga_inu,12,121
ness_(pjw0168),12,38
sherryqq,12,127
shenqi_xiaohuang,12,41
bseibutsu,12,97
kare_huang,12,119
pirorun,12,42
yomo,12,64
za_yu_a,12,48
9150namihana,12,49
midomido,12,39
mori_airi,12,114
momoko_(momopoco),12,938
takumi_namuchi,12,76
safutsuguon,12,124
yucopi,12,100
sylux,12,43
heo_(tkgm),12,35
hear_(kpmf4732),12,90
yuo0,12,31
kijibato_123-gou,12,92
beniazumaru,12,72
yuki18r,12,158
panza,12,80
iiimirai,12,143
sui_hi_sf,12,61
ryuuta_(cure_ryuuta),12,170
kagerou_(kers),12,352
yuyuyu_(pixiv19949705),12,33
saiki_yuzuri,12,141
makuwauri,12,1340
qiongsheng,12,130
mao_lian_(nekokao),12,436
masa_(mshk_s),12,42
young_wang,12,53
pikuseru,12,37
mokokiyo_(asaddr),12,219
kirou_(kiruyuu1210),12,78
fuyouchu,12,185
kani_onigiri_(shottare),12,52
bails,12,44
mango_(mgo),12,146
janload1ng,12,66
baram,12,408
hoshi_no_gen,12,65
xiao_ren,12,67
cougar_(cougar1404),12,907
tomosuke,12,158
mikawa_sansen,12,51
shizuru_(daikoukaizidai),12,31
tabuchi_(tabuchisanchi),12,133
bilei,12,37
695_(mukuko),12,67
wata_neo,12,53
ten_(tenchan_man),12,206
johnnie,12,47
yorukun,12,234
traces,12,35
hachi_(orange),12,67
terano_haruma,12,41
tomura2maru,12,109
kirimori_toya,12,82
ayamo_kaoru,12,80
nagian,12,939
zxanzai,12,43
ihobus,12,181
anti-earth_bomb,12,35
lolifreak,12,44
ogi_non,12,34
parnkgjas,12,37
hizikata398,12,47
dynamo_heart,12,45
hirame_guard,12,39
buta_tamako,12,223
unique_(pixiv12704744),12,96
futaba_miwa,12,285
inamochi_keiichirou,12,34
ishida_masatsuki,12,53
kadan_(ad1999),12,138
oshiruko_(oshiruco_212048),12,128
sa_ka_(sakanoya),12,58
burusuta,12,166
mimoza_(96mimo414),12,158
jdw,12,56
koryuu_(gackter10),12,190
iskanderednaksi,12,42
matsuki_akira,12,78
kushidama_minaka,12,105
spleeny,12,51
inkune,12,68
kokotendon,12,57
osafune_kairi,12,147
akitsuki_itsuki,12,201
horiuchi_osamu,12,46
sonikey0_0,12,145
bisuke_(isbsk_ekaki),12,32
rama_(amaru),12,53
atie1225,12,110
o_(jshn3457),12,139
sky_cappuccino,12,196
ayaya_(ayaya_ri),12,61
chimaro,12,53
schatten,12,32
zocehuy,12,53
esther_shen,12,177
moyuru,12,76
watagashi_yui,12,207
disco_brando,12,479
slush5244,12,34
reiji-rj,12,83
minoru_minoru,12,60
slope_(check238),12,58
urasanmyaku,12,97
amatake_akewo,12,32
ditienan_ddn,12,105
qing_wu,12,273
tama_yu,12,136
aaaa_(quad-a),12,1465
chamupei,12,281
yasunao_(yasunao-z),12,74
anyacchi,12,60
nenchi,12,242
sentou,12,50
takibi_(tamikyo),12,97
akira_(been0328),12,216
tk_(takotsuboya),12,57
keuma,12,489
michii_yuuki,12,648
timy,12,74
takai_isshiki,12,87
nanja,12,149
bnari,12,120
meunhongcha,12,127
dytm,12,261
dhokidoki,12,51
kaede_acer,12,34
d-ryuu,12,101
maho_(yakimorokoshi),12,154
therrao,12,61
soxy,12,48
kurume_sml,12,35
hino_hino,12,139
eruza,12,59
masamika10086,12,53
nikuman_(samara),12,37
towako_(10wk0),12,124
d.k,12,79
odabuts,12,49
uon_taraku,12,158
yanyan_(shinken_gomi),12,207
vox,12,82
littlecloudie,12,112
puripuri_jet,12,120
makkurourufu,12,43
shaito,12,49
kkusak_(kkusag_ks),12,42
gekiteki_na_beefsteak,12,41
kamehima,12,57
alexiel_(pixiv6211566),12,80
geregere_(lantern),12,127
taekwon_kim,12,78
kinosaki_yuki,12,60
takasaka_donten,12,97
alice_vu,12,78
makita_yoshiharu,12,83
jura,12,78
awata_mokane,12,46
nahanmin,12,80
nishi_koutarou,12,1291
minutachi,12,107
inushi,12,82
pnatsu,12,152
meltyrice,12,96
pokey,12,71
ritsu_(re710pngn),12,38
yagisawa_teru,12,68
erasorpepero,12,36
rafael-m,12,56
kyomeihibiki,12,39
kawaii_hito,12,36
takepon,12,113
chiji_komari,12,80
nanase_nao,12,1280
awan0918,12,61
chirun0,12,91
drain_(evork_festa),12,42
ninnzinn,12,102
umitsubame,12,66
crossco,12,49
kamaniki,12,121
onceskylark,12,124
nekou_izuru,12,104
fujy,12,175
sky-freedom,12,1157
yuzu_gin_(pika97),12,77
mozuyun,12,38
sahara_kazumitsu,12,33
rapa_rachi,12,84
panoramango,12,74
elanore,12,38
sukoyaka_gyuunyuu,12,50
hiraga_matsuri,12,477
enico,12,38
aria_(okuda08808008),12,49
kourui,12,104
woogi_(duguddnr),12,56
uchuu_ika,12,108
leiq,12,129
gg_amang,12,55
cacn,12,42
luerstine,12,36
meito_(maze),12,1282
kasu_kazu,12,107
arukiru,12,103
kuroemon,12,345
chachi_(soulga),12,113
bowlp,12,42
mokutan_(link_machine),12,52
ewokaku_kitsune,12,54
aramaru,12,207
sonicphu,12,32
tatsumaki_udon,12,31
mungduck,12,41
doraski,12,32
ug333333,12,85
serizawa_katsumi,12,37
ieufg,12,72
wlop,12,358
asakuraf,12,506
yatsuha_(hachiyoh),12,87
yume_(454565427),12,91
sekijaku,12,148
batta_(kanzume_quality),12,158
sanada_(teketo),12,46
hiya,12,41
satori0121,12,38
yo_mo,12,119
yu-ves,12,200
pears_(pears_pears),12,34
suimya,12,304
yukari_(konekonekozou),12,92
ritalem,12,51
epko,12,41
moopiekun,12,38
jianshu,12,50
ran'ou_(tamago_no_kimi),12,558
tri,12,139
deadnooodles,12,926
mizuhara_aki,12,1333
rabbit_(tukenitian),12,174
mukoujima_tenro,12,60
agekichi_(heart_shape),12,202
hs2,12,61
masato_(mk),12,52
cloel,12,98
tudon_(donut),12,72
gaichi,12,76
go-1,12,342
zhaoyebai,12,114
gendo0032,12,189
okokorika,12,31
nishi_tanuki,12,41
haruyuki_(yukichasoba),12,413
yokuran,12,76
shiro_usagi,12,89
skyfiss,12,38
dako_(dakosito),11,38
kinosuke_(sositeimanoga),11,294
takoyaki_(roast),11,397
makita_(homosapiensu),11,38
key_(kagibangou),11,152
citron_82,11,358
ina_(gokihoihoi),11,469
shinchou_ni_kansuru_kousatsu,11,48
kokomi_(aniesuakkaman),11,231
hinahara_hajime,11,66
jont,11,151
tenpesuto,11,242
fukase_ayaka,11,148
zenkou,11,339
sumo_(komokomo1201),11,79
nose_(oekaki1825),11,40
nanboku,11,88
gyoku_seisyoku,11,52
tenzen_(netspike),11,51
rose22,11,34
agenasu,11,188
umitonakai,11,216
billie_(meng_gong_fang),11,253
turewindwalker,11,265
kogalashi,11,57
ashisi,11,86
mishima_kurone,11,1325
kamiki_uutarou,11,170
mzh,11,222
jeremy_anninos,11,52
chun_bae,11,53
oritonagi,11,45
weyas_kayur,11,71
yuki_touko,11,73
morisoba_(silent_hill),11,44
toumi_(sr),11,32
bamuth,11,93
haniwagi_(hal),11,125
momo_uzura,11,76
zoner,11,53
tsunekawa_niwasuke,11,62
breikka,11,44
miranko,11,65
futaba_suetsuki,11,166
sawamura_aoi,11,97
satou_kuroon,11,38
nekokan_(cat's_cradle),11,45
8gou,11,42
takamura,11,167
oniku_(oniku029029mm),11,66
meimi_k,11,135
rokuwata_tomoe,11,1025
urase_shioji,11,81
imo_bouya,11,118
yukiru_akitera,11,47
season_(artist),11,75
kitsune_kemono,11,39
yuzuki_kei,11,222
shaian,11,80
npa_(sirokurokuma),11,116
hinata_yuu_(atelierhinata),11,137
toutouhai,11,73
cyde,11,49
nathaniel_pennel,11,372
aosora_(mizore),11,130
catnnn,11,346
ludaf,11,79
leogust,11,219
siha,11,45
sun_zha,11,57
phrecklesart,11,76
shiraha_(pixiv10239953),11,46
ruby_red_(voice_actor),11,44
niwatori_gunsou,11,49
mafuyu_(kanden_shoujyo),11,209
yurun,11,105
tanakahazime,11,56
minarai,11,505
roin,11,61
uiri-na,11,172
yuki1977,11,41
takumin_dx,11,78
lowlight1010,11,40
geister,11,90
geshumaro,11,546
fujimon,11,67
ruku_(alicecreation),11,217
manjyufroth,11,66
jiujiuyatou_(yayanzz),11,98
shibatenko,11,75
ikara,11,48
fuurin_kingyou,11,81
sumiya_akihiro,11,39
takada_akemi,11,117
tenkasu_(aster4545),11,55
korogoro_(mago0057),11,48
toujou_masateru,11,36
inusaka,11,232
chukibabo2,11,124
bunny1219,11,68
hobby_(kento),11,91
delux_drawings,11,47
nibelart,11,44
tokachi_genjuurou,11,56
arturaxia,11,50
rin_yuu,11,644
b.bor,11,36
hinohoshi_ataru,11,65
clammbon,11,32
kinoji,11,57
yukiou,11,46
shoji_sakura,11,150
lavelis,11,171
pachio_(patioglass),11,49
yamija,11,52
rye_(hyn_uka),11,48
shokora_momiji,11,37
toyo_(toyozine2009),11,34
noppo-san,11,59
red_leopard,11,66
nakayama_yukiji,11,174
natsumi_hajime,11,88
tori_(eherotori),11,55
samejima_retro,11,59
onnomono,11,69
harukey,11,73
kinsenka,11,154
orange_(satsurikukuma),11,35
sacchi,11,50
c8oyk,11,109
yayoi_kotoyuki,11,70
miya_(24toys),11,36
ronisuke,11,101
esubui,11,67
morung,11,39
nakame77,11,50
oldlim,11,166
blackrabbitsoul,11,162
hayato_rikin,11,72
jchoy,11,67
ayyh,11,135
ishikkoro,11,651
ki_(kk-sk-ray),11,285
namagome_negi,11,179
ngetyan,11,231
hakua_ugetsu,11,203
nekoman_(nukomann),11,59
ysk!,11,159
ui_frara,11,160
datemegane,11,86
pochadon,11,137
doku_yanagi,11,58
yukitsuba_hina,11,92
laofuzi_dai_bansho,11,133
kl,11,463
siino,11,181
watchdog_rol_(y1104280730),11,37
imijikumo36,11,57
kogawawaki,11,46
jin_rou,11,147
moyu_marginal,11,286
mosuke,11,104
tsunekun,11,70
tomid,11,105
hiraizumi_(mugenkidousha),11,109
mr.zhuo,11,65
amane_sora,11,233
sawamin,11,43
aruk,11,40
ago_maguro,11,42
poolpool,11,37
akimoto_dai,11,242
nekokotei,11,142
rimu_(kingyo_origin),11,169
annosada,11,41
mizuno_tera,11,63
usaki_(ama),11,75
leeshin0919,11,47
tomonao,11,39
mari0ball,11,130
liwen520,11,66
wei_miao,11,109
kasukabe_tarou,11,59
yuutopia,11,57
nanaironokabi,11,59
kos-owl,11,58
kanna_kanaki,11,110
rebutsu,11,127
nuruko_(nuru55555),11,130
ishida_baru,11,72
toka_(marchlizard),11,462
yoruny,11,335
yatsushima_tetsuya,11,43
felice,11,34
yokoshima_(euphoria),11,365
atcesolcyc,11,62
sasaki_shou,11,56
tatara_maguro,11,35
pori_(kmt_pori),11,221
gotou_nao,11,62
pino_(birthdayparty),11,93
shrimp_3,11,44
ushiko_xiansheng,11,33
mary_felizola,11,37
sundaycat3,11,34
kyoudyu,11,39
kuwahara_taiki,11,135
kamakama_(kdmorh_kamakama),11,56
arhentol,11,62
floof_n_wool,11,35
march-bunny,11,263
hcsb,11,62
koza_game,11,133
haruka_natsuki,11,276
souzaipan,11,34
doyoon_7,11,99
carina_(xiaowoo),11,274
mitya,11,1036
bitter_crown,11,133
muku_(apupop),11,134
nekokobushi,11,84
osananajimi_neko,11,432
monushi,11,46
yukimachi_tounosuke,11,46
to_gemichi,11,48
majin_(kiidoumajin),11,48
aikawa_ryou,11,637
nagashiro_rouge,11,64
ginger_ale_(syouga_6383),11,37
gm,11,72
itsuki_jun,11,92
tomiyama_akiji,11,73
d.d.g_(ddg3420),11,32
seven_(sixplusone),11,33
sumisaki_yuzuna,11,281
riru,11,261
sptbird,11,90
zhuore_zhi_hen,11,140
takano_saku,11,96
kiyu_rei,11,138
fujimaru_arikui,11,64
akiba_monaka,11,162
ma-yu,11,84
hiro_(725611),11,73
konnyaku_(yuukachan_51),11,95
jouhou,11,42
yoshida_inuhito,11,167
hama_chon,11,293
piuta,11,53
sp0i0ppp,11,227
da_(datako),11,107
darkpulsegg,11,138
mmk,11,65
biro-budou,11,35
osashin_(osada),11,701
yu_chang_(42680610),11,36
solraka,11,69
mrpeanut_88,11,47
mirin_pengin,11,102
old-night,11,41
komatsu_(sakanae),11,110
gong_cha,11,60
matanonki,11,585
ikuya_daikokudou,11,53
mocchisake,11,180
fujioni,11,38
roas01b,11,66
prpr_friends,11,45
miu_(angelo_whitechoc),11,127
kasugano_tobari,11,123
omega_2-d,11,78
dpea9,11,70
pandora's_box,11,94
tarbo_(exxxpiation),11,243
glisten,11,79
liyart,11,115
nishiuri,11,344
tkool_man,11,39
maumaou,11,31
aamana0,11,69
sakurapochi,11,75
yerim,11,37
meremero,11,58
koyubi_(littlefinger1988),11,529
nitamako_(sakamalh),11,436
sally_(luna-arts),11,163
aopanda,11,95
sanninme_no_haru,11,142
justin_(sera_tony),11,37
koya_(koya_x_00),11,240
jin_nai,11,109
joshua_(shisanli934),11,244
ken-ji,11,130
koraku_gekki,11,61
rable,11,65
applekun,11,341
chirang,11,93
hi-ho-,11,255
wajuniorbox,11,133
torimahera,11,57
harada_shoutarou,11,41
quatthro,11,108
nakajima_rei,11,70
schreibe_shura,11,223
hitachi_sou,11,91
ruin_re_birth,11,122
imo_works,11,90
tirotata,11,213
furorida,11,122
kate-fox,11,39
kamishiro_(rsg10679),11,122
giga-tera,11,105
xlscaler,11,96
batsu,11,321
natsume_yochiki,11,37
eiroyi,11,43
slowpit,11,56
ginko_(nico),11,117
bakutendou,11,224
mezashi_gohan,11,34
hiiragi_kei,11,74
akatuti,11,38
jellytits-7,11,791
furukawa_lemon,11,134
alexa_mahone,11,102
kitazume_hiroyuki,11,56
saeki_shun,11,109
dong_(wandong44944),11,51
miyabi_(miyabi_r18),11,42
shiroi_ume,11,39
mofumofu_(lorelei),11,100
yudepan_(yuri_no_sugata),11,36
keicyanyan,11,34
fujii_eishun,11,211
haerge,11,115
wankoro_mochi,11,31
yumyum,11,45
namaata,11,101
sonnano_ari,11,41
anakin_sky_(utcc),11,43
pillo,11,71
neko_mata,11,93
nanamiso,11,42
aro_1801,11,94
woofycakes,11,433
tsukimura_noe,11,54
hiiro_yuki,11,126
fuyukawa_motoi,11,66
yourfreakyneighbourh,11,387
soborou,11,171
white-aster,11,59
aoikito_lavender086,10,42
pia_(botamochinjufu),10,92
okunin,10,171
kiyo_(kyokyo1220),10,39
alamander,10,38
kunon,10,43
chaciooh,10,98
yoshika_(music480069),10,186
jixing_renou,10,107
mao_(6r),10,138
tks_(526tks),10,136
namori,10,1161
opalis,10,57
shiira,10,100
moonface,10,68
kakaon,10,130
hechima-bushi,10,35
rinshi,10,33
yuuhi_(ages),10,86
moshimoshibe,10,260
kawashina_(momen_silicon),10,1362
borscht_(artist),10,255
crote,10,125
phazer,10,75
hiepita97,10,59
momijizuki_luna,10,61
jonbur_man,10,52
efyuru,10,52
shiono_(0303),10,91
wasted_m9,10,38
denson,10,55
beta_hime,10,32
racket_ti1,10,76
fengya,10,80
lemoneko,10,72
muse_(rainforest),10,184
amami_amayu,10,322
1991_(blz),10,92
honya_lala,10,66
necomi,10,479
zakirsiz,10,143
sanbasou,10,275
veggie,10,31
itaco,10,263
popo_agaga,10,32
tonokawa,10,35
de_(deys),10,69
pon_(ponidrop),10,173
souen_hiro,10,75
minami_juujisei,10,159
takashina_asahi,10,97
hami_dmg,10,58
onna_kishi_no_shiro,10,36
ugeppa,10,157
massive_kagawa,10,41
usagigenki,10,54
mitsuba_(watergarden),10,33
yuzutosen,10,48
euforia,10,97
molu_stranger,10,60
burujawa,10,54
mochizuki_kazuto,10,54
yo-suke,10,51
darusu,10,33
konmamion,10,76
tenuwi,10,36
anotoki_ashi,10,43
yoshijima_ataru,10,41
tanakara,10,148
tachibanaei,10,37
btraphen,10,141
saezuru_usagi,10,85
nanoder,10,49
holiday_(pangjelly),10,85
pharmarr,10,45
piano-alice,10,67
hkn_(ringya),10,42
myg,10,39
xllam,10,60
ying_(suetmo),10,36
infinity_(kkx132),10,76
jowell_she,10,65
sobasakuhin,10,32
onsen_tengoku,10,58
silhouette_sakura,10,48
tiger_rmn,10,59
plus9,10,100
fuukadia_(narcolepsy),10,604
shijie_jianfa,10,91
zap-nik,10,71
komame_(wanton),10,36
nasaniliu,10,184
himeshita_johnny_mafuyu,10,38
issa_(sorako45),10,57
irkawaza,10,87
kakerayuri,10,78
hazuki_futahi,10,68
rlus,10,36
nonoworks,10,55
goomrrat,10,311
ouma_bunshichirou,10,83
skylock,10,40
hamada_mari,10,36
hayakawa_sonchou,10,49
lefthand,10,279
mung_(larnec),10,77
lemures,10,43
baru_(bar_0405),10,53
megrim_haruyo,10,31
nasuuni,10,51
isedaichi_ken,10,347
towamin,10,61
dyadyadya,10,54
nigouu,10,40
putimaxi,10,147
ooji_cha,10,254
yamakamu,10,35
wafalo,10,47
qoom,10,47
chocpocalypse,10,76
zhu_fun,10,106
taiki_ken,10,98
ahma,10,96
shigureteki,10,136
nijou_makoto,10,56
qnakamura,10,34
sato_zero915,10,47
kazamidoririnn,10,44
soleil_(soleilmtfbwy03),10,95
rebecca_(keinelove),10,2481
nay,10,74
summer-d_(dodojune),10,47
neiigal,10,37
ura_illust,10,147
d_tomoki,10,59
romi_(346_ura),10,332
miu_(c_blue),10,33
yonezuka_ryou,10,77
ponzu_yuki,10,32
l.v.c.,10,36
osanai_sanday,10,38
tef,10,91
fumichika_mori,10,33
watarurikka,10,33
elflorri,10,38
canizzz,10,41
fuyuno_taka,10,159
hozumi_takashi,10,94
kuon_yashiro,10,133
momoyama_nozomu,10,66
natsuya_(natuya777),10,116
rindoriko,10,88
lamia_(voice_actor),10,46
renxzd,10,128
yuzuko,10,42
rionoil,10,32
cyobiro,10,154
envel203,10,36
akino_shuu,10,569
tamori_tadaji,10,58
hachimitsu_hinako,10,115
akatsuki_shimeji,10,78
lein,10,33
siesta_(artist),10,42
kotokoto_(jumon),10,52
climaxmukr,10,43
kazawa_(tonzura-d),10,284
moddedjoker,10,35
fymrie,10,71
toukaairab,10,581
nagatani_(nagata2),10,74
banonefans,10,64
mani_oniniku,10,113
shiboru,10,52
thaumazo,10,48
otaku_heishi,10,48
miyashita_miki,10,114
tsurugi_ai_(seikan_hitchhiker),10,68
kazuha_(saku_kn),10,80
apt,10,345
kiyochii,10,65
kazami_ruku,10,199
hagane_soushi,10,282
marneko,10,55
52ikaros,10,44
yan_wan,10,224
ichinose_yuu,10,53
nnyu,10,99
luli,10,33
hoshino_lala,10,63
hamura_mayu,10,58
locksuke,10,61
origami_aya,10,148
soc_nau,10,77
heebee,10,362
kurokami_(kurokaminohito),10,102
purple_mii,10,47
sakuraba_(cerisier_x),10,53
kaisenpurin,10,217
rio_mukiniki,10,42
raigou,10,180
nips_(ohnips),10,35
komaku_juushoku,10,878
mikan_(chipstar182),10,733
xi_xeong,10,121
dodo_(yatotoyatoto),10,71
milin_(orange_maru),10,122
chijimetaro,10,48
mizuno_kurage,10,250
ishimari,10,117
mochiko_(mochiko3121),10,97
susu,10,36
hide_(hideout),10,237
mada_(mk333),10,34
hiyori_(rindou66),10,315
bookmarkahead,10,50
yuuki_mitsuru,10,50
zhongye_yu,10,185
hashi,10,361
lunaflame,10,35
otogi_yuugi,10,31
sher_(imnotsher),10,50
gogiga_gagagigo,10,763
rodrigo_yoshimiya,10,32
ayumu-k,10,97
gabriel_carrasquillo,10,61
shimeta_hiromitsu,10,45
sabou_san-shitsu_kokoro,10,67
hayami_yoichi,10,38
kurokaze_no_sora,10,198
minoa_(lastswallow),10,222
pretty-purin720,10,180
mitsurou,10,42
renpc,10,140
emlan,10,173
sakutaishi,10,127
altyane_hetata,10,43
aile_(crossroads),10,667
sima_(startwitch),10,115
pairleaf,10,39
mugicha_(zoro1132),10,118
yamabuki_ryuu,10,51
moti_ken,10,40
zedoraart,10,44
charai_(withoutyou222),10,36
emina,10,52
yotsuyu,10,59
marron_marron,10,54
yin_lan_xue,10,47
tamakaga,10,158
kamen_no_hito,10,84
azuki_yui,10,292
akira_(meltyhip),10,220
surutsu,10,31
jarv,10,73
nametake_(nekoyasya12172),10,53
ajirou,10,36
kiyo_(a_sam_ko),10,44
liche_(wiggly_liche),10,51
hinoshita_akame,10,207
kuroshin,10,43
motoi_ayumu,10,96
newflame,10,50
do2mi_doreimi,10,55
miruki,10,118
tsugumi_amon,10,65
dabuki,10,129
seto_tinami,10,63
ayaki,10,185
columns_ke,10,39
sakurazari_hotori,10,66
ishigami_kazui,10,86
fukano_youichi,10,70
takeashiro,10,297
starfox1015,10,175
henreader,10,267
minust,10,575
toni_(artist),10,33
yuui_hutabakirage,10,129
gaydio_zrong,10,46
asahi_yanagi,10,40
ikura_(downdexp),10,39
hidulume,10,289
gzei,10,210
scavia10,10,154
nancou_(nankou),10,162
sg_(esujii),10,125
keipup,10,35
yamikyon,10,155
yadapot,10,319
kurt_robinson,10,53
daikinbakuju,10,40
henet_hene,10,235
@@@,10,221
kimagure_blue,10,157
flowers-imh,10,140
nano_(syoutamho),10,227
mitsu336,10,31
aningay,10,397
masamu_(leonore69),10,32
yukihiro,10,105
giryu,10,131
colomar,10,35
satou_atsuki,10,503
togare,10,49
karaage_(ta-na),10,61
mookie_(e_mook9),10,40
po_ppe,10,118
haruken,10,235
omy-chan,10,32
sangobob,10,66
nananana_nanana,10,91
endou_chihiro,10,88
edjim,10,37
hasekura_noizu,10,47
myeolchi,10,166
oggy_(oggyoggy),10,99
k-san,10,34
eichikei_(hakuto),10,65
nsfwolf,10,107
kousetsu,10,242
lunch_boxer,10,146
rai_(newtype_xm-x1),10,102
sasaki_bullet,10,48
seqet-aru,10,35
edogawakid,10,102
riromomo,10,49
fuguriya_(monoton),10,34
nekoneko,10,110
karurega,10,55
kazeno,10,364
eredhen,10,285
migihidari_(puwako),10,355
nyxerebos,10,169
horz,10,162
jeze,10,218
border0715,10,96
yaburebouki_akuta,10,33
hoshikawa_tsukimi,10,83
ginnoturu,10,69
unadon_(unadoom),10,91
gecko4488,10,60
sabana,10,197
fumihiko_(fu_mihi_ko),10,1501
wlper,10,69
hasebe_akira,10,131
tokoharu,10,96
bh001,10,55
neva,10,47
solaris_(sinhyg),10,51
nekono_rin,10,293
akira_b,10,53
aegisfate,10,44
yamaimo_torotoro,10,35
mokopekko,10,47
takahashi_umori,10,108
airi_(akamichiaika),10,75
maviss_03,10,39
mogmog,10,69
sankuro_(agoitei),10,459
dre,10,54
shiikeru,10,59
plushcharm,10,45
graysheartart,10,135
muraachi,10,39
yuu_sagi,10,44
shakeko_(shake5),10,48
kisetsu,10,702
anderain,10,125
shirokitsune,10,414
haji_(hajiko),10,71
a_kun,10,86
murota_yuuhei,10,177
ginmugi,10,60
exabyte_(parallax05),10,35
zenrakishi,10,54
muryuuin_tayun,10,75
kamisa,10,101
freideugoi,10,39
alfarejected,10,52
ancotsubu,10,105
oro_(sumakaita),10,388
miyasaka_miyabi,10,235
misogi_(misogi1341),10,44
scottie_(phantom2),10,995
ruton-niki,10,500
sumi_(oyasumie),10,69
hakiata,10,49
nekogoro,10,46
kaida_bola,10,46
tama_(tamakaka1031),10,82
evandragon,10,274
riccae,10,97
totto,10,61
ratana_satis,10,63
curecycadura,10,56
pupps,10,426
aga_marino,10,366
leonat,10,305
tennen_inari,10,39
red_disappointment,10,48
sakamiya_tsuto,10,48
kizuchi_r,10,33
amamiya_minato,10,189
minawa_(hemo),10,47
akizone,10,290
shaojiang,10,176
hiomaika,10,49
kuroinu_(sonoba_shinogi),10,60
jen_bartel,10,35
nikukaiq,10,38
kuon_(kwonchanji),10,239
zhadao_lza,10,32
arai_kei,10,60
ikanyoikanikan,10,52
takahashi_(k2ta7),10,143
abab_xiaxia,10,64
miaoema,10,49
hiragi_ringo,10,92
sakkama,10,69
huai_diao_de_zongzi,10,68
risui_(suzu_rks),10,441
shu-z,9,229
pjkka,9,68
kitsune_(scaz),9,71
gatsby_ssl,9,117
ubo_(dbsgurdbsk),9,52
rca,9,43
nazo_no_diaboro,9,82
teroru,9,123
uranfu,9,34
gleision_adain,9,189
simosi,9,174
rikudou_koushi,9,74
hatsunatsu,9,429
takashina_masato,9,102
mizuno_(iori-amu),9,37
nekkeau,9,91
nebukuro,9,59
naha78,9,218
na_kyo,9,142
karikura_(atatata71),9,154
amou_mari,9,48
hakuun_(m2230),9,50
chinchickrin,9,93
momo_(higanbana_and_girl),9,336
tatapopo,9,190
sira,9,45
cafe_au_lait_(kafeore),9,99
haguhagu_(rinjuu_circus),9,506
cuteg,9,332
misaki_nonaka,9,462
nanaku_teiru,9,96
neho-kun,9,32
haijin,9,215
squeaky_(artist),9,51
fujishiro_touma,9,98
hei_d,9,34
chou_shippai-saku,9,129
mku,9,234
nean,9,72
takahashi_rumiko,9,59
sheya,9,1306
sakura_hanpen,9,181
karipaku,9,133
catxuan,9,47
iroiro_0w0,9,34
pleasure-treasure,9,81
hidari_kagetora,9,76
kotowari_(newtype_kenkyuujo),9,106
s_(hdru2332),9,37
rabittofaa,9,62
sd_bigpie,9,120
gino_(gino_h),9,181
genso,9,155
nobuyuki,9,38
tirarizun,9,161
gz_(gyoju),9,49
enone,9,42
hell_machina,9,49
rocher-hd,9,78
itou_ben,9,72
ganida_boushoku,9,70
ooyama_bokuchi,9,44
johnson_zhuang,9,46
dainatsu,9,33
morisawa_haruyuki,9,193
lyxu,9,57
nannacy7,9,556
seri_(yuukasakura),9,135
muni_nuren,9,32
chikuwa_(tks),9,265
nakuta,9,103
naporu,9,47
kurobane,9,79
amazuki_jou,9,458
toro3,9,201
sakebuotoko,9,116
m-eiji,9,38
shuichi_wada,9,75
acchi_(koiyimknp),9,84
geppuntei_dappun,9,35
ziz_(pandora707),9,66
chikiso,9,119
higofushi,9,85
twinpon,9,34
kanazawa_shinnosuke,9,107
moku_(racie45bv),9,33
bariko,9,51
mitsumine_raimu,9,149
smile_(rz),9,139
yuki_shizuku,9,46
monyomoke,9,34
meta-tron,9,36
onuma_kuma,9,43
sakurai_unan,9,158
indica,9,67
hosaka_dx,9,115
modern_afro,9,73
takasimareki,9,32
o-nashi_neko,9,145
twiska_(doubitian),9,73
sayori_(neko_works),9,1914
nikku_(nzaf5832),9,85
himerinco,9,37
kaiend,9,59
katekari_yuusuke,9,42
sak1_01,9,39
kagura_yuuki,9,156
whois,9,77
ryota_(ry_o_ta),9,428
sakasa_(guranyto),9,84
ensinen,9,67
mikagami_ei,9,104
wada_chiyon,9,81
ai_takurou,9,559
odagiri_sakura,9,52
suzumia_(daydream),9,58
yasai_(getsu),9,201
lobsteranian,9,122
mapyarong,9,32
matsuu_(akiomoi),9,104
yamada_masaki,9,198
akira_(sayo_dayoo),9,44
iparupua,9,163
sandcasks,9,95
naoya_(naoya_ee),9,46
bloodycat,9,88
lang_(chikage36),9,80
tonari_(ichinichime_azuma),9,136
kisaragi_ryou_(sougetsu-tei),9,228
matsura_(nagatosan),9,80
yakisoba_(kaz2113),9,48
sorapoi,9,298
igu_(103milk),9,37
arai_togami,9,256
hara_kenshi,9,247
aizawa_shin,9,49
takahashi_mugi,9,160
nishiya_futoshi,9,151
kasuteru,9,64
ubizo,9,142
kuroneko_shiro,9,64
lapaco,9,31
sora_megumu,9,32
nopinzo,9,194
naoki_(shibu_asa_ryo),9,81
awazake_(2wairu),9,45
amagi_shino,9,168
bakemonsou,9,86
reon_(saikyou),9,116
deatheach,9,85
ken_(1057168252),9,97
masamune_oekaki,9,38
rixch,9,37
washizuka_shou,9,49
tsubuki_(ron-bb69),9,42
nishisan_(mikurosu),9,58
hagino_kouta,9,319
yukizumi_remon,9,101
teruteru-deru,9,45
hebai_xiaochuan,9,38
amicis,9,126
doitsuudon,9,38
hiiringu,9,324
kagiyama_(clave),9,200
wataru_(nextlevel),9,198
lee_(colt),9,464
ankkoyom,9,325
moriyama_a,9,56
yoekosukii,9,364
tsumayouji_(tumayog),9,145
dethmaid,9,81
sakura_shiho,9,112
pikachi,9,120
shake_(ferit3),9,39
himeshima_koukichi,9,46
kishi_torajirou,9,135
nishikiori_jin,9,66
midori_(user_nsaz3272),9,84
nagi_ryou,9,414
kazuboh,9,182
toraneko,9,113
heiya,9,96
effort_star,9,64
pengin_guriko,9,100
shiika_sadamasa,9,116
cancer_(zjcconan),9,128
arusuko,9,78
kisaragi_miyu,9,224
miyapo,9,45
orn,9,50
tsushima_(kaikyo),9,59
nanananana,9,194
nn_tasu,9,57
pozesuke,9,86
setona_(daice),9,108
sakurasaka,9,127
kameponde,9,258
mochimochi_dando,9,41
yuki_usagi_(snowcanvas),9,212
magui3,9,162
blazpu,9,418
miyuli,9,82
nipio,9,73
azuki_akizuki,9,147
hadome,9,36
noumen,9,460
hano_(hanos91),9,77
hitomilook,9,34
sinasimu4746,9,34
natsuki_mitsu,9,38
matsukaze_yukiji,9,66
nabeyu,9,87
pd-x,9,34
yijian_ma,9,200
susu_(ysy),9,64
nr_noir,9,174
endsmall_min,9,149
kaze_makase,9,149
inuneko,9,90
sou_(mgn),9,87
nyabe,9,35
nanashiki_fuuka,9,167
fortythree,9,39
eiji_(eiji),9,242
hasegawa_shin'ya,9,146
kuromasu,9,35
trebas,9,33
rokkotsu,9,255
unname,9,206
ybpac18,9,55
pipi,9,104
leng_sediao_kafei,9,55
oshiri_seijin,9,105
noragami_sota,9,84
nang_z1,9,47
haine,9,121
ling_huanxiang,9,73
kinako_(shiratama_mochi),9,341
dalc_rose,9,212
syuuen,9,62
pomimiko,9,32
unko_samurai,9,33
kageyasu,9,56
san-pon,9,461
hiyori_mizuki,9,80
white_ph,9,209
ayakase_hotaru,9,93
kokorozashi,9,141
haoto_luna,9,59
shiozaki_yuji,9,129
minxei,9,94
zuoteng_lucha,9,89
nekohige,9,52
koucha_maru,9,52
sezamyan,9,42
ejieaa,9,37
amaya_yuu,9,38
meemo,9,43
yuhji,9,38
ryuushou,9,173
torii_(kedamatori),9,52
yasuda_suzuhito,9,226
felielle,9,54
ryu_jiao,9,31
maskman,9,80
furioso,9,47
90i,9,79
anba_kohaku,9,102
komb,9,263
chrysa_(_sa0ru),9,74
nukunuku_(hinataboltuko),9,50
amano_yuu,9,83
philomelalilium,9,173
aneurysm_ax,9,49
rexlent,9,188
lvans,9,61
shirosaba,9,175
maho_moco,9,284
tam-u,9,229
akatsuki_yakyou,9,51
nakamura_(marakimi),9,37
gar32,9,432
ponytail_korosuke,9,452
yuuforia,9,31
toshi_(1-147),9,152
at_classics,9,699
yugami_gooshu,9,66
suzuhane_suzu,9,66
kom_(1323736),9,37
mamorunokoto,9,40
nanakorobi_yaoki,9,45
inui_kentarou,9,53
anho,9,51
yuurei_yashiki,9,86
jestami,9,34
kageharu,9,131
shiroi_noria,9,33
nagi_ria,9,41
ogros,9,345
shitou_(1992116210),9,86
aiko_(kanl),9,217
sseopik,9,347
inari_(ambercrown),9,143
sawamura_hikaru,9,126
fue_(fuef),9,41
roina_(effj7473),9,212
hissaa_(starlight_express),9,100
nayu,9,96
mata,9,46
kurotsubete,9,41
liu_guniang,9,69
ririmon,9,171
amagi_(volfuji),9,163
mofu07519,9,111
mu-pyon,9,215
zhuxiao517,9,128
gk,9,39
loup,9,52
nonjake,9,35
uni96_(uknee96),9,32
ham_(points),9,515
aimitsu_(ibityuttyu),9,107
tongtangtong,9,32
hagaa,9,65
hanzo_(2929),9,55
maruchan.,9,125
kazami_karasu,9,298
jee-hyung_lee,9,72
mk_(mikka),9,50
kaida_michi,9,195
yoshi-j,9,42
hizaka,9,1172
michigan,9,42
q-chan,9,47
mengo,9,50
whoru,9,173
dedeyong,9,41
sezok,9,227
yano_takumi,9,95
ebizome,9,419
karashino,9,48
ramachiru,9,70
sakana_(flame_sakana),9,206
kirino_souya,9,132
choumi_wuti_(xueye_fanmang_zhong),9,161
meiz,9,55
umi_no_tarako,9,37
nurie,9,32
kuromoto-kun_(rina_masimaro),9,53
himari_ii,9,32
seok,9,36
emu_(eomou),9,60
akuru_(akr369akr),9,74
san_zhi_chun,9,39
deltapork,9,39
unoshima_kanaka,9,52
ll_0109,9,55
gb_(doubleleaf),9,179
flask_(pandora),9,150
thin_(suzuneya),9,321
shiroie_mika,9,101
yanagisawa_masahide,9,32
shingo_(missing_link),9,321
kiguchiko,9,264
mochi_(mochi444420),9,144
hakurei_fling,9,33
amino_(tn7135),9,407
iseno_yajin,9,74
ak1222dece,9,36
rodeorodeo,9,35
o3tofu,9,34
fujiko_sugi,9,40
gnns,9,324
shibafu_(glock23),9,522
furyouhin_(bubumelon),9,44
utsunomiya_hetaru,9,64
butaneko,9,34
p_(pppppppppq),9,138
qing_lan,9,49
kei_(soundcross),9,358
atarime,9,36
kimi_tsuru,9,142
fuantei,9,888
sakura_no_yoru,9,70
whitek,9,40
kanbayashi_makoto,9,172
kiriyama_machi,9,46
kagome_(traumatize),9,193
yukishiro_arte,9,269
nassukun,9,602
taiki_(6240taiki),9,250
xephonia,9,247
neon_ui,9,63
nekokun,9,146
ddt_(darktrident),9,113
dusu_(htkj),9,32
yuu_(1969loy),9,46
maruro,9,138
awachi,9,61
karaage_teishoku_(regret1994),9,51
gm_(ggommu),9,92
chigasaki_yukari,9,393
tarayama,9,124
kurun_(kurun777),9,115
rozarin,9,61
tomboo,9,64
hakano_shinshi,9,137
prat_rat,9,141
kizami_nori_to_yamaimo,9,163
kaerunoko,9,142
zizi_niisan,9,151
horiishi_horuto,9,64
satsuki_(gogotaru),9,64
jinu_(jinusenpai),9,62
mille,9,116
sinko,9,143
kuroneko_(kuroneko3zizi),9,35
chita_(ketchup),9,795
czasjb,9,57
ringeko-chan,9,319
yasashii_naizou,9,153
saeki_sora,9,320
itou_tatsuya,9,104
akino_ell,9,344
chiharu_(9654784),9,276
teruki_kuma,9,199
sebunsu,9,102
jomae_gen,9,56
lamb_(hitsujiniku),9,138
fuku_(fuku12290574),9,109
0:00,9,50
ryuu-tan_(miuron),9,43
noppo,9,123
hibari_hina,9,67
tenneko_yuuri,9,333
reulem,9,144
nn_(eogks),9,118
moriyama_shijimi,9,105
jeffrey10,9,71
gomennasai,9,1072
doham,9,49
showerz,9,61
kisou_(kisou00),9,128
takamune_mm,9,34
fte_(fifteen_199),9,111
vulcan_(ejel2000),9,45
hechi,9,362
sempon_(doppio_note),9,290
sakkan,9,193
hey_taisyou,9,311
linmiee,9,186
raikun_raikun,9,84
tooku_nomura_(artist),9,129
pilky,8,75
wata9mm_no,8,47
kuroboshi_kouhaku,8,698
delalicious3_(voice_actor),8,43
kizukisai,8,42
domo_(domo_kizusuki),8,97
xiaoyu,8,77
yoshizane_akihiro,8,105
gou_lianlian_dogface,8,239
yuncha,8,61
gotoo,8,83
futaba_841,8,79
meno,8,66
zuchi00,8,31
its_just_suppi,8,59
heirou,8,277
hinokumo_f,8,144
kakeru_(fujiwara_kakeru),8,43
95---,8,75
waribashi-p,8,57
soo-hyon_lee,8,77
moriya,8,40
sukarabeeto,8,37
kusano_houki,8,111
mamezou,8,68
sabi1234,8,50
kitsune_udon_(ai_br),8,61
etyaduke,8,115
park_ongjol,8,89
c-wing,8,85
hehehzb,8,108
osomatu-sama,8,36
jinlin,8,50
teltelhousi,8,262
9nojo,8,75
zawameki,8,410
noeru,8,228
amane_(funfun),8,58
bmkro,8,98
pitui1996,8,48
suwaneko,8,369
riretsuto,8,46
oop,8,47
r-ex,8,93
sogabe_shuuji,8,125
kooemong,8,90
jas,8,285
molyb,8,204
ma_draws,8,44
binware,8,90
megakura_kinshi,8,34
inuga_anahoru,8,147
meo,8,91
randis,8,48
jilpoong17,8,129
suzuki_nago,8,69
deca_purio,8,191
eau,8,48
mattyakinako_(odango_imomushi),8,64
wet.elephant,8,207
solar_kaichuudentou,8,48
yuihico,8,459
orange_sekaii,8,147
greenteamousou,8,63
karin_bluez3,8,147
otowa_(otoha4634),8,121
asurada_yui,8,83
sch,8,272
nagare_yoshimi,8,70
tosakaoil,8,117
eol_9,8,41
gofelem,8,230
ikisugi_shokudou,8,54
uthy,8,84
eva_(hq8nn1ef),8,81
hio_(hiohio0306),8,36
rakkogawa_rinro,8,59
tekla,8,45
kavies,8,32
uuronhai,8,44
zouzou,8,55
chiaki_lsd,8,34
deshima_shin,8,35
mamecchi,8,60
aka_(shoumae),8,46
shippo_(shishizaru),8,40
bling_(wnsdud34),8,44
melow_menow,8,37
ramudia_(lamyun),8,544
cross_(crossryou),8,381
sasaame,8,470
kazi,8,35
poisonousgas,8,38
tsukamoto_kensuke,8,150
thomas_8000,8,394
urepito_honke,8,50
rumie,8,198
aikura_chihiro,8,52
khoaphan96,8,82
toroshio,8,39
natch_imaycz,8,63
pagong,8,202
kangaruu_(momotk1109),8,50
goma_tonbi,8,69
shiba_(pixiv244),8,34
rohgun,8,60
arantheus,8,32
yuxian_youka,8,107
damarinasai_(mineo),8,44
won_(az_hybrid),8,195
vinhnyu,8,286
riako,8,31
uouokuma,8,122
hoozuki_shia,8,76
wishbone,8,49
akaisu,8,43
mxsoundtube,8,40
olive_(laai),8,90
nekoro_(nekokabuto),8,58
obanana_(ahap7438),8,37
guiguz,8,33
takefumi,8,42
mokyumokyuchan,8,92
akechi_shizuku,8,120
voodoothur,8,166
cafelittle,8,42
dra_(area-s),8,404
piao_miao,8,40
atg_(wttoo0202),8,426
shidatsu_takayuki,8,81
ryuu_tou,8,113
ame-san,8,186
wangyq,8,98
apollo_(pixiv884782),8,35
vanna,8,36
agwing86,8,182
ganmo,8,44
dickbomber,8,127
kdkaikai,8,36
masago_(rm-rf),8,93
minertime,8,64
lor_(roasyerizyonirapi),8,215
ro-ga_(kurumaya),8,43
sapphire_satou,8,53
teddyellow,8,53
tori_udon,8,249
sasorichamaru,8,38
kurenai_karasu,8,228
mosho,8,714
ryuuzouji_usagi,8,65
shamakho,8,424
gia,8,478
alha,8,57
silver_tokki,8,56
yuunamida_uyu,8,289
inuhiko_(istdog),8,33
biya_(1024),8,165
gala_(16901040),8,87
wauwa,8,41
kakuteru_sudachi,8,112
kozakura_ryou,8,40
kagura_takeshi,8,38
iaurencin,8,33
snortzog,8,72
sangyou_haikibutsu_(turnamoonright),8,52
madyy,8,190
ichimatsu_nana,8,83
aku_(dejigiga),8,190
amaa_(chou_dennou_jidai),8,245
sicky_(pit-bull),8,150
s-now,8,280
kyosuke,8,59
suzhi2333,8,39
rokusketch,8,38
tanaka_rikimaru,8,282
holykoshi,8,58
sannio,8,105
itaba_atsushi,8,63
jyundee,8,60
fuchsia,8,39
kawachi_koorogi,8,503
nagumo_(qmzp10),8,41
douyougen,8,57
chikugen_shiina,8,108
mizuki_gyokuran,8,151
pear_sauce,8,83
poorgom,8,74
hana_hebi,8,53
lianbiglian,8,46
takanashi_ringo,8,556
saitou_yahu,8,99
onineko-chan,8,409
iku!_iku!!,8,46
bipup-hola,8,39
wuzhiang_liufu,8,43
bennopi,8,35
ryouko_(lovelovela),8,44
kakiha_makoto,8,114
yamashita_kurowo,8,61
doya,8,38
jjjsss,8,64
yuuri_nayuta,8,221
ajia_(otya3039),8,68
azna,8,170
sousui_hani,8,148
nomiya37564,8,50
ototobe,8,144
lancheu,8,88
sumita_kazuasa,8,31
awnw,8,33
reco_(fortunequest),8,92
niea,8,57
s10021,8,127
shounan_no_tamasu,8,39
sato_art,8,204
sekine_irie,8,61
kandzume_(kandume200),8,41
soosaresu,8,39
ikameshi_(nega96396),8,44
kai_(ootamuno12),8,59
inyuppo,8,134
mji_(emucchi),8,40
rotte_(1109),8,652
militia_minpei,8,189
inasa_orange,8,75
lilybell,8,31
satsu,8,32
9h,8,44
sunday_aki,8,212
godzillapigeon1,8,163
azuri909,8,42
sasasa_r_23,8,46
iskaydi,8,69
nekohane_ryou,8,64
ryuuno6,8,155
kaosu_kun,8,90
serakoutarou,8,49
match_(scp115),8,42
michelle_hoefener,8,37
vigwer,8,68
mr.blackcat666,8,96
amada,8,72
sutein,8,32
nannung,8,147
boogbogex,8,119
yunomi_(yunomi_hs),8,32
benten_(ioj3446),8,46
inase_shin'ya,8,70
yutazou,8,451
hubrael,8,238
400,8,35
grizz,8,114
akagi_kurage,8,572
fpanda,8,167
saiko_dagashi,8,118
chiyomaru_(yumichiyo0606),8,197
sato_(samanosuke_0710),8,33
immature_blue,8,33
tuskryo,8,128
nipi27,8,251
blvefo9,8,504
nak_yama,8,52
elel185,8,46
m.m,8,701
comah,8,452
ooshima_tomo,8,172
haru_kanata,8,32
nkgw,8,39
cream_bread,8,51
hika_(cross-angel),8,104
myama,8,497
fujie-yz,8,148
kuen_(kuennn12),8,217
brick_(atelier_brick),8,49
g_munyo,8,35
emyo,8,423
siva_(executor),8,165
motonaga_hiroya,8,60
kachikachipiroo,8,135
vialle,8,32
lokman_lam,8,124
gao_(naodayo),8,62
miyamoto_ryuuichi,8,198
segaxtu,8,99
sessue,8,76
mento,8,69
shirogane_hina,8,371
ash_(cat7evy),8,116
hontai_bai,8,35
amino_kohaku,8,58
kuma_(crimsonvanilla),8,276
mukunokino_isshiki,8,178
kamo_(gafas),8,102
asla_yu,8,92
sumaki_shungo,8,221
hiyama_izumi_(wttdh),8,46
xion32,8,86
snarkhunt,8,56
zhuotian,8,73
atoatto,8,149
shiren_(ourboy83),8,223
m1saki_1,8,37
inu_chikushou,8,85
nokishita,8,247
kurano_yuuichi,8,36
glaceo,8,48
unaji,8,79
ponke,8,90
yuli_(yulipo),8,108
yuukyuu_ponzu,8,47
bakasp-lilzy,8,37
mita_ryuusuke,8,51
doroti.,8,51
kuro_yanagi,8,127
myusha,8,349
inukaze_yamu,8,87
futapi,8,99
domotolain,8,201
xing,8,62
aibon,8,75
rei_(rei_9146),8,72
ougiikun,8,140
kaminosaki,8,47
makina00,8,50
hoshibudou,8,63
recare,8,92
leon_v,8,77
yumi_(careca398),8,112
taku-tama,8,32
emilio_(tetsukazu_no_ao),8,113
poseich,8,91
yutaka7,8,80
aka_tawashi,8,348
tyouseki,8,189
mil17459623,8,51
warren_louw,8,48
eatbara,8,46
yuzuki_himuka,8,197
natsuki_(ukiwakudasai),8,211
inu3,8,147
mandragoria,8,54
shinohara_kenji,8,51
kinta_(kinta_no_mousou),8,72
linreplica,8,216
shirogane_rio_(artist),8,50
yuto_sakurai,8,37
niiya,8,503
tight_(ohmygod),8,101
b1ack_illust,8,150
itsuki_kuro,8,141
hei_yan-m82a1,8,38
kimarin,8,179
mush_(mushlicious),8,92
mikomu,8,84
uzukinoko,8,105
shinoasa,8,651
geppewi,8,364
sxbzero,8,97
vent_vert_(kuuya),8,61
yazawa_oke,8,180
matsunami_rumi,8,39
enn_matien,8,96
ningu,8,32
volkies,8,60
nakabayashi_zun,8,521
sen_(daydream_53),8,88
minakuchi_takashi,8,49
tsukidaruma,8,38
manoji,8,174
rokushou_kokuu,8,93
deerwhisky,8,83
kurihara_kenshirou,8,163
karin_(fineyanny),8,58
kichin_yarou,8,85
kirisawa_juuzou,8,2463
hiroki_(hirokiart),8,90
amoriro,8,35
tafuto,8,158
fataaa,8,187
onaji_(sokudo_seigen),8,108
rasipan,8,32
uni_ikura,8,119
david_liu,8,245
nicholas_f,8,67
namerakaweb,8,64
jip,8,39
mori_yashiro_(konkon_oyashiro),8,60
maiku,8,364
minazuki_(jo),8,56
ryuki@maguro-ex,8,199
tsuda_akira,8,79
qtarou,8,40
otosume_ruiko,8,101
tocky,8,233
dream_demon,8,92
hima_(nichikan),8,47
k@non,8,39
sankuma,8,610
pizzasi,8,350
shuru_y,8,95
rondo_bell,8,177
arim0k0,8,355
katoyo85,8,49
uto_ki_te,8,37
kutta,8,66
nanashi_(soregashi),8,53
mapi,8,85
haro_art,8,74
hashimoto_(frog_flag),8,47
nyanom,8,62
chan_co,8,1076
agu_(antyosan),8,61
hiyada_yuu,8,134
acid_(acid-field),8,50
kim_yura_(goddess_mechanic),8,235
sassakntm,8,40
akahi242,8,286
kousi_sirazawa,8,67
suisui_(hakkindou),8,38
soranokaze15,8,49
yuuuun0218,8,39
b.c,8,125
g-tetsu,8,232
sendou_hachi,8,35
hirotake,8,48
inchore,8,44
ycco_(estrella),8,254
kirusu,8,225
kikuchi_tsutomu,8,247
kyousaku,8,112
syope,8,782
watao,8,349
hirotaka0125,8,135
tokopi,8,86
lumu_yuanxiang,8,47
aikawa_touma,8,81
sai_(saikun),8,49
sarasadou_dan,8,233
noriuma,8,206
imachireki,8,117
caron_(straycat910),8,59
beritabo,8,275
huleito,8,40
tesun_(g_noh),8,253
takanashi-a,8,170
maka_(user_rryf2748),8,47
rinko_riban,8,43
kasetsu_03,8,57
takita_(takita3411),8,144
tefco,8,78
yoshiku_(oden-usagi),8,250
k164,8,49
suyamori,8,84
nagi_(shunsuke-manage),8,128
yn_6262,8,37
auge_(akd),8,45
bushinofuji,8,100
t_lege_d,8,57
nanopai_kakumeikokonoyu,8,69
saya_(mychristian2),8,331
nanashin,8,41
nidy,8,368
hidaka_toworu,8,41
abarerumidori,8,49
tsukimoto_reiji,8,46
chan_sang,8,59
bosstseng,7,119
pinkboy,7,67
inaba_teitoku,7,84
umesato_yukino,7,38
kure_(kure_ng),7,171
aamond,7,83
geetsu,7,258
mi2mi2_minmi,7,77
doushimasho,7,546
metadora,7,70
elhddmois,7,32
sawara65,7,172
lem,7,59
kuroshima_kurishiro_(muyi24108414),7,86
tokorot,7,48
alf874,7,63
kamishiro_mai_(capti-no),7,144
jill_07km,7,429
ghostdoctor,7,48
ashiga_oreta,7,42
itsui_(dihydrogenmonoxid),7,95
sazanka,7,69
towa_rui_(artist),7,52
mikan03_26,7,66
d._(ddot2018),7,150
zashiki_usagi,7,82
syandega,7,143
juu_p,7,71
kazekawa_nagi,7,155
hal_(ojou),7,56
doufujintianxianle,7,61
mottsun_(i_40y),7,127
coyomin,7,59
miri_(miri_1m),7,51
ichijou_(kr_neru0),7,143
edobox,7,439
hoshizaki_hikaru,7,95
mmm_(ji1945),7,266
mimelex,7,75
curry_bowl,7,73
judge_martin,7,58
badamon,7,56
miton_(turuyasann),7,152
noa_(nagareboshi),7,278
nanotsuki,7,246
fuumi_(radial_engine),7,338
hal360,7,78
mikorin,7,33
j.xh,7,44
mesushio,7,109
adworse,7,57
beyumi,7,40
gtolin_chang,7,37
hanamasa_ono,7,200
onikobe_rin,7,1318
yori_(a_a_yori),7,42
tabunshake,7,60
fajyobore,7,276
shanguier,7,231
conope,7,43
harumi_chihiro,7,61
kanami9731,7,38
eterno,7,38
hoppege,7,403
epuko,7,100
makicha_(sasurainopink),7,771
velia,7,124
nanako94418108,7,48
nohoho_(kakikonchi),7,37
ebi_puri_(ebi-ebi),7,150
myung_yi,7,110
tanaka_ginji,7,110
aisutabetao,7,187
smkittykat,7,31
motoi_hiroumi,7,197
maechuu,7,40
kougasha,7,32
nyoon,7,52
meguri_uguisu,7,54
dai0,7,62
chaka3464,7,62
elsynien,7,58
shot_(shot0598),7,33
serizawa_nae,7,36
franz_(217franz),7,210
takemoto_yasuhiro,7,45
magister,7,415
wind7626,7,65
fugaku_(miko_no_miyatsuguchi),7,134
fei_er,7,33
c52278,7,33
asakura_noi,7,133
kt,7,68
jiino,7,307
sata_(sat),7,46
little_viktoria,7,54
hayana_neru,7,110
mamaprofennn,7,74
nattapuumuu,7,43
aibek,7,80
hone_(koppun),7,54
1059,7,34
namiki_(remiter00),7,260
sukebewe,7,178
shourin_bonzu,7,84
kaerunoashi,7,137
lalazyt,7,143
yuwan_2333,7,46
taguno,7,39
kozy,7,108
apple_(ygbhjdbiulsg),7,93
mokorei,7,160
aida_kan_mori,7,54
shukusuri,7,241
muju,7,103
tashiromotoi,7,67
peanut_huasheng,7,33
negimiso1989,7,90
chiroru_(cheese-roll),7,268
kagetomo_midori,7,78
oka_asaha,7,32
akara_kai,7,270
ryouto,7,32
pupa_jiang,7,62
mell_(dmwe3537),7,73
sazanami_mio,7,613
kindandowa,7,84
funa2001,7,53
kana_(ky4696),7,34
x-boy,7,92
donoteat,7,38
hopebiscuit,7,37
hk_(hk),7,199
seedkeng,7,88
aiu404l,7,87
gayprince,7,99
shiden_akira,7,33
yuyuzuki_(yume_usagi),7,100
tamura_masafumi,7,87
iuro,7,150
lena_dai,7,33
nikumeron,7,54
mamedenchi,7,42
haniwa-dako,7,36
watashinabe,7,97
kou_(kokounene),7,42
paintale,7,126
milim_nova,7,130
zanka_(the-only-neat),7,49
masin0201,7,105
rena_(riries),7,103
jyako,7,51
nagahama_megumi,7,88
mikazukimo,7,71
lintanghaseo,7,97
shitomiya,7,33
my_(mylilla811),7,33
raiya_atelier,7,175
moda_(mo_da_3),7,94
atsushima_you,7,35
om_(nk2007),7,391
miwa_shirow,7,659
milktea_(gggrrr2000),7,55
asuma_shin,7,41
bloodcatblack,7,56
chuunioniika,7,442
kyougoku_touya,7,335
pigone,7,97
ejami,7,667
kaopon,7,43
sk_(sk-g),7,54
freshtango,7,63
lendivere,7,39
luma_li,7,45
baerun,7,95
moekyon,7,121
hopper,7,59
miz,7,43
sikimosh,7,48
sasoura,7,129
ariesu_watanabe,7,62
mookyuu9,7,41
sogegin,7,44
nice_(artist),7,51
soriham,7,47
angoha,7,37
rima_(0136),7,95
myuchiron,7,52
buran_(22x),7,70
setta_shu,7,112
sukaliya,7,45
mechrailgun,7,136
silvercandy_gum,7,96
ichiyan,7,184
sumisuzu,7,67
nishizawa,7,408
yorozu,7,40
kuzumochi,7,62
arsh_(thestarwish),7,162
vent_arbre,7,421
melreon,7,65
r1zen,7,38
archieloras,7,35
rosuuri,7,513
monokuro_(sekahate),7,75
nox13,7,39
tatatan_(ts_kon2),7,70
aohashi_ame,7,336
kuziaaizuk,7,148
santos,7,41
raichi_(litchixlitchi),7,58
nagisa_(imizogami),7,53
takano_hayato,7,47
shiodome_oji,7,292
makai,7,236
kuro_(be_ok),7,351
katwo,7,274
kuruma_hajime,7,51
seno_(senohime),7,231
yukiyoshi,7,49
samoore,7,201
monkey_kusai,7,45
okita_ababa,7,49
shengyu_no_xiaoa,7,31
gobanme_no_mayoi_neko,7,226
laimer,7,35
satsuki_itsuka,7,70
shiyo_yoyoyo,7,37
aer_(tengqiu),7,113
hirunagi,7,441
akazawa_kureha,7,71
meimei_(meimei89008309),7,145
kanamura_will,7,47
zetsuyo_chimayo,7,171
echj,7,563
kurosaki_coco,7,103
ishiyumi,7,2218
kamayudetako,7,44
lookhow,7,76
ito_noizi,7,1392
p19,7,336
midori_boushi,7,56
matsudo_aya,7,95
kiri_futoshi,7,363
shell_(shell518),7,88
nomomono_eraser,7,36
alaskastomatoez,7,43
yoshizaki_mine,7,712
daru,7,41
toba_hiyoko,7,178
genda,7,66
aro,7,46
suenaga_(progressive),7,43
kuro_(kurojill),7,44
bobomaster,7,117
hourai_kochou,7,96
zanne,7,43
cucchiore,7,51
rahato,7,119
chidori_nekoro,7,55
blupixl,7,46
ringocha_(appleteatea),7,39
kurotobi_rarumu,7,80
utsusumi_kio,7,471
khibiki,7,84
mizuongaku,7,52
keyfanjun,7,76
kamoromance614,7,47
megane_chuu,7,110
araizumi_rui,7,196
oumi_sanaka,7,69
koikeya,7,67
ysmmzr,7,63
mironomeo,7,103
yasu_(yossy),7,55
zannen_na_hito,7,598
hikawa_shou,7,921
zhi_zhi/zu_zu,7,110
kermittend,7,129
kodama_yuu,7,239
jsih,7,42
moeki_yuuta,7,229
gacha_(ssaketen),7,57
asa_ni_haru,7,84
kyouki,7,60
bengus,7,160
ahedtra,7,57
u_(lastcrime),7,60
sdwing,7,80
goyacchi,7,41
noixen,7,189
1860_(ichi),7,46
narafume,7,39
n36hoko,7,48
yamoto,7,42
sui_(aruko91),7,51
b_suke,7,70
lovezawa,7,39
kurozero,7,112
wuzeirou,7,32
natsuzakura_yuuki,7,100
fankupl,7,139
yamaneko_ken,7,44
miss_black,7,46
rotix,7,318
mizu_kane,7,64
mytyl,7,85
yow,7,33
iwamoto_sora,7,228
ae_iueo,7,103
nikusenpai,7,101
ushihashiru,7,102
chingisu,7,122
senamashiro,7,33
yoiti,7,123
z5987,7,46
kon-kit,7,416
cici,7,64
minari_(minari37),7,87
tun,7,189
milk_puppy,7,125
hino_minato_(spec.c),7,256
garasuno,7,118
honzawa_yuuichirou,7,208
pomita,7,34
kbisuco,7,45
shino_(r_shughart),7,72
bencao_gangmu,7,188
hitomin_(ksws7544),7,182
yadamon_(neverland),7,51
omaru_(0marufestival),7,82
sugimoto_isao,7,206
you_naka,7,87
pukun,7,36
miyakouji,7,68
okuda_yasuhiro,7,506
dars_(recolors),7,457
sumomo_kpa,7,55
t-hiko,7,36
nakamura_kusata,7,165
yu_(bkks),7,65
zkstxxx,7,81
kuraki,7,104
flying-frappuccino,7,47
kumichou_(nakasato-gumi),7,64
enpu_(ufo),7,36
mrhunking,7,43
karuushi,7,39
qiufengxiaose,7,45
asdj,7,76
sakura_yuu_(hzjy8485),7,42
hidezi,7,117
pinki_(shounenkakuseiya),7,159
aya_(min412),7,51
inarou_(rakugakiproject),7,59
sadan1317,7,65
dokuna,7,70
napo8593,7,36
hinoru_saikusa,7,187
ryuntack,7,133
miyuki_(yxbt7),7,40
miru_(mill_36),7,177
nyanmaru,7,214
takunama,7,46
ecell,7,125
asgykk,7,127
osame,7,224
topgear,7,40
misaki_yuu,7,108
ikayaki_(ikayaki4),7,94
fieryonion,7,55
toweling3,7,55
ach_(zjakskwdf),7,37
duke_(inu_daimyou),7,544
kaibootsu,7,55
ruhika,7,338
yossyzero,7,39
warashi,7,209
le_zhang_zhang,7,39
hmniao,7,92
crumbles,7,606
bakushiishi_at,7,71
shycocoa,7,95
kuroneko_sakon,7,55
numako,7,117
n3o2,7,36
suzuna_(najaran),7,60
nonamejd,7,31
semotaretare,7,37
keikei_(kitty_colors),7,84
lozelia,7,146
wakkuchin20,7,70
cat-quest-sun,7,32
heoningu,7,119
daniel_fielding,7,37
noeunjung93,7,50
kin-san_(sasuraiga),7,79
tanukikouji_midori,7,57
mikimoto_haruhiko,7,220
clear_cross,7,32
yuki_hotaru,7,87
nolmo,7,57
shirousagi_(sirousagi1998),7,38
minaha_(playjoe2005),7,276
kuraken,7,36
saikura_noushu,7,42
douji,7,235
nujima,7,105
kazuneko_(wktk1024),7,152
walkalone,7,85
kurume_shou,7,94
chicken_(chickenx),7,65
te_toga,7,113
mikan_29344886,7,89
nennen,7,125
yahoo0124,7,40
metatarou,7,60
moboj13,7,45
michirutnk,7,75
dotekabocha,7,54
cube_(alma),7,35
hungrydurp,7,54
ayyk92,7,211
shing_(sorairo_factory),7,81
naltal,7,102
azitama_atsushi_(attyuu),7,71
izumi_yura,7,35
kurogane_ken,7,90
kagerou_(shadowmage),7,142
kaijiba,7,53
sansan_(dongfangzhong111),7,110
mofu_namako,7,413
noda_shuha,7,99
popii_(yuuta679),7,67
ueda_katsuhito,7,116
herohero_(higashi_no_dou),7,234
onock,7,33
suikakitsu_shiro,7,154
kitahama_(siroimakeinu831),7,338
gerotan,7,149
kamo_kamen,7,400
kohakugin,7,130
inuinuo_gataken,7,77
rudang,7,57
nyaru_(nyaru_4126),7,503
xooku,7,49
sanhon,7,40
rinmei,7,87
umihal,7,102
nekobaka,7,540
tamayan,7,428
poncocchan,7,180
iketatsu_shizuru,7,34
sterben,7,82
sido_(slipknot),7,324
nanashiki,7,40
turiganesou800,7,106
wolfina,7,44
nod,7,57
akou_roushi,7,440
harry_(namayake),7,56
isomine,7,47
nix_(ak-style),7,33
jianren,7,151
shirono,7,231
amagasa_ikuta,7,64
orebelt,7,33
ed_(edemevas),7,47
ruruepa,7,90
ris,7,33
pico_(picollector79),7,148
kemi_(kemi433),7,45
takase_asagiri,7,203
uni_mate,7,622
togin,7,41
maosen,7,51
sedai,7,38
kyuri,7,204
rioru_(rioru_v_v),7,82
akamirai,7,69
akariya_kuubu,7,49
easy_(aqk7bdqt),7,230
waterkuma,7,332
kaze_(kazesan),7,84
kajitsu_no_hito,7,80
hentai_kuwa,7,45
con_potata,7,138
kawahara_megumi,7,51
mujinbensin,7,541
suigetsu_(watermoon-910),7,125
ghhoward,7,82
meesuke,7,73
comala_(komma_la),7,201
hwan_(mob_hwan),7,175
7lark,7,107
kono2noko,7,54
ibaraki_natou,7,362
shihira_tatsuya,7,100
tanaka212,7,48
ginopi,7,127
icetea774,7,97
jokarara,7,33
sopranino,7,38
signo_aaa,7,192
fujita_hidetoshi,7,86
kaya_rio,7,175
moegi_(honey_122),7,60
kamiya_yuu,7,203
inaka_44,7,78
nidoro,7,89
kajichan,7,46
zomzomzomsauce,7,142
jalm,7,41
masatoki,7,75
yamamoto_shuuhei,7,126
takayama_dan,7,49
mama_(mama_hiro),7,186
meow_nyang,7,87
kanro_ame_(ameko),7,135
takumi_(rozen_garten),7,179
ugai_yuichi,7,91
houshiruri,7,59
wata_do_chinkuru,7,794
nekoemonn,7,51
kajuu,7,123
asashin_(kazami-tomo),7,101
mimura_zaja,7,211
tokiani,7,487
mikan_(user_negv3532),7,47
takenoko_seijin,7,58
shiromitsu_suzaku,7,73
macartura08,7,48
miyuki_ruria,7,314
kereno,7,261
sanohiramugi,7,34
hisui_(user_zvkr2432),7,83
sola_(solo0730),7,112
shone,7,582
bula,7,43
qiu_ju,7,126
shiou_tsuyukusa,7,38
ikeda_shouko,7,317
fujisaki_rei,7,76
natsugou_shinogi,7,75
hanasaki_mahiru,7,141
petag2,7,61
fufumi,7,93
amaimochi,7,42
forest_(4423),7,350
kurusu_tatsuya,7,128
eds,7,78
mercy_rabbit,7,221
tsuki_hana,7,41
yukino_minato,7,294
todoroki_(xttn9dul),7,35
ryu_o,7,31
rukialice,7,50
malachite,7,74
ra_coon,7,39
mio1030,7,38
fuzuki_fuuro,6,152
toron_(mino106),6,134
mori_marimo,6,54
shigatsu_(soratobuusagi),6,56
songjo,6,35
kizaki_(volvox),6,135
luxearte,6,33
ryusei2u,6,68
mitsumoto_jouji,6,1212
doha_skylightscent,6,60
monomono,6,50
yomusugara_(uzo-muzo),6,36
hirose_madoka,6,126
kira_(kira78718520),6,37
shasha_(shasha159357),6,48
uraichishi,6,173
paru_rari,6,336
yamazaki_kana,6,34
yoshimi,6,46
tio_(005),6,50
hinata_mizuiro,6,56
thatob,6,34
shisoneri,6,273
love_(pspdspsp),6,34
nishinomiya_suzu,6,71
azusa_(hws),6,602
waymay,6,37
kairi_(miry666),6,40
kanno,6,91
amagimei,6,67
amatiz,6,81
hayami_kyuuen,6,36
namiki_kojiro,6,31
itete,6,78
sharumon,6,231
kuratch,6,48
surikogi,6,70
fuuen_(akagaminanoka),6,566
equal_(melomelopunch),6,58
tomoki_tomonori,6,52
sasakawa_arumi,6,52
hirano_katsuyuki,6,702
mayo_(becky2006),6,293
cocytus_(wind_master),6,83
tsunemoku,6,121
fujisaki_ribbon,6,54
kinryuu,6,51
blackjunk,6,63
yami_nabe,6,42
jnt,6,148
@ichigo,6,66
nazo_no_murasame_chiaki,6,56
boro,6,160
ishida_akira,6,348
sola7764,6,216
fervent_idiot,6,77
nao_suke,6,97
azelweien,6,108
sae_(renkyuuake),6,60
cero_(last2stage),6,150
reon-shi,6,42
hwansang_jungdog,6,112
akihorisu,6,93
bisco_(letitbleed),6,38
kradebii,6,158
kagesaki_yuna,6,164
mikuro,6,108
vasily_(run211),6,36
coso-ri,6,40
hujikok,6,217
piro_(orip),6,220
nemo_ringo,6,85
gatari,6,80
fruit_punch,6,210
hamuhamu,6,84
lunamoon,6,132
blueriest,6,51
nin10ja,6,51
kuza_brs,6,89
flatculture,6,91
arqa,6,126
huangyou,6,37
takebouzu,6,33
rekise,6,79
wan'yan_aguda,6,341
maetaku,6,66
norasame_(dagako),6,132
maeashi,6,57
hashimoto_mari,6,51
babigonice,6,86
neibii,6,52
kurokimoko,6,53
mikiharu,6,34
sazaki_hiyoru,6,57
taru_neko,6,116
us@myo,6,31
apo_(apos2721),6,47
ayano_rena,6,35
hanta96,6,46
mattsu,6,48
tsukimichi,6,31
leria_v,6,196
hayashi_takeo,6,36
fengli_(709622571),6,78
leavv,6,176
sasetsu,6,101
tapioka_(coconuts),6,68
sora_(efr),6,218
ice_reizou,6,103
miyajima_reiji,6,76
luncheon_meat_umai,6,48
funi_mu9,6,352
pipipipyu,6,39
bu_li,6,89
muroi_(fujisan0410),6,33
meshiya,6,39
fujisaka_lyric,6,138
kian,6,66
echanis_enicha,6,56
azu_(azu401),6,40
kitano_tomotoshi,6,116
mentaiko_jojotarou,6,42
cyanomirahi,6,88
dabadhi,6,161
tanaka_yuusuke,6,38
hiroshi_(hunter-of-kct),6,215
aoi_renji,6,47
jonsun,6,403
yuumaru_(you-mya),6,52
ciosuii,6,46
mutomorokoshi,6,51
victor_(tama_e_akira),6,62
yaoshi_jun,6,186
komupi,6,38
pilokey,6,183
aiphelix,6,72
kaima,6,42
hoono_yurumu,6,41
nacho_(nacho_1103),6,66
yoko_(nz_g),6,94
hiroshi_(2443303124),6,61
nagatsuki_rio,6,34
mishima_ssuru,6,32
somna,6,66
kamo_ashi,6,120
aitaso,6,49
mikawaya,6,40
black_(artist),6,42
yakuta_tetsuya,6,38
suzumori_(su2525),6,68
shibano_kaito,6,120
rinku_(rin9),6,100
kika,6,68
geromonja_teitoku,6,45
gurobeya,6,37
masayo_(gin_no_ame),6,670
yuku_(kiollion),6,297
nekoyashiki_nekomaru,6,33
rairyuu,6,43
taono_kinoko,6,87
tsuchifumazu,6,139
kusaka_maichi,6,38
ebiblue,6,586
kakihou,6,32
rhine,6,45
kiririn,6,38
sosuke_(yrmon),6,58
wumumu,6,128
ryoya,6,33
nishiumi_rin,6,51
kimimaru,6,41
nemo_(leafnight),6,173
jtr,6,40
shimogami_ataru,6,40
suraimu_(suraimuraimu),6,169
shikano_sumiaki,6,186
temu,6,150
morita_(moritania),6,129
harukaze_unipo,6,257
natsume_(tsu-na),6,43
zarsy,6,36
damiaodi,6,45
zen_(kamuro),6,1652
pudelmudel,6,104
mitchi,6,250
yamadori_yoshitomo,6,151
haru_(nature_life),6,174
not_on_shana,6,113
asususususu,6,140
shiranui_(nisioisin_sinob),6,32
nibiiro_shizuka,6,306
dahe_zhuang_(yishi_fanhua),6,34
takoyaki_(takoyaki-batake),6,102
heiyizhushenxia,6,78
hayashi_sakura,6,103
spooki,6,32
miazuma_sarin,6,154
red_cucumber,6,161
hase_neet,6,137
katou_setsuko,6,34
toosaka_asagi,6,1773
atorosu,6,45
akira_(umihan),6,50
mugino0515,6,62
leste_(humansequencer),6,31
ton_ton_tontoro,6,53
jesse_(pixiv34586727),6,145
guru,6,60
auru_t,6,80
takuyasaeki,6,57
hallo_(rltkdydrltk),6,37
fuwafuwatoufu,6,143
rakurakutei_ramen,6,343
ebisumaru_(ebisumaru3),6,42
hahihu1782,6,83
fangdan_runiu,6,285
asya,6,149
akudato,6,33
q18607,6,42
kuroshiro00,6,127
driftingtiger,6,86
waterswing,6,119
ah_luan,6,32
asano_akira,6,39
harukasu_(mememememo),6,50
kuma_xylocopa,6,35
majo_(pastamajo),6,104
kinagi_yuu,6,189
colo_(nagrolaz),6,365
rikumaru,6,285
suzuno_(kazahanasu),6,54
maguta,6,125
hasegawa_keita,6,117
behalter,6,64
spicy_bardo,6,232
sr_soba,6,49
enami_(e373),6,62
yukimura_usagi,6,62
ri-ko,6,66
saberillya2,6,33
mos,6,54
fumei_(mugendai),6,138
pepeo,6,80
juurouta,6,667
watanabe_ignica,6,72
miruto_netsuki,6,300
watari_yuu_(haskey),6,42
hop3,6,128
suka,6,252
kohinore,6,62
nekoya_(liu),6,670
yoshida_on,6,197
yui_7,6,100
ero-god,6,73
koujouchou,6,89
shi_ecchi,6,80
cla_(torinabe),6,54
shishi_otome,6,37
murasin,6,45
valefal_coneri,6,216
tanada,6,47
mtkg_05,6,31
chikoku,6,62
copycat_(dryfood),6,82
sia_namsbinpeni,6,37
futasan,6,35
yozakurayuyu,6,37
uatemyrice,6,31
kumasawa_(dkdkr),6,88
kishimasa,6,55
kamenozoki_momomo,6,221
reihou19,6,134
wasumi_kei,6,97
kusanagi_kaoru,6,252
mika_mikan,6,86
ryou_(shirotsumesou),6,160
xuanlin_jingshuang,6,62
ina_(inadahime),6,181
konpasu,6,38
natsume_riu,6,49
okera,6,150
kisaragi_mizu,6,168
l.k,6,82
daichan_mona,6,67
imigimuru,6,187
ogihara_mach,6,243
kurutsuki,6,44
rutarou,6,51
c-da,6,90
shindoi_akio,6,54
akai_toshifumi,6,56
hayasaka_(neoneet),6,38
ironashi,6,87
inumori_sayaka,6,203
tong_shui,6,34
aotsuki_kaoru,6,44
sheita,6,338
neg_50asu,6,41
popqn,6,682
platin_(alios),6,68
tooya_daisuke,6,106
kivavis,6,53
polilla,6,187
daylightallure,6,135
yuri_(chocho_q),6,71
justin_paul,6,39
rizzl,6,232
pharamacom,6,118
rururiaru,6,211
laserbiubiu,6,51
akutagawa_manbou,6,69
surfing_orange,6,89
dungeon_toaster,6,152
kawacy,6,425
aor_saiun,6,48
hiyama_yuu_(wee259hiyama),6,241
yuusa,6,142
homing_(areya),6,127
702_(naotsu),6,36
milkytiddyboy,6,34
oroshipon_zu,6,65
argon,6,59
kou_(haijindeath),6,251
torakichi_888,6,62
yjy,6,79
takaba_momo,6,58
benjamin_button_suukina_jinsei,6,48
porikeracchou,6,48
sakura_puchirou,6,72
narumizg,6,81
ijiro_suika,6,152
zeni,6,54
kuromasa_shisei,6,56
doroshii,6,32
chacha_(ss_5087),6,207
sora_(men0105),6,189
youhe_hino,6,138
kuronekozero,6,55
rie_(reverie),6,187
funkid,6,38
mellozzo,6,118
toriseru_(rare_stone),6,154
mitake_eil,6,318
eight_tohyama,6,213
soruna_(nell),6,62
clovisxvii,6,47
rourou_ill,6,163
kurashina_yuzuki,6,78
sino42,6,200
asakawa_remon,6,73
fagi_(kakikaki),6,350
takahero,6,423
kumaisao,6,43
ranma_(kamenrideroz),6,329
sakaki_(utigi),6,162
hajime_kaname,6,247
tax2rin,6,68
cocoablue23,6,92
date_(senpen),6,258
suiu_shinotsuku,6,45
bbybluemochi,6,39
rokosu_(isibasi403),6,75
ralf,6,45
tachibana_surimu,6,33
daizu_sanchi,6,47
iwashi_80,6,149
maitei_roppa,6,113
abarai575,6,44
hiroikara_(smhong04),6,54
tasselcat,6,51
vrkdh,6,50
tokunou_shoutarou,6,469
musashiya_chougenbou,6,118
hottan!,6,34
shooot108,6,39
tako_8_yaki,6,56
penguin_maru_(penginmaru),6,130
airi_rei,6,37
momozukuku,6,35
hbb,6,66
sk_tori,6,56
goldmondsel,6,35
rynzfrancis,6,165
cocoballking,6,138
pocche-ex,6,91
tsuzuki_maki,6,36
dduck_kong,6,326
liu_zhao,6,34
komito,6,38
ikk,6,41
kousei_(public_planet),6,629
ayuko_(ayuko54bornthisway),6,67
jigoku_inu,6,41
nyasa,6,41
xi_oshir1,6,62
tesin_(7aehyun),6,136
green_little,6,86
zer00han,6,56
ruchi,6,226
nichijo,6,61
bureikubureido,6,55
hazuki_lime,6,35
amiami,6,67
uesugi_kyoushirou,6,40
neyuki_rei,6,135
ofly_(ofly252),6,36
scarlet_(studioscr),6,193
shikishima_gangu,6,36
tonomayo,6,73
oshiruko_(uminekotei),6,315
okojo,6,48
weien,6,54
yappy_(yapis_company),6,35
date_naoto,6,53
bbb_(33kudo),6,71
hirakawa,6,49
absolutemabbak,6,50
luxu,6,71
nishimuku_meri,6,53
yamakusa_yuu,6,32
hiiragi_hazime,6,431
hakugin006,6,60
ziko,6,51
kotetu_han,6,47
osora_(judithandlilith),6,195
daru_(kumakumadon),6,85
y0ung,6,86
kamille_(vcx68),6,1329
zedd_(zedgawr),6,190
218,6,223
kotohane,6,73
orrdriver,6,55
dio_nand,6,113
paco,6,124
takenaka_hideo,6,36
koyama_tomosato,6,41
n3moni,6,101
daiki,6,58
seo_kouji,6,133
nomura_tetsuya,6,159
shouma_(bravespiritya),6,107
muuten,6,65
nichibotsu_(kitaziman),6,128
hota,6,251
takanashi,6,79
kuro_ari_(pixiv),6,65
kuri_youkan,6,94
hateri,6,43
akisame_ruu,6,36
modoki_kuma,6,36
phantania,6,95
julioalqae,6,52
raochuu,6,31
xubai,6,87
one3four!,6,35
k_jie,6,211
sengoku_aky,6,198
cawang,6,144
paranoiddroid5,6,62
oomasa_teikoku,6,148
saturndxy,6,120
mokoke,6,164
shigatsu_itsuka,6,31
yuu_(asaiyuji),6,56
yoshii_yumi,6,39
phiphi-au-thon,6,76
nyantcha,6,1844
mukkushi,6,167
scarlet_zel,6,96
lina_(interlude),6,47
amuriha,6,63
jiz_(pffbq),6,34
noli-pee_(little_stupid),6,34
aneunyeoja,6,33
aoi_sora-maru,6,36
koike_sadaji,6,35
minagi,6,131
greentree,6,73
gz_(gzdteee),6,47
utanone_shion,6,99
sk_jynx,6,69
hizuki_aki,6,65
liong,6,74
ya.yu.,6,51
tmasyumaro,6,92
yumesato_makura,6,544
tougetsu_gou,6,205
takacchi,6,39
ootsuka_shin'ichirou,6,258
lufi_ays,6,202
den_(zeroshiki),6,100
kanata_(kanata_onion),6,65
nagayama_yuunon,6,360
buyong22,6,34
gokurakuin_sakurako,6,50
izu_(tea_value_lord),6,60
fukushi_ryouhei,6,50
madara_sai,6,126
mokuren_(mozukukirai88),6,56
cheesecake_(artist),6,50
kitayama_miuki,6,307
umino_hotate,6,55
kumehara_chiyota,6,106
takase_muh,6,574
haruyuki_(gffewuoutgblubh),6,250
chirorian,6,52
blackma_(pagus0012),6,47
nametakenoko,6,99
kuro75268,6,37
obybuss,6,46
kamiya_(amamiko),6,38
iroyopon,6,506
iu,6,104
yuiki_(cube),6,78
shishin_(shishintei),6,122
jittsu,6,245
tanyatonya,6,112
doko_tetora,6,342
oooqqq,6,47
ziogon,6,66
black_light,6,71
yagi2013,6,140
nomeazog,6,79
level.21,6,62
qralto,6,32
sukoyasu_r,6,39
john_(nakoto),6,138
hikanyan,6,213
yomogi_(becr),6,31
laki,6,48
punc_p,6,57
di_qi_gang_guang,6,42
darui_hito,6,33
hazuki_gyokuto,6,64
hirayama_kanna,6,134
hades1580,6,35
tsukizaki_shizuka,6,39
ichikura_(bk),6,70
silanduqiaocui,6,107
izaac,6,40
tama_(tm_suac),6,39
byuune,6,34
alva,6,63
chushengdao,6,73
cryturtle,6,80
ccjn,6,42
dantahi01,6,32
tonki,6,47
notgustiarp,6,44
namo,6,98
kibou,6,101
shikito,6,590
shou_mai,6,58
nonekong,6,31
ryu-tan,6,43
damenano104,6,57
komo_da,6,59
tamaki_fuyu,6,73
miy@,6,219
hinata_hibari,6,151
nekomicha,6,37
ryuji_(ikeriu),6,271
hollomaru,6,151
maisaki,6,56
moura_(kenyuugetu),6,152
yizhirenben,6,134
poruserin,6,64
jiaoshouwen,6,40
e-wing_(ewingillustrate),6,41
mikage_nao,6,75
romana,6,172
nagy,6,185
yamayu,6,59
marcy_dog,6,58
2v_(joyeong),6,61
yuunagi_show,6,34
shigetashigezo,6,31
umarutsufuri,6,231
takehide,6,60
rin_ateria,6,86
saruchitan,6,192
rong_yi_tan,6,114
kondoru,6,66
suzuki-shi,6,36
hatsu_(first_snow),6,70
jon_eve,6,56
210ten,6,71
pai_kebon_baa,6,48
noco_(adamas),6,409
shiero.,6,91
aosuke_(ayakawa_akito),6,61
so-taro,6,132
nt50,6,57
ks_(xephyrks),6,409
dealesis,6,60
shimotsuki_keisuke,6,105
fujikura_ryuune,6,94
ugono_takenoko,6,47
l.wolf,6,44
hibimegane,6,161
u_rin,6,160
pu-chin,6,65
tinpam,6,34
mexif,6,166
perry,6,43
takamine_nadare,6,328
asazuki_kanai,6,63
unti_no_azi,6,35
mizuki_riko,6,169
yuichi_(sp_sakura_yoshi),6,52
natsumi_chorisuke,6,72
yakitori_(oni),6,79
urokoda,6,65
takatou_suzunosuke,6,56
amiko_(frostedchocolate),6,39
nnz,6,75
chengongzi123,6,38
fujimoto_satoru,6,83
baek_hyang,6,118
awa_suna,6,56
roco_(rocoroco1115),6,119
kazuko_(towa),6,101
luupechi,6,73
ayama_nano,6,81
yun_(dust-i1),6,84
mzyk,5,47
inuinui,5,577
tyson_tan,5,41
nachos_(chos_na),5,38
eru-sennin,5,73
sellel,5,102
sakura_kanawo,5,110
kagura_chitose,5,185
hattori_masahiko,5,144
saga_taichi,5,36
fcp,5,41
wingtemple,5,48
tamuhi,5,88
imamiya_pinoko,5,122
suihi,5,162
azumaya_hironaru,5,156
mueririko,5,52
neki_(wakiko),5,673
sakazuki_sudama,5,55
ai_dongdong,5,162
jyun,5,42
eushufeal,5,69
penguintake,5,121
weshika,5,109
nunnun_(shunka_shuutou),5,86
mof,5,150
zan_(harukahime),5,365
kolshica,5,267
wattsu,5,70
azuma_toh,5,143
mikomo0106,5,51
yu_pian,5,57
sayori_(oskn),5,86
woodsbench,5,37
kafeifeifeifeifeifei_jiemo_jun,5,90
yuuutsu_shan,5,43
diao_(nrays),5,32
mizuno_kakeru,5,47
egawa_satsuki,5,335
mikage_takashi,5,1437
shirosu,5,144
zheyi_parker,5,45
mmrailgun,5,109
oyaji-sou,5,329
pengrani,5,90
otoutogimi,5,144
meron,5,113
urielbeaupre15,5,35
krjenl,5,45
hamstarhand,5,48
althea_(sakiya0000),5,87
yuuki_yuu,5,80
motsu_(selshia12),5,80
zen_juraku,5,95
syou_(endemic_species),5,86
hk_(nt),5,172
yyy_(zelda10010),5,105
sagas293,5,108
suke_(share_koube),5,134
ediblepanda,5,38
syatey,5,277
nabeo,5,34
metalwasabi,5,62
wuwuwu_(kriswu555),5,39
nitogebeto,5,51
gdd_(vkejr702),5,59
jehyun,5,163
1000000000,5,54
sourenkio,5,33
gumbat,5,34
bu_tika,5,35
yamato_(muchuu_paradigm),5,226
tokkyu,5,477
maonatten,5,86
moyori,5,326
marinon,5,41
parasite_oyatsu,5,104
zhvo,5,131
dayshiart,5,67
katsura_masakazu,5,106
kirima_(user_danf8787),5,118
tsukishiro_kou,5,58
ssong2,5,49
oomori_harusame,5,91
infi,5,170
ebi_tendon,5,120
seta_(monyun),5,50
ootani_nonno,5,117
sasakichi_(ssk_chi),5,191
olga_korezky,5,47
ganaishoten,5,156
doushindou,5,36
drums_(artist),5,111
inuyama_konan,5,61
bumcha,5,80
hrd,5,188
kuze,5,62
timbougami,5,579
dr._gero_(staedtler_0508),5,56
sugiyama_nobuhiro,5,99
musashimaru,5,44
kiwoseo_meogneundas,5,39
senzaicha_kasukadoki,5,173
eikaa,5,50
fylus,5,66
murasame_shia,5,95
nari_(narikashi),5,53
kuromiya,5,1191
bun_(hiyokomame),5,39
katy_(artist),5,69
nelo_anjuurou,5,34
luye_yuan,5,51
honma_(honmatomohiro),5,167
andy2465,5,65
mark_jin,5,64
ginji_(sakaki_summer),5,196
jess_(jelee),5,59
nekodason,5,34
shizuma_yoshinori,5,413
7gao,5,231
remotarou,5,52
nontan_(nontanexx),5,35
zelitto,5,196
airbo,5,37
mon-chan,5,79
frostcyco,5,106
himenomikan,5,79
tsukamoto_takashi,5,48
kudou_(sikisiki0000),5,154
chiru_(218mg),5,69
mafuyu_hemp,5,49
tetra_takamine,5,51
rei_tuki,5,33
utano,5,1191
horii_kumi,5,53
bear_(artist),5,47
trombe,5,41
zanku,5,81
zuzu_(ywpd8853),5,40
ogura_toast,5,60
genera-x,5,49
nikumocchi,5,35
e-fa-dorn,5,131
heijialan,5,155
auer,5,147
eungi,5,60
kosshii_(masa2243),5,338
masaki_(celesta),5,131
aka_kitsune,5,102
beleven,5,159
bexercube,5,35
minatasiro,5,57
kevn,5,103
wontam,5,34
natsu_yasai,5,57
himukai_yuuji,5,247
koissa,5,325
erica_(naze1940),5,400
zaoanjisi,5,31
tokutokenzen,5,55
sakurami_sumi,5,117
c_turtle,5,44
yuuki_(irodo_rhythm),5,240
starbirbz,5,37
mukaibi_aoi,5,212
pmx,5,68
boa_(brianoa),5,642
kutar22,5,81
raki_kr,5,172
kcar66t,5,120
iwai_ryou,5,144
re:n_ne,5,31
ram_hachimin,5,332
toranashi,5,62
mameroku,5,99
okutomi_fumi,5,68
kojima_takeshi,5,512
yuuppi,5,67
yangshangshu,5,80
sakakiba_misogi,5,384
gukukimu,5,50
masu_shu,5,87
gosama,5,48
utu_(ldnsft),5,228
eguana,5,50
igusaharu,5,196
serino_itsuki,5,215
mikeco,5,154
yunimaru,5,241
yuren,5,31
hermithessa,5,34
byoukitakashi,5,37
amamoru_21,5,33
rucchiifu,5,516
wangzili_shitoumen,5,38
arc2urus,5,59
luoloo,5,37
okino_ryuuto,5,54
kawauchi_(kaz7ry),5,53
shizumi_satou,5,57
mizumori_keiichi,5,203
raybar,5,151
yuki_mizore,5,66
takase_yuu,5,98
imasan,5,32
zymonasyh,5,49
tonarikeru,5,566
1z10,5,42
kutata,5,188
oniku_(oishii_oniku),5,141
ice_dragon_(artist),5,32
uni_mmtab,5,37
qwertame,5,57
poteto_(potetosarada123),5,58
miyabi_(miyabeeya),5,77
mao_ge,5,63
senkyoushi_gondolf,5,48
linnkou,5,32
kanijiru,5,199
jaimito,5,40
kayura_yuka,5,166
penelope_and_me,5,40
gogatsu_fukuin,5,269
wokiiarts,5,43
shisei_(kyuushoku_banchou),5,323
6maker,5,97
juukyuu,5,54
fifiruu,5,386
aono_ribbon,5,94
eihi,5,146
kahis_(sweetbriar),5,61
scalizo,5,42
hai_(h81908190),5,168
kou_(inaba),5,39
sabi_wasabi,5,49
kopaka_(karda_nui),5,871
ayuman,5,186
darr1o,5,52
sugar_(sugarless),5,93
pon_takahanada,5,43
taka_(hiroa),5,39
yutoriko_(candy0905),5,56
shunsei_(muratou),5,211
horonamin,5,55
piancaesar,5,41
mizukoshi_(marumi),5,199
iikiroro,5,33
kaeru_(meriruou),5,40
zyl,5,72
tsubudashi,5,32
koshigaya_tatsumi,5,41
mirutsu_(milts),5,93
ark_ford,5,64
pocari_(sq551),5,156
ayatudura,5,39
kuon_(break_through),5,84
minaka_shobu,5,69
igayan,5,391
kanpyou_(hghgkenfany),5,109
chika_(toumei_kousoku),5,56
aoma_(xuanzexuexi),5,80
afrostar,5,35
parazan_d,5,54
gond,5,131
kasei_yukimitsu,5,42
tamon_ketsuyuki,5,55
oxygen_mask_(oxygenmask233),5,80
mmu,5,83
safaiaart,5,37
shumai_(sm318),5,103
sanukiske,5,75
bbeedol,5,89
kaninn,5,179
m.tokotsu,5,171
taira_yuuki,5,431
pipin_try,5,31
kakitama,5,187
saku_(kudrove),5,460
chemical-x,5,86
rifu_(643763873),5,135
tousaki_(tousakiworks),5,42
kotohatoko510,5,46
tama_(tamago),5,719
kissai,5,79
horiguchi_yukiko,5,593
satochi,5,48
sasamashin,5,140
ryokushiki_(midori-ya),5,193
akkijin,5,989
dgkamikaze,5,46
deni_m,5,50
kyel_hyde,5,55
uka,5,63
sora-bozu,5,53
kaki_s,5,51
nzack,5,31
hirotaka_(hrtk990203),5,59
giwa,5,58
lyrinne,5,104
gamryous,5,176
rougetsu,5,45
rurisakura,5,57
rubyaano_(ducl323),5,60
mebi_il,5,60
ichibi,5,187
tirofinire,5,87
ckhd,5,38
yayoi_asuka,5,34
fei_luo_mao,5,194
kunikune,5,72
asakura_hayate,5,121
zap,5,32
doppel_(bonnypir),5,257
unko_yoshida,5,34
kanan,5,243
shijou_sadafumi,5,43
yurikuta_tsukumi,5,260
ono_(ohno_ha),5,57
yutsumoe,5,168
inaho178,5,43
i_love_serval,5,33
codename696,5,32
filha,5,89
naka_(cheeseyeast),5,194
amefurin,5,37
aouma,5,107
laikaken,5,34
akai_999,5,69
hosh,5,68
mattyazuki,5,61
chalseu,5,85
sstthei,5,71
hometa,5,166
ikeda_jun_(aquaqua),5,114
tsutsumi_akari,5,32
kanoe_soushi,5,323
kouzilow,5,90
taguchi_(igutiguti),5,31
kima,5,44
waramori_fuzuka,5,131
mizutama,5,100
murasame_maru,5,33
same_2009,5,61
mika_pikazo,5,915
usagihime,5,368
peach_luo,5,75
prossss,5,69
sakofu,5,139
mossari_poteto,5,72
konimaru,5,58
shiwasu_takashi,5,152
hua_ge_pi,5,35
pandarou,5,119
kinatsu_souju,5,84
hitte5416,5,35
movik,5,77
yukiji_shia,5,49
katagiri_hachigou,5,558
ishii_takuma,5,82
dollinger,5,32
sukabu,5,183
kotikomori,5,69
shouji_ayumu,5,436
yana_mori,5,255
sakurai_nana_(moshichi),5,80
uncolorcube,5,31
kurasawa_kyoushou,5,125
aya02ka,5,83
asa_inu,5,65
morochin_(mo_loss_an),5,61
enami_katsumi,5,400
shirika,5,50
deluxe<<<,5,225
kiduguch,5,37
iiiroha,5,64
sashiyu,5,135
moegi0926,5,122
mari-mason,5,32
doraeshi,5,300
buket_pudding_i,5,61
oreazu,5,48
nokkusuart,5,77
kaede_haya_(lo0831lo),5,39
nima_(niru54),5,254
mikami_yuuki_(nl8you),5,58
pedocchi,5,59
tamonmaru,5,53
mizukimaru,5,34
makano_mucchi,5,63
oto,5,58
messy_(efuya),5,206
yukirei,5,49
gekoge_satoru,5,41
enelis,5,213
minagiku,5,160
nooca,5,66
nekolook,5,59
harmonia,5,249
gensokigou,5,88
manya_drhr,5,46
yoropa,5,206
waiai,5,60
leica,5,76
abondz,5,83
yori_(shitsuon),5,77
oruto_(ort+),5,147
epi_zero,5,147
jak,5,32
kno1,5,82
hinakurukuru,5,37
artofkuzu,5,78
h_(158cm),5,43
sasaki_fumi,5,51
aoi_akua,5,49
chocofox,5,59
kinosaki_reisui,5,38
shun'ya_(daisharin36),5,162
choister,5,36
shimatori_(sanyyyy),5,187
sigama,5,253
haruki_(colorful_macaron),5,397
huatu_jiang,5,50
loxodon,5,46
terras,5,173
mateus_upd,5,68
matatabi_maru,5,187
scal2let,5,45
majima_yuki,5,203
54hao,5,253
g141,5,34
saikre,5,63
deyezi,5,33
vuipui,5,46
saraki,5,511
faker_ktd,5,100
yinzhai,5,74
3books,5,66
jiam009,5,78
to~fuya,5,34
suzushiro_atsushi,5,74
shanaharuhi,5,56
isao_(wasamoti),5,54
dayama,5,91
qian_wu_atai,5,316
aona_(anagasaki),5,231
room603,5,44
sukkirito_(rangusan),5,138
indee,5,48
domi_(hongsung0819),5,110
mochi_(circle_rin),5,122
teketeke_(tekenotteke),5,33
yutamaro,5,304
ryuuri_(aoithigo),5,36
matsuri_kyuuta,5,72
haya_taro_pochi,5,131
mitama_mudimudi,5,188
youko-shima,5,536
pisuta_(yamashiro),5,64
binayu,5,192
rr_(suisse200),5,61
dc24v,5,51
manatsuki_manata,5,163
yukimaru217,5,160
rococolove,5,61
rui_(woyoudabing_rui),5,33
fuuma_nagi,5,601
bsue,5,104
bu_leike,5,44
ifuji_shinsen,5,227
terumii,5,201
nemou,5,39
yueguang_zhanglang,5,60
oyster_(artist),5,91
tako-san_wiener_(takosanuma),5,39
madore,5,82
hantata,5,42
airool,5,94
sukeno_yoshiaki,5,64
mashayuki,5,348
yotti,5,80
ddari,5,300
lovelyme,5,100
ryushin,5,66
yasu_rintarou,5,51
tirtyturtle,5,63
gundori,5,45
be_(o-hoho),5,271
edoya_pochi,5,125
tokita_arumi,5,82
.sin,5,222
baseness,5,59
rktlek159,5,52
daniel_renard,5,54
spring_water,5,35
elyoncat,5,99
riko_(k_riko),5,115
meiya_neon,5,295
sofusan1526,5,91
coma_(light825),5,37
yoshizawa_hikoto,5,108
muromaki,5,220
renge_(730),5,133
nagi_aoi,5,62
suzusato_rinka,5,34
arka91,5,35
blue_vert,5,124
banboro_(technobot),5,117
moth1,5,136
hinami_(hinatamizu),5,297
keepvalley,5,49
kumonosuke,5,40
r-type_nirvana,5,77
nekoyashiki_pushio,5,215
datcravat,5,107
jiachong_jun_z,5,63
issei,5,49
hiiragi_natsume,5,38
mumumu_(ahomoidasuyo),5,40
finaltakenoko,5,64
jiang_ye_kiri,5,143
cqc_no_hashi_neko,5,53
tanaka_yutaka,5,87
shiki_samapoke,5,47
ryouta_(ryouta335),5,167
sinad_aruatjanapat,5,44
streamingsun,5,75
wawamachi_(wawamachis),5,169
urami,5,33
chisi,5,87
ginjyasei,5,70
djcomps,5,55
hirano_toshihiro,5,56
okuto,5,212
tsuki_suigetsu,5,136
chikuwa_(tikuwa),5,36
minase_ruruu,5,34
shoeguy,5,63
holika_baby,5,45
akira_atsushi,5,37
binato_lulu,5,196
alakoala,5,425
isinose_(ilxodidli),5,79
pen_guin15,5,78
yuksi,5,112
kirihane,5,57
ayakura_juu,5,517
amagaeru_(amapippi052525),5,133
yammy,5,49
kendo_(artist),5,40
crab_man,5,85
sunako_(veera),5,95
aoneco,5,86
bucchake_(asami),5,239
hazuki_(pacco),5,55
gemu555,5,531
pandamonium,5,57
ochazuke,5,131
sando_(dukedevil),5,92
kinniku_tarou,5,91
tsu_(lovesick1964),5,308
yuuhi_homare,5,219
gomamiso_(gomamiso_sp),5,287
suzumusi114,5,50
akatsuki_ikki,5,110
pin.s,5,181
fallenspherell,5,43
denchi_more_power,5,42
megumi_(piyo7piyo9),5,33
lancer_(worudrleh1),5,37
hukahire0120,5,109
arigiep,5,72
umeko_(koori_ume),5,94
zhanggong,5,37
tigern_(tigern28502735),5,81
fujimachine_(clayten),5,85
sawashiro_kei,5,32
kitsune_choukan,5,50
ryo_(botugo),5,496
harurun,5,53
murata_isshin,5,87
rindou_(awoshakushi),5,177
xiaolumiaoliya,5,91
kurogin,5,90
healthyman,5,197
hatano_kiyoshi,5,134
shipii_(jigglypuff),5,417
mantarou_(shiawase_no_aoi_tori),5,94
takeshisu,5,153
broiler,5,90
2poet,5,117
noe_noel,5,196
jacknife,5,69
rem_(eyes_410),5,177
zoo_(oukakumaku),5,104
funpjinju,5,81
utsuro_atomo,5,59
jyaco,5,71
nigoolas,5,37
wuguno_ziran_juan,5,69
jack_(slaintheva),5,200
eneco,5,54
ranf,5,332
kezune_(i-_-i),5,309
hako_roku,5,73
mofftarkin,5,39
yagyuu_katsuda,5,60
fal_maro,5,291
nenbuta,5,163
yache,5,35
sakura_ani,5,333
ishikawa_mami,5,78
panties_(pantsu-pirate),5,435
vostok_(vostok061),5,39
igarashi_(nogiheta),5,183
mallizmora,5,161
pppppknw,5,35
pirukusu,5,73
misakana,5,47
ijac_ray,5,98
takanashi_haruto,5,93
senacolada,5,33
kagari6496,5,139
da_raku,5,49
cao-cao,5,39
kuresu_(alice-pma),5,34
mrploxykun,5,51
theta_(ponkotsu_works),5,135
pyonsan,5,54
goton_goton,5,65
kokujuuji,5,180
tyabesu,5,52
gomashiwo_o,5,106
kuromu_(underporno),5,156
lew,5,31
yasumori_zen,5,58
b_(kana0816),5,116
atage,5,173
popolocroits,5,34
satou_yuu,5,44
nigiri,5,39
bonjin,5,89
leafar,5,51
aluo_7762,5,33
mochiko_(uyu_omochi),5,119
lunaraven,5,62
batatata77,5,136
sagano_aoi,5,43
moth_(artist),5,74
tarutaru_(ryousuke),5,50
gogatsu_no_renkyuu,5,107
masako_(sabotage-mode),5,76
juneplums,5,35
hiviki_n'alchemy,5,32
roswell_ss,5,81
hmax,5,132
name_john,5,182
xu_chin-wen,5,34
hiba_(p-p-purin),4,79
shigaoka,4,56
mukuroi,4,108
sora_(aki00),4,39
bismarcho,4,38
mizuta_kenji,4,379
furukawa_hideki,4,96
yuki_shin,4,39
gakuon_(gakuto),4,93
jack_(haist),4,52
koga_makoto,4,96
kanade,4,39
chocomiru,4,398
notora,4,229
shinohara_shinome,4,70
nakano_maru,4,416
seminoyu,4,53
borockman,4,67
ame_sagari,4,97
edo_tatsuki,4,57
noyama_(noyama8888),4,54
stephengiannart,4,42
kotoba_(1074421015),4,50
memento_vivi,4,176
7cs_(congchuabuoito),4,72
motoki_(hisano_motoki),4,85
circle_a,4,86
kty_(04),4,82
shirahane_nao,4,340
miyashiro,4,36
xes_(xes_5377),4,117
aesice,4,60
kurobe_sclock,4,61
saano_chia,4,86
genjitsu_o_miro,4,79
chiizu_ore,4,34
pupi_(rain_prophet),4,180
takemi_kaoru,4,64
nijizuki_shino,4,152
kimpanzi,4,35
puripuri,4,38
neko_kuruto,4,35
masgamjya,4,102
minase_lin,4,65
hamada_youho,4,97
tyenka7728,4,93
mochizou,4,119
inaho,4,92
wanta_(futoshi),4,378
sugina_fujitaka,4,66
nasuka@hiyokko,4,32
enomoto_nao,4,38
osamada_meika,4,185
suzu_(suzuko),4,51
l-trap,4,39
gomi_ichigo,4,168
doushi_tatsu_to_dekkai_no,4,208
martinreaction,4,125
ryuinu,4,246
akitaka_akita,4,138
amedamacon,4,374
noda_yasuyuki,4,49
aiba_kou,4,72
phenne,4,111
rihito_(usazukin),4,258
uiroutsuji_yumihiko,4,127
harukagi,4,49
steb,4,44
sarulart,4,42
lizta,4,72
michael-x,4,65
shintani_kyou,4,35
touwa_iyo,4,56
namauni,4,657
azm_(mochanepore),4,33
sho_(shoshos_8888),4,46
mochiya_marosuke,4,299
ilya_kuvshinov,4,1448
wangphing,4,266
uehara,4,48
boku_no_edamame,4,39
isshitaira,4,65
neqo_(neneneqo),4,39
siun,4,249
hitodama_(madatohi),4,58
bibimbub,4,79
merchant91,4,40
lebring,4,126
ytk_(yutta-p),4,96
somray,4,155
x&x&x,4,209
kokko_(kokko3045),4,59
kano_(wi3028),4,160
jolker,4,32
komatinohu,4,35
stephanieh81080,4,36
cold_(hoshinoskull),4,52
razy_(skuroko),4,103
kyouno,4,333
mishiro_(ixtlolton),4,189
kawakami_tetsuya,4,59
kikuchi_mataha,4,151
jude_(minority_lilac),4,54
yamai,4,164
namakemono_(u446644k),4,77
sudstance,4,40
cool4noodle,4,37
nikitan_(niki),4,61
zifletts,4,86
tenchou_no_matsumoto,4,46
yareen,4,54
kandanchi,4,178
samantha_whitten,4,35
hizikit,4,60
kamikitayotsuba,4,51
maon,4,37
etou_(cherry7),4,171
shinbross,4,33
zig90,4,59
akari_seisuke,4,79
nekorone0222,4,31
megumiya,4,295
tutou_jiang,4,139
hwan_(verypoor),4,78
mario_kaneda,4,115
kyodairobo,4,101
luzi,4,114
vanilla_(v-palace),4,56
hi_ye,4,150
llpfmfc,4,53
sungwon,4,120
google_(asdek18),4,50
e_buki,4,77
hiro_(user_negm3832),4,61
kyou_fumei,4,39
manle,4,170
kodamasawa_izumi,4,79
021_shiro,4,83
minakata_sunao,4,323
sssong_aa,4,82
noise_(mokusei),4,101
tokumei_wombat,4,62
popcornflakes,4,33
tanukimaso,4,45
ecou,4,32
kuroo_(project_apricot),4,56
sasaki_ryou,4,83
izumi_kikaku,4,64
shigatsu_(4gate),4,86
ryuuga_sazanami,4,31
marison_(aono107),4,38
hutosutoro,4,51
mugicho_(kdks5554),4,39
nakamura_nagare,4,67
vergolophus,4,127
okku,4,49
minami_shin_(zenshuu_bougyo),4,44
marimo_(artist),4,73
kisaragi_yuki,4,62
shouhei,4,149
panya,4,33
muhi11234,4,157
ichijou_takakiyo,4,125
sonchi,4,138
rukiana,4,45
uth_95,4,41
npn,4,77
kongbai_huanxiang,4,49
baku_taso,4,272
shirasu_youichi,4,232
urushi,4,302
gurasion_(gurasion),4,220
moto_toshi,4,59
sora_shitatoge,4,98
luomo,4,52
natsunagi_takaki,4,108
nekoda_kuro,4,42
mishiro_shinza,4,134
asa_(coco),4,381
araido_kagiri,4,296
hatsuno_xxx,4,71
blaze_(blazeillust),4,171
ana_(vvvvor),4,49
majin_go!,4,83
kogane_(staygold),4,220
makino_(ukiuo),4,254
kirisaki_akihito,4,151
somnia,4,33
arnold_tsang,4,117
onaka_sukisuki,4,83
q_(a72pgc),4,74
godsh0t,4,69
bratja,4,39
fujikusa,4,66
rimukoro,4,177
tano,4,62
arinotowatari,4,68
sunaya_yanokura,4,117
nigiriushi,4,96
kajin_(kajinman),4,453
sangyou_haikibutsu_a,4,60
hisagi_(puchimaple),4,83
ojisan_f,4,35
mac_star,4,290
mono_land,4,142
uirou_(uirou1),4,36
carillus,4,96
osarutukamaeru,4,34
crymsie,4,60
kugelschreiber,4,388
sunsun69,4,168
tkln,4,55
kokutou_mimi,4,53
nyum,4,250
massan,4,103
nasii,4,211
sasuke_(sasuke_no_sato),4,110
momoirone,4,247
chawan_(yultutari),4,296
yukiman,4,97
yumemi_(kiowa),4,99
koneko_(nonnkimono),4,61
kashiwa_(iersansi),4,73
arino_ayarei,4,46
yaoya_musuko,4,90
kometubu0712,4,105
satou_pikuta,4,46
azuki_osamitsu,4,584
raira,4,33
chiiririn,4,34
bizen,4,61
yoonsol,4,46
yazuka,4,63
redauto,4,73
kibitarou,4,51
taki_(nakochan),4,53
muu_(mumumer),4,469
kashiwamochi_(kashiwakashiwa),4,74
is_ii,4,168
nanasuke,4,44
nomura_teruya,4,86
nitako,4,261
wanne,4,94
asyura_kumo,4,446
melompan,4,42
kurosawa_shouichi,4,77
tarou2,4,117
cocoa_(cocoa0191),4,80
anison,4,48
haru_(matatabi_sanjou),4,73
ngo_(ngo_dandelion),4,84
nagata_gata,4,176
aimpoleume,4,76
pinakes,4,278
fyuo,4,330
happycloud,4,52
jyaoh0731,4,123
soshina_nohito,4,72
suprii,4,240
miyamaru,4,113
hino_ryutaro,4,116
tokino,4,40
abekawa,4,226
lydia601304,4,164
himemiya_niina,4,33
darah,4,59
gotou_keiji,4,337
jishimaru,4,45
kusakabe_rei,4,71
aaeru,4,109
chigusa,4,52
kokekokko_coma,4,130
katou_ryouichi,4,42
unizama,4,57
tsuzuri_(tu-san_house),4,201
pspmaru,4,96
kin_mokusei,4,130
shitappa,4,179
anonimasu,4,34
i_b_b_e,4,80
satoimo_chika,4,139
san_(harutuki_3),4,151
amatsuki_hotaru,4,60
jinrai_(owl12),4,50
midori_xu,4,106
chun_(friendly_sky),4,98
hinooka_shuuji,4,105
aozora_nan,4,157
kukua_(mosushi),4,64
suika01,4,96
toshihiro,4,69
arl,4,71
madanai_(morisumeshi),4,64
kirikirimai_(kkm),4,200
watanore,4,333
shimeji_(4_me_ji),4,89
tsukumizu_yuu,4,193
noto_(soranoto),4,219
mashima_(sumachi),4,49
yuu_(primenumber7),4,82
edenfox,4,75
takeuchi_naoko,4,72
huracan,4,32
ryou_sakai,4,102
yafu,4,48
ryeon_(bluetom1),4,126
zagashira,4,66
akiosketch,4,41
yomogi_dango,4,128
kyouran_souryuu,4,37
yaibaken,4,33
miyamoto_(dominocube6),4,63
timitarcat,4,73
suzuen,4,45
yayanri,4,44
shinkai_kiiro,4,34
yu_li,4,43
lavie,4,44
odeko_yma,4,78
galibo,4,243
kokutou,4,36
rick.black,4,54
karo-chan,4,122
shin'ya_natsuki,4,55
pparus,4,54
meng_ge_3_(565571710),4,63
tsubame_(minami_haruka),4,57
mikoto_kei,4,57
tamura_satomi,4,71
lisong_shen,4,33
ymr,4,59
kokukyukeo,4,189
morros,4,64
noh_seong-min,4,32
riku_(wana),4,141
azazel1944,4,66
nazuka_(mikkamisaki),4,149
tsukudani_norio,4,544
seungju_lee,4,243
rogu_(log_264),4,37
baba_kanade,4,66
momori,4,57
deliciousorange,4,156
takeshita_kenjirou,4,41
gaien_(jin_morisono),4,34
raag_jp,4,48
syhan,4,661
puribate_(helgoland),4,42
ok-ray,4,169
mari_(doraerin0),4,62
stigma1101,4,175
ebata_risa,4,134
auguste,4,85
p-nekor,4,196
aosaki_yukina,4,160
tomurasuisen,4,36
sakurea,4,190
sakurayume_kome,4,38
inora,4,35
honami_(yths4221),4,115
niandni,4,72
miso_(b7669726),4,116
beniko,4,57
dutou,4,32
hina_(bird_salty),4,63
suemitsu_dicca,4,70
keven_(ewdx3754),4,62
azuki-iro,4,75
yuuka_(a0240765),4,59
ichino,4,102
toi1et_paper,4,95
tan_(inka),4,361
saran,4,39
somnium,4,55
mitsumine_(ookami_no_oyashiro),4,151
mechazinaida,4,46
eri_(artist),4,32
wucanming,4,68
jenny_(artist),4,42
nyori,4,299
ishihama_masashi,4,48
suzuki_rika,4,165
kredorf,4,41
kkuem,4,157
esuto,4,36
jing_hu,4,155
nakashi_masakumi,4,64
hashiguchi_takashi,4,37
zon_nura,4,37
tenpou_gensui,4,46
won_(toufunokado),4,54
dragonith,4,39
kurosu_tsugutoshi,4,65
kitsuneecchi,4,33
kinjo_kuromomo,4,254
dedeko,4,55
hzk,4,65
katsura_miya,4,61
kanii_rate,4,39
lorein,4,55
mm_(pomeme4),4,42
kozaki_yuusuke,4,548
nefarian,4,90
sougetsu_(yosinoya35),4,309
qkracho_(thesdroz),4,88
dorowa_no_hito,4,36
kazanock,4,68
st+1,4,104
lanhacy,4,64
hiruma_andon,4,110
yukari_(bryleluansing),4,93
punto,4,117
avogado6,4,2068
nemubusoku,4,54
unizuma_eleven,4,31
h26r,4,57
allenkung1,4,97
gyuunyuu_bin,4,56
samako,4,60
rakkou,4,46
lastlong,4,31
wei_ji,4,38
nanahamu,4,293
poppy_(poppykakaka),4,204
peagunz,4,56
kinokohime,4,185
hatoyama_itsuru,4,368
redpoke,4,109
metaljelly,4,101
aoi_suzu,4,217
altorealize,4,45
porurin,4,802
jdori,4,51
tobi_(one),4,480
m_r_b,4,111
beru,4,129
hasewo,4,39
kyl490,4,64
fle0423,4,126
ichiroku,4,55
gaosu_gong_lu,4,37
substance20,4,161
tr-6,4,112
hews,4,2337
yatsucchie,4,47
kuro_(1968),4,57
ginn_(hzh770121),4,77
marutaya,4,90
nagase_takeshi,4,41
comiching,4,337
hazuki_kasane,4,147
uraraku_shimuni,4,51
kamuraaa_615,4,87
yurizuka_(sergeant_heart),4,70
jingo_kajiki,4,104
shinocco,4,52
nkonya,4,32
tsukumo_momo,4,34
tama_(new_island),4,52
mokew,4,96
apoloniodraws,4,134
chimachi,4,159
didloaded,4,196
m_o_(prftz),4,46
chahei,4,140
oubou,4,37
inui_sekihiko,4,84
yukko,4,72
tanjel,4,37
nishimura_eri,4,308
toshi_hiroshi,4,87
xandier59,4,84
coffeedog,4,99
misumi_kouji,4,58
enni,4,119
kotatsu_(g-rough),4,637
minaba_hideo,4,2156
yaise,4,124
xyh,4,34
ameya_kirika,4,49
cong1991,4,201
mogullaz,4,84
miji_doujing_daile,4,55
hakuto_(28syuku),4,115
kasuga_ayumu_(haruhipo),4,205
gumiten,4,69
piaki,4,110
natsume_asato,4,41
yoshikawa_miki,4,34
towrituka,4,89
nyoriko,4,102
kacka,4,50
shuuzo3,4,226
hylran0427,4,40
garter-velvet,4,97
pearlbbbb,4,35
10_plus,4,36
tamu_(mad_works),4,259
yoko-ya_manjirou,4,36
neku397,4,37
nakasima-syouta,4,66
sys.ao,4,47
7ban,4,63
hyde_(tabakko),4,323
taitanic6242,4,57
kazushiki_midori,4,52
toi8,4,305
yousisi,4,32
king_(ougon_kingyo-bachi),4,38
mia_cbx,4,48
prsdubstep,4,44
inuwi_(yokose_y),4,33
nanao_yuki,4,31
yuuta_(monochrome),4,309
i_ruru,4,48
ryo_chimo,4,43
okiura,4,143
kivo,4,86
inunoko.,4,396
nakazawa_aki,4,119
kurokawa_makoto,4,190
matano_maya,4,32
miokikoeru,4,37
goto_p,4,702
hidari_(left_side),4,511
a-o_a,4,78
fanteam,4,50
tomj,4,37
nora_wanko,4,301
yoruhoshi_owl,4,143
hayate_(leaf98k),4,177
tries,4,82
mage_(335656),4,42
buta-don,4,83
mikage_(shibi),4,54
eku,4,72
ichirino_minagi,4,184
bigoru,4,39
tsurara0128,4,37
kasetsu,4,58
reika_(clovia_studio),4,179
umitsuki,4,65
daidou_(demitasse),4,197
miyasaka_takaji,4,46
bowcan,4,35
hiro_(hirohiro31),4,797
hao_(patinnko),4,342
tenmu_shinryuusai,4,132
hoshino_darts,4,39
surume_(clavis),4,82
yutohiroya,4,170
parisa_reaz,4,33
ringoanu,4,40
tatsunokosso,4,159
genya_(genya67),4,181
dosaken,4,37
goyouga-deann,4,32
araco,4,74
fkey,4,1052
wusie2,4,38
huxiao_(mistlakefront),4,202
mg42cat-k1ng,4,141
tettabuzz,4,44
kitora_(kisekinonameko),4,117
ayase_miko,4,40
youkan_(mattya_youkan),4,43
rukako,4,169
asanome,4,41
xiaoguimist,4,87
hitofudegaki_usagi,4,35
yuutama2804,4,128
sosa,4,71
fujiwara_minaho,4,127
chungu,4,143
sonech,4,67
enatsu,4,86
hiromaster_sinta_jh,4,140
beancurd,4,197
akino_ochiba,4,66
mi_(liki1020),4,46
ikedan,4,36
wazuka_na_shiawase,4,33
hikigaya_0926,4,52
yasuda_akira,4,384
tepengu,4,52
beshi,4,86
mizusawa_mimori,4,72
muuba,4,235
tada,4,50
neon_(hhs9444),4,106
fukumitsu_(kirarirorustar),4,109
yinqi,4,40
mecha_kaku_man,4,33
uz3d,4,31
jack_(jackdou),4,40
madara_inosuke,4,205
tsugu0302,4,38
mato_kuroi,4,84
kurobis,4,32
midorino_eni,4,163
wang-pac,4,115
kisaragi_koushi,4,77
akuto,4,43
shishio_(artist),4,42
bassa,4,89
adarin,4,128
yuuki_hb,4,162
gorakujin,4,38
fun_bo,4,573
yuuki_shishin,4,47
dlanon,4,179
yangyieva,4,39
comodomodo,4,157
megarisu,4,64
eeryuu_(2004107),4,73
sawarabi_(sawarabi725),4,88
mal_poi,4,100
ei_(marutendon),4,131
nanashinayuzu_mochi,4,171
wakaba0801,4,49
urabe_miyabi,4,48
himura_moritaka,4,457
himegi,4,425
shiratama_dango,4,117
puton,4,106
yuriyuri_(ccc),4,131
nekokan-nekokan,4,63
shiba_(zudha),4,140
yamazaki_tsukune,4,136
wemu_(ivycrown),4,88
timo_wei95,4,100
morerin,4,99
youzu_(youzuyozu),4,52
captain_freedom,4,99
shiryuu_akira,4,34
hiyari_(hiyarilol),4,43
shino_(eefy),4,381
beifeng_han,4,478
nochita_shin,4,345
kikuta_kouichi,4,39
kasuga_shun,4,33
fujimori_tonkatsu,4,83
nakamura_kanko,4,186
migata,4,48
shin_no_tenpii,4,191
xiaoshan_jiang,4,38
tombsakura,4,59
sindri,4,102
nekomu,4,161
dain,4,179
shimamura_hidekazu,4,32
okyao,4,99
dandara_(karakure),4,433
sabusuka,4,31
guang_yiren,4,32
kanichiri,4,64
azmi_yudista,4,40
ao_(flowerclasse),4,289
ray_peng,4,98
yukibuster_z,4,135
sakuragi_kei,4,135
chxoswolf,4,46
noa_p,4,36
karuta_(karuta01),4,138
gonzozeppeli,4,47
oisin,4,102
yarareimu,4,38
i_am_jemboy,4,37
shabon,4,37
hisayaki_kyuu,4,69
takamura_ryou,4,53
g3_(bitgiii),4,56
mogiko,4,57
hamaken._(novelize),4,440
suegorou_(mousou_tokkyuu),4,65
homura_minori,4,65
minyom,4,137
kikuchi_michitaka,4,130
kawano_takuji,4,212
kid_(kidocchi),4,140
patrick_fche,4,34
shimoogawa,4,47
imada_hidehito,4,60
alisa_(11749711),4,38
hara_yumiko,4,74
narumiya_(narumiya),4,268
shin_(highest1192),4,156
yata_masahara,4,49
chronozbergh,4,46
hashimo_yuki,4,59
minakami_rinka,4,124
moo_(umineko),4,128
n9+,4,110
nyanya,4,285
maruyama,4,84
momoko_(palemon),4,175
bob_(biyonbiyon),4,318
tazuma_(u283),4,111
seitarou,4,41
miura_hajime,4,51
patricia_(stylish_marunage),4,199
o-hako,4,31
roku_(345),4,45
kiyonaka_rei,4,46
toor_0111,4,60
xyufsky,4,42
hibi_(grangcat),4,39
kuzukiri_(riezenagel),4,74
runa_(user_guwn7382),4,41
villyane,4,229
tanoma_suzume,4,33
kohinata_hoshimi,4,247
togami_(tobysou526),4,49
tnonizyou,4,60
shimotsuki_eight,4,175
yuki_hime_haruka,4,139
mugen_kageno,4,44
natsu_(sinker8c),4,131
satou,4,33
yua_(bokubo0806),4,83
shounen_democratica,4,42
nyamo,4,153
noise_(lesion949),4,253
shibao,4,37
senchimee,4,46
kita_(kitairoha),4,268
kiiro,4,34
vanilla_(nicolla),4,63
evolvingmonkey,4,160
reddgeist,4,37
nakamura_sumikage,4,244
win_opz,4,84
dango_remi,4,171
comanie,4,32
kei_(fortune),4,55
take_toshiaki,4,121
kari_kenji,4,98
kojima_(blue_stardust),4,236
patchouligo,4,33
seo_haruto,4,68
higeneko,4,149
oniku_(o29sukizero),4,56
yayuyoron,4,37
tayuura_(kuwo),4,47
puto_trash,4,40
sechka,4,50
izumiyuhina,4,156
enu_naitsu,4,33
r0g0b0,4,192
nanina_(nijnan),4,43
hatakenaka_(kamagabuchi),4,214
hibika,4,67
ryu_(gaquarium),4,32
zayur,4,32
shirataki,4,47
hage_tashuumi,4,157
popo_(popopuri),4,50
a-by,4,36
hachikei,4,36
karin_(rei862),4,42
tsun'ichi_(tsun1),4,121
torazou,4,38
beijiushui,4,56
ozzyart_0221,4,46
honokan,4,48
shogu_(shoguchime),4,37
yuzuyu_(hyui),4,125
cloneko_(zelmeledf2),4,116
kazami_ryouya,4,59
saiya,4,37
eluthel,4,210
niratama-don,4,46
umirororo,4,99
peachyp,4,99
kuyoumi,4,77
sarcophage,4,84
yappariga,4,74
uguisu_mochi_(ykss35),4,301
shiina_aoi,4,114
owa_(ishtail),4,315
boshi_(a-ieba),4,521
yuenibushi,4,74
yuzin,4,35
hayashi_ekyuu,4,53
mao_(alepricos),3,60
shirotsuki_shirone,3,107
mifu_(b24vc1),3,61
sue_(bg-bros),3,157
yujin_(kanouyuuto-0423),3,86
hirabaru_kenji,3,113
yyi,3,46
jin_(mugenjin),3,988
violetshit,3,133
shiranui_(wasuresateraito),3,76
arikawa_rui,3,54
arisku,3,32
chikkuru,3,58
yuguran_(specs),3,34
sanamaru_(sana79261827),3,67
tsuno_(tnngur),3,45
mashilemo,3,42
ennui_orz,3,50
xhb,3,45
nyanmilla,3,135
minawa,3,112
mud_(artist),3,107
tsuji,3,64
badai,3,63
norisukexxy,3,43
kanora,3,172
francis_de_lariatte,3,48
muramasa_(so-hi-shikan),3,36
tarayuki,3,108
hidari_(coletica),3,36
raayu_(0u_rayu),3,54
sushi_pizza_rrr,3,128
soon_(c-u-soon),3,241
razu_(rus),3,43
lazoomaiga,3,35
sakurai_haruto,3,88
ishikawa_masakazu,3,32
gom_(kooskoo),3,33
inoue_sora,3,549
amino_dopple,3,52
janome_gochou,3,49
nigelungdayo,3,135
fanshu,3,123
ikkaisai,3,40
andyface,3,59
odaneru_apart,3,40
yidie,3,39
ofuro_mantarou,3,71
purinnssu,3,83
l.tea,3,45
koi_han,3,132
nanaushi,3,33
yuu_(derodero),3,62
mushiboy,3,57
kazakami_yuu,3,79
chiachun0621,3,166
shiro_albino,3,149
miyakoto,3,69
7nanappe,3,53
kyoujixxxx,3,51
taka_(takahirokun),3,557
xiao_gen,3,69
eriyama,3,39
happy_birthday_(artist),3,94
mori_kotarou,3,87
sasoribi-dekine,3,32
tenten_(chan4545),3,169
kakoikaren,3,33
zombie_mogura,3,232
egomeshi,3,43
kajo,3,33
chahanramen,3,33
itou_(onsoku_tassha),3,566
jou_(mono),3,45
necolab,3,42
sameya,3,141
mizu_asato,3,240
yayoichi_(yoruyoru108),3,143
hyuuga_azuri,3,621
kezi,3,86
saida_nika,3,65
mikuchi3939,3,46
gardavwar,3,84
tanaka_hirotaka,3,121
kuz,3,62
dearoliha,3,35
wo_chi_xiangjiao_pi,3,58
ishimu,3,255
ahenn,3,460
ashu,3,106
nanamomo_rio,3,220
ikeda_akihisa,3,34
fii_fii_(feefeeowo),3,63
kyosuke1413koba,3,80
toriniku_(suikyou),3,32
teikoku_shounen,3,86
mugenshiki,3,90
ayama_yuiya,3,69
otani_(kota12ro08),3,95
mokyu,3,148
sunano_reona,3,35
yoshida_seiji,3,181
nyungsep,3,37
tomifumi,3,110
yanagihara_tantoui,3,74
nekobayashi_(nekoforest),3,49
teriton,3,40
torinannkotsukushi,3,43
sate_hatena,3,36
nthndn,3,47
ironatsuki,3,67
toon_(noin),3,67
samuimu,3,173
coney,3,38
hana_mori,3,362
mito_soosu,3,63
kantarou_(8kan),3,129
rokuroku_(xd_p),3,41
akai_akasaki,3,83
kusa_chuu,3,35
kawamura_kousuke,3,59
kurogarasu,3,398
gungun_(hakutou7887),3,94
purple_z,3,38
masui,3,31
iwami_kyuuto,3,59
madcocoon,3,53
yuki_flourish,3,79
r-18_jii,3,36
shisui,3,61
ktr_(tpun2553),3,51
nirareba,3,58
bano_akira,3,97
littiecy,3,37
cheschorv,3,84
chanosuke,3,72
ddog,3,72
melaton,3,333
bubble99,3,61
sakuna,3,48
kujou_mikuru,3,58
razi,3,32
ban_(bannyata),3,41
north_abyssor,3,243
yukari_yukke,3,69
uonuma_yuu,3,134
yamanami_kousuke,3,50
kensei_(ciid),3,39
1000,3,81
tetsuji,3,89
tsukino_omame,3,32
sakurano_yukke,3,94
2gou,3,66
yokuto,3,48
shiroyukimajima,3,122
ochiaki,3,61
ahoyhoi,3,38
nyamunyamu,3,39
sat-c,3,276
merry_(diameri),3,132
nam_(valckiry),3,314
souto,3,41
siirakannu,3,519
ana_(rznuscrf),3,286
mikan_(manmarumikan),3,111
uno_ichi,3,56
minobu_jentoru,3,61
shuruken_(yuumo),3,40
wonchun,3,87
miyabi_mt-b,3,63
itsumo_nokoru,3,194
mizuki_(kogetsu-tei),3,89
winbay01,3,35
suru_(ksoo420),3,139
ichijo_kazuya,3,42
kanta_(x-tei),3,92
yeneny,3,122
aikir_(jml5160),3,299
mokoiscat,3,138
keypot,3,72
kaniharu,3,101
reneua,3,73
diesel-turbo,3,759
bupa_chila,3,37
midorikawa_you,3,576
konataeru,3,69
carrot_works,3,42
nashieda,3,35
houki_(tonburi),3,47
ume_(noraneko),3,369
zishanjiang,3,43
asskiler,3,37
merue,3,44
keicha_(kmoekaki),3,50
shinsaku_(stan-art),3,129
purerin,3,45
shirokaba114,3,68
sekisei_(superego51),3,120
pra_(prapon0904),3,37
haconeri,3,40
kuune_rin,3,371
yusao,3,126
nyazui,3,134
girotin_ginza,3,148
kubocha,3,228
holmemee,3,147
pemoko,3,41
menna_(0012),3,142
mikan_no_shiru,3,74
ma_tsukasa,3,89
yukimochi_kinako,3,45
kyudong.,3,34
dosanko,3,39
raikou_(gotaishu),3,47
gyaheung,3,177
macha@meshi,3,32
rex_k,3,471
tame_meshi,3,94
vitotraps,3,33
senbei_(senbe_i),3,198
ocha_(oteaaa),3,64
yoshida_nobuyoshi,3,161
cai_yuan,3,34
stephanie_priscilla,3,35
547th_sy,3,393
mochi_au_lait,3,1807
hayakawa_pao,3,213
trap_(drthumt),3,59
supocon,3,78
matsurika_youko,3,336
bit_(keikou_syrup),3,92
liminarity,3,33
sunkilow,3,49
quwo,3,37
kitsun8,3,41
luke_(dydansgur),3,595
keinesandayoooo,3,100
bonten_karasu,3,38
kamiura,3,58
okitsugu,3,417
parfaitlate,3,142
bkub,3,3124
ica,3,570
drias,3,40
pizanuko,3,79
marumi,3,115
kona_sleipnir,3,79
seramikku,3,633
ello,3,71
suteba_(grzjkbhgf),3,97
sail_(sail-away),3,93
abc_(type5_labyrith),3,57
arai_kuma,3,57
shirotsuki_kouta,3,95
gs-mantis,3,42
shimazaki1152,3,148
rozarita,3,31
narurun_(final123),3,52
toudou_charo,3,84
bureoeve,3,42
mona0101,3,58
rei_(09991),3,37
oomura_karasu,3,107
rori_chuushin,3,54
miri_(miri0xl),3,47
okiq,3,107
sakuraba_hikaru_(loveindog),3,472
yuki_kawachi,3,112
hikarusorano,3,50
saebashi,3,99
yoruda,3,47
wu_yao_jun,3,55
miyazakit,3,98
amagami_rukichi,3,42
atorie,3,32
tsukimizu_(ordeal),3,38
karunabaru,3,222
lance_(lancelliu),3,83
akiyama_nenehisa,3,86
kinugasa_yuuichi,3,157
kanaria_hisagi,3,279
babyseven_77,3,43
jima,3,182
nyaa28,3,55
matsuda_hikari,3,273
notziegler,3,35
nakaichi_(ridil),3,228
vania600,3,180
04bou,3,42
rioshi,3,677
nifu,3,53
yasuda,3,65
maitake_(loose),3,53
nanairo_fuusen,3,40
risshu,3,115
ryuusama,3,62
leomodesto,3,39
uzuki_kouta,3,40
zerg309,3,46
setu_kurokawa,3,179
ressec,3,33
darnell,3,126
sagara1990,3,38
nuenue,3,65
panapana_(pixiv_12562150),3,60
cotta_(heleif),3,139
hobbang,3,73
free_style_(yohan1754),3,592
ppyong,3,65
irouha,3,119
de_da_xianyu,3,107
tennosuke_(tejons),3,50
tsuta_no_ha,3,175
yukine,3,32
winn,3,338
minatsuki_randoseru,3,389
c-chaos,3,42
wasu,3,95
torisudesu,3,86
amagami_(makise_tsubaki),3,86
satou_yasu,3,126
e-co,3,184
shimono_(utapre),3,43
mizoguchi_keiji,3,284
yorugami_rei,3,119
yajuuraku,3,62
daweykun,3,58
jason_chan,3,53
matsushita_yuu,3,361
katase_yuu,3,44
keiya,3,68
shuutou_haruka,3,143
ichimi_tougarashi,3,36
ayumu_(ayumumkrg),3,39
gabiran,3,513
munseonghwa,3,114
mawaru_(mawaru),3,600
dido_(magicc),3,41
itou_yoshiyuki,3,44
goma_azarasi,3,37
eien_no_juu_nana-sai,3,59
yoko_juusuke,3,426
jfzm001,3,60
mokuyou,3,50
jamgom,3,59
weyowang,3,194
yakubeni,3,33
s-m-53413,3,33
kazuma_kaneko,3,168
pd_(pdpdlv1),3,128
imada_kozue,3,66
erospanda,3,110
yuuki_eishi,3,236
he_c92,3,38
yon_prmr,3,32
kobayashi_ritz,3,128
rosettastone,3,54
rikotan,3,72
educk,3,92
chrocatz,3,36
noy,3,112
mile_(off8mile),3,319
yogukasu,3,90
yuya090602,3,69
zombie_ke,3,72
chris_re5,3,119
swami,3,94
guratan,3,38
shenanimation,3,100
maazyu,3,33
yamakawa_kouji,3,33
ci4,3,50
kuresento,3,466
otaku_(artist),3,40
misaki_kozue,3,91
yoshinobori,3,43
fujiwara_riyu,3,72
toto_nemigi,3,310
shirane_koitsu,3,160
kanzi,3,66
holmy_(holmesdmode),3,54
fusa_(starless2323),3,78
regdic,3,113
kuontendou,3,34
arenoyoni,3,34
pako_(moto_paco),3,46
mikoto_(stbk),3,60
teko,3,76
fujifuji924,3,66
mo_(deciliter),3,78
lelie_(lelie_link),3,56
murayamawataru,3,59
raoul_(raoul77),3,32
fukuso_hilbert_kuukan,3,68
pokopi,3,114
ricken,3,31
edwin_huang,3,92
hatomura_(tareneko_club),3,45
tondamanuke,3,122
ikeda_(hayato),3,51
tilm,3,216
chikuwa.,3,904
yoshito,3,302
nagisa_otoha,3,36
nanashi_(74_nanashi),3,76
mikago_kotaro,3,36
nakajima_akihiko,3,39
nagisa_honoka,3,93
yoshitomi_akihito,3,599
waon_(43ctw),3,55
faton,3,32
tmt,3,56
lux_(alpa),3,69
rui_rubellent,3,69
hifumi_hajime,3,100
kana_(kanna_runa0620),3,63
papo,3,58
god_hunter,3,43
onoda_masahito,3,36
jinkou-kuu,3,48
zimajiang,3,95
takobe,3,52
yuh,3,67
mick19988,3,60
gan-viking,3,81
so-bin,3,334
kyoeiki,3,285
tsui_(kojiya),3,47
shikidouji,3,45
dawn02,3,59
kaze-hime,3,227
kamitsuki_shion,3,110
girutea,3,93
konata_(knt_banri),3,57
fuyu_mi,3,71
dacho,3,82
hyakuen_raitaa,3,206
oka_(umanihiki),3,118
yoshizawa_tsubaki,3,500
waste-man,3,87
ryuya,3,98
noda_eishi,3,41
moe_(hamhamham),3,315
suzuki_kokono,3,42
iwamoto_eiri,3,553
urue,3,47
kobashi,3,76
usaginezumi,3,87
pyonsuke_(pyon2_mfg),3,194
hazakura_satsuki,3,158
kauchoro_(namikazemakase),3,32
ko_yu,3,407
mmlyno,3,124
tamakorogashi,3,138
iga_tomoteru,3,128
fujibejifu,3,107
j_young,3,114
pom77,3,45
yayoi_(egoistic_realism),3,162
yunsuku,3,43
risiyun,3,35
kaname_(melaninusa09),3,100
nijimoto_hirok,3,170
yamane_masato,3,51
fujikawa_arika,3,109
kionaoki,3,152
ichidai_taisa,3,132
suparu_(detteiu),3,78
tatsuwo,3,57
ebr-kii,3,65
sony_kisaragi,3,39
hisahisahisahisa,3,89
barry_nah,3,229
menthako,3,184
mkiiiiii,3,226
tamagotozi3420,3,40
di_yi_xing_zian,3,39
caesty,3,67
null_maru,3,99
tateo_retsu,3,32
shiroyasha,3,50
ainili,3,42
musha_sabu,3,58
nashirasauce,3,53
gaak11977,3,39
quatraise,3,65
gnai,3,143
sainohikari,3,191
makita_(vector1525),3,92
makinan,3,61
sasasa_(nashi),3,60
sseli,3,45
torashiro_eiji,3,42
offbeat,3,285
josal,3,68
muhamado,3,62
satsuma_age,3,132
sadahara_inako,3,43
kuo_(kuo114514),3,170
hibiki_mio,3,132
suzu_(tg_390),3,154
anizi,3,208
atea,3,43
amarotamaro,3,47
wnb_mark,3,145
kaliningradg,3,110
kayabakoro,3,454
hini_ni,3,37
tengo_(maotengo),3,72
chan'nu,3,46
an_fyhx,3,108
acha,3,38
kotarou_(yukina1721),3,53
bigegg,3,38
inui_nagi,3,132
yoshiki_(bpmaxm),3,58
komori_takahiro,3,49
sadcat,3,37
sh_(shinh),3,412
ginmaru,3,43
luna_(gunfire),3,53
nagarakawa_shiraku,3,47
nanao_futaba,3,165
amatlas,3,33
mimamui,3,118
naruse_chisato,3,221
tamaki_(tamaki_pic),3,33
noririn,3,53
mirukurim,3,202
yagi_(s1120411),3,40
yozora_(1wkdgusdn),3,170
milll_77,3,59
sasaki_mutsumi,3,217
mimana,3,70
amagasa_higasa,3,104
choco_(chocolate_shop),3,249
isuka,3,285
culotte_(hosenrock),3,98
mayutsuba_mono,3,77
kapatarou,3,820
ooshima_miwa,3,45
mkz,3,32
kakashichi,3,66
kamameshi_gougoumaru,3,191
riki_(riki_unc),3,61
caee_penguin,3,143
saya_pr,3,240
meihemu,3,116
teruya_(6w6y),3,122
naomi_(fantasia),3,183
linez,3,52
taku_michi,3,156
kamanatsu,3,77
maboroshi_mochi,3,655
maji_(etonato),3,83
kumo_(kumo8159),3,41
akaoni_(zumt3548),3,307
catgirl0926,3,127
harukaze_koucha,3,69
jay_xu,3,74
yong-gok,3,36
kodachi_(kuroyuri_shoukougun),3,392
ueda_torini,3,110
aoki_ume,3,344
mar10,3,122
kumaartsu,3,132
oniyama831,3,154
zabu_rou,3,54
kadou,3,39
takahashi_tetsuya,3,357
gomibuta_kuzutarou,3,87
yuib3_(yuibitch),3,35
9aki,3,99
kumashiro,3,36
lumium,3,70
tiv,3,349
sougetsu_izuki,3,128
gokineko_(roachcat),3,53
lucyfer,3,91
nanaya777,3,46
rokudou_itsuki,3,45
mayusaki_yuu,3,190
pi_tayuko,3,85
mori_toshiaki,3,260
yuzukineko,3,42
toryuu,3,66
nishihara_isao,3,565
rejean_dubois,3,344
liang_chan_xing_make_tu,3,46
ibaraki_shun,3,122
nwon'yo_pasun,3,52
squarevr,3,32
mushroom_(artist),3,52
evanyi,3,41
mizukanayuki,3,50
tenten_(kitty),3,46
dtcy,3,44
birman_h,3,32
bigxixi,3,101
neko_yume,3,110
nagomiya_(shousha),3,52
dvdraw,3,46
pertex_777,3,116
mizuha_(pixiv56938668),3,38
kuroniko,3,39
yuzuki4no,3,31
erakin,3,155
seabread,3,51
kie_(yospcd),3,50
hirasaka_makoto,3,590
yukke,3,154
derori,3,88
jiaxi_daze,3,39
akausuko,3,50
maruwa_gray,3,31
yu_sakurai06,3,32
kikuchi_youko,3,48
yowamidori,3,33
vchan,3,55
juno_son,3,41
besuyama,3,44
soyanrai,3,73
shimashi_(mori_no_sato),3,44
ayatsuri-doll,3,38
osatsu,3,57
makarony,3,33
kyou_(hibikit),3,44
ubo_(ubo_tales),3,128
mugikoma,3,61
rain_lan,3,194
wenhe,3,53
izumi_kei,3,118
doseisan_(dosei-san),3,52
akagashi_hagane,3,819
jiitarou,3,97
robaco,3,421
amagase_lyle,3,65
mizuki_(ekakichan),3,56
miy_001,3,52
daigaga,3,78
moja_(rainpoow),3,74
kasseus_maximus,3,101
torotei,3,1069
alzi_xiaomi,3,208
zawa_(zawzawranran2),3,38
nekoita,3,126
kuroki_(ma-na-tu),3,196
hakumaiya,3,65
kansoku,3,35
chienon,3,57
amase_(yagami666),3,36
kitayu,3,34
chil0107,3,60
aosode,3,77
enami_hakase,3,398
araki_kanao,3,127
uut,3,260
hunyan,3,222
miemia,3,132
pote_(ptkan),3,1220
matsuo_yukihiro,3,113
gawain_(artist),3,109
makaria,3,175
keigen_hichou,3,67
rib_(rib_delesetong),3,49
usamata,3,171
yaxiya,3,39
dobato,3,146
sasakura_ayato,3,39
kabashima_yousuke,3,56
yanagi_shinsuke,3,46
yuuya_(blue_scarab),3,125
cherrymaru,3,59
mary_is_mine,3,35
kasuya_baian,3,235
takase_hiro,3,32
wapokichi,3,140
betanya,3,43
kamo_(yokaze),3,110
mugiusagi,3,91
ikkei_dou,3,64
kuca_(ku_ca18),3,48
cyprus,3,96
musumi_renga,3,32
zibun_owl,3,72
yelan_xing_xuan,3,149
alto2019,3,106
ryein,3,77
pimmy,3,51
iizuka_haruko,3,102
yomean!,3,46
shime_mura,3,31
shimomoto,3,169
a-ka,3,429
koji_(kohei66),3,85
npon515,3,32
sumeshi,3,37
ninto,3,83
rinne_(mizunosato),3,51
massala,3,444
shun_(rokudena-shi),3,411
suzuka_(rekkyo),3,139
nomal,3,75
mogu_(kanikama_mgmg),3,50
watanabe_atsuko,3,67
fujita_mariko,3,59
sakuraidai,3,90
kotoyama,3,701
monoto,3,124
zekkyou_(h9s9),3,79
solace,3,34
miyabino_(miyabi1616),3,214
anti_(untea9),3,1593
unomi,3,89
unoobang,3,51
dei_shirou,3,1307
odayan,3,207
ru2n131,3,85
ichino_tomizuki,3,124
cismlyri,3,75
mikurun,3,120
montanyaoh,3,74
ikune_juugo,3,221
mg_pong,3,129
xanax025,3,134
io_naomichi,3,167
udukikosuke,3,259
hobak,3,106
neoko,3,41
hitoshi,3,70
ku-ba,3,72
sakuma,3,49
platinumcorundum,3,45
yamigo,3,104
aratagawa_nikei,3,53
reirou_(chokoonnpu),3,100
kuromu_shado,3,65
oneirio,3,83
shanodesu,3,34
ponnetsu,3,111
onasuba,3,68
salanchu,3,149
shochiku,3,39
katou_itsuwa,3,103
hhy,3,38
kaie,3,69
haruhikohiko,3,68
yusukesan,3,40
hiiragi_ken,3,70
origin_(fefnir_nightload),3,37
niko_kusa,3,62
shokikanes,3,56
zxpfer,3,86
sing152,3,41
zafuri_(yzrnegy),3,33
jisue10,3,61
sanada_ikki,3,51
yuizaki_kazuya,3,474
gau_(n00_shi),3,112
taiyaki_a,3,32
boxer_(danshikobo),3,73
penglai_tea,3,34
akechi_(826988799),3,92
negamaro,3,91
makoto_139,3,32
shiliuyexiaohei,3,58
kaishinshi,3,67
sei_(kaien_kien),3,937
saeki_touma,3,222
shirayuki_shoushirou,3,51
higashiyama_shou,3,89
ying_jing_meng,3,48
aoiakira553,3,52
cokio,3,34
supershiruco,3,283
saipin,3,147
shira_ichigo_(ichigohou),3,69
ura_(hamburg_oniku),3,154
kokenashi,3,88
z.o.b,3,264
hyoin,3,183
cota,3,68
bongnom,3,43
nekotokage,3,76
mizore_syrup,3,101
madam_s,3,40
tewarusa,3,152
mikhail_n,3,38
berrykanry,3,47
meet,3,72
tabby_chan,3,97
minn_(kangjm1107),3,55
wangqi,3,59
belluch,3,35
mikimo_nezumi,3,42
peachpulsar,3,58
sangrde,3,68
greenkohgen,3,144
abe_hikaru,3,84
teffish,3,203
juke,3,103
liba_(leo8d),3,43
tororoto,3,32
tyobimiru,3,43
aygoftenover,3,56
yoru_(yoru_vida),3,73
haruri,3,339
muaooooo,3,71
alvin_lee,3,64
wszkii,3,64
kagachi_saku,3,331
muraji0419,3,51
toyu,3,56
riko_(kujira215),3,61
realman,3,33
shinsei_(easycross1226),3,42
sakurano_ru,3,245
shirokuro_(lapinnoir),3,35
7001,3,129
bison_cangshu,3,710
shino_satoru,3,38
spookie,3,32
kumashou_(nabeyama_kaidou),3,65
boh_stick,3,57
35,3,67
i-la,3,136
gawawawa,3,45
eskimofox,3,55
atorasu,3,35
ko-ran,3,37
bencao_gangmu_(anquan_sy),3,48
sabi11riw,3,44
mawaridi,3,55
inaka_keikou,3,123
muutsu_(maxwell0916),3,45
phantasmic,3,39
rakkidei,3,108
kaiza_(rider000),3,328
tama_two_(fukuya),3,86
els_(ljhlee12),3,36
momomochi,3,37
yukiri_(l_ii),3,126
yotaro,3,117
miyahara_takuya,3,177
maki_(makidai2024),3,39
sakura_sora,3,190
misashi_(raichi821),3,120
ommmyoh,3,98
akovo,3,81
sankakusui,3,571
spade-m,3,120
senmu_(0107),3,369
moukin_punch,3,36
tentsuu_(tentwo),3,134
hare_(aeex5727),3,56
sotatsudraw,3,79
kanogi,3,34
solcha,3,124
rumiak,3,64
banananosongen,3,33
trimcolor,3,39
ogu_(oguogu),3,37
ideolo,3,522
yamabuki0,3,33
myowa,3,161
absent,3,68
yuu201023,3,129
toluda,3,50
marimotencho,3,37
ntk_(7t5),3,105
naguramu,3,49
kousaku,3,237
mitamura-kun_(landcell),3,37
miotama,3,47
bell_(oppore_coppore),3,316
aoi_(aoisaka),3,70
kagura_kurosaki,3,106
tsukigami_chronica,3,103
dincat,3,55
tsumuri,3,31
ask_(askzy),3,358
sumitomo,3,32
marmaladica,3,113
b.d,3,119
nori_senbei,3,166
neru_fia,3,32
neneko-n,3,77
teruki,3,35
nishiwaki_yuuri,3,80
tanu,3,63
kitano_(kitanosnowwhite),3,313
goumonsha,3,231
arch_05x,3,39
oreo_kirisame,3,34
fujiwara_akina,3,362
shirosame,3,107
hyurasan,3,341
miharin,3,53
ultra00,3,34
takana_shinno,3,678
bulge_tsuki,3,52
hakuduki18,3,40
ji_no,3,520
saku_(soreca49),3,34
shenqi_xiao_hong_zai_nali,3,72
sonjow4,3,136
kinosaki,3,234
byoin,3,61
jimbobox,3,79
matsunaga_(haku),3,180
mei_(abliss),3,62
mutenka_(plfgb),3,61
kirigakure_(kirigakure_tantei_jimusho),3,447
ji_yue,3,51
yousuke_(yosk),3,52
tadano_magu,3,443
porocha,3,59
nakabayashi_reimei,3,263
zawawa_(satoukibi1108),3,133
watarai_keiji,3,331
kuroi_paseri,3,78
feral_lemma,3,406
yoshimizu_kagami,3,104
kouji_(campus_life),3,4184
toyo_maru,3,45
kimikimi,3,42
shiiba_nae,3,76
minashirazu,3,356
matsuo_yuusuke,3,156
kinako_(nurupoga),3,83
hidefu_kitayan,3,1198
r2sais,3,41
okumari,3,153
shiro_kuma_shake,3,379
kuu_(user_gngs5284),3,32
tellzeta,3,108
miraino_tsubasa,3,41
flauschtraut,3,40
royal_tea,3,38
yuutsuki_hina,3,60
risa_(pixiv23908854),3,57
misaki_juri,3,238
buntaichou,3,205
yunuki_uta,3,205
jellymlk,3,34
kochoko,3,125
kuriyuzu_kuryuu,3,185
inusurvivor,3,47
makio_(makiomeigenbot),3,464
watashiya_kaworu,3,134
mantou_xiang,3,63
ryo_(tg290),3,620
yamajun_(junyamaekaki),3,42
masaki_(msk064),3,220
guriddopitto,3,36
three_twosix,3,69
suzuki_gou,3,35
elegant_(sumisumi4268),3,75
hassai,3,59
ponkan_8,3,195
takahashi_note,3,40
derby_(dabidabi),3,81
oozora_halu,3,31
satchely,3,100
koroneri,3,50
huyandere,3,184
tsuboyarou,3,32
hattori_mitsuru,3,55
tanan,3,39
kakimoto_nao,3,112
yuyaiyaui,3,304
amagasa_yun,3,235
asano_tomoya,3,34
masamuuu,3,195
nitoridio,3,44
chumugi,3,49
meimu_(infinity),3,108
tamachi_kuwa,3,150
barokkusu,3,38
houru,3,80
mochiki,3,151
ket-c,3,56
takatsuki_arunashi,3,31
yinpa_(wanone500511),3,139
kusunoki_(gwzx5574),3,61
little_thunder,3,70
mana_(artist),3,47
reio,3,45
fuji_den_fujiko,3,55
sasaki_yukinojou,3,73
fubuki_(fakemonkey0224),3,65
onimoti,3,57
roki_(307033),3,65
migel_futoshi,3,92
memai,3,66
reinene,3,31
machinosuke,3,119
nichiru,3,119
miyajima_(anthem-anthem),3,31
y.i._(lave2217),3,124
uneune,3,43
stmoon,3,34
kasuga_souichi,3,131
sumeragi_tomo,3,134
kotera_(koterabyte),3,34
monosenbei,3,183
edamame_(barium),3,46
kkkula_(kula),3,32
usao_(313131),3,51
scarletsky,3,49
seisui_bar,3,102
dresstrip,2,179
hitotsuki_nanoka,2,158
320_(romsen),2,91
misonikomi,2,72
fuyuki8208,2,50
amane_utata,2,39
dada_(esoragoto),2,61
biafura,2,40
aliceblue,2,131
cizzi,2,122
kimura_daisuke,2,72
kubyou_azami,2,172
xia_xiang_(ozicha),2,49
inuarashi,2,279
yokaze_(yokajie),2,181
yuge_(mkmk),2,98
ropu_(ropu_10),2,33
tachibana_hiroki,2,74
hako_momiji,2,80
yokoyari_mengo,2,168
kawasaki_tadataka,2,164
danaka,2,159
ookouchi_ricca,2,50
kingdom_(user_ysav4824),2,33
miche,2,117
taiga_hiroyuki,2,99
e_(eokiba),2,197
mashimashi,2,191
zain,2,44
atoroux,2,33
netachou,2,77
rtari,2,44
tsukiman,2,718
kyuu_(pinpo),2,53
tomycase,2,62
tanaka_kaori,2,228
kaoling,2,394
omuni,2,60
hakomaru_(pandora_box),2,105
yuki_(yuki3243),2,36
fueru_nattou,2,90
poini_(king-scarlet-dead),2,39
takeu,2,124
matsusaka_gyuu,2,131
jushoro,2,42
melting_scarlet,2,50
paraffin,2,144
matataku,2,285
hananon,2,34
ki_min-woo,2,42
frank_araya,2,37
pla0658,2,49
gaou_(umaiyo_puyoman),2,853
aemu_(august_life),2,40
curss,2,280
yusya,2,31
komeo,2,49
mikkusushi,2,66
fuyuichi,2,147
nana_mikoto,2,163
maitou,2,108
enomoto_hina,2,119
irua,2,357
2sham,2,115
nightea,2,139
taicho128,2,100
yeosi,2,36
shiira_kan,2,40
lilyglazed,2,65
mizushima_aru,2,32
nihohohi,2,100
lino_(lilyparty07),2,79
daiiichukiii,2,53
c1p122,2,60
murata_tomohide,2,37
tekaru,2,31
gagaimo,2,130
same_(g_shark),2,52
miyakura_shiiha,2,64
snafu_(snafy_snu),2,41
misekiss,2,107
gauss_<bokashi,2,125
sasasi,2,95
rato,2,118
shipl,2,89
ryofu_x,2,32
aikura_(twilight_dusk),2,203
ki_(adotadot),2,208
fuyutarou,2,33
shibamine_takashi,2,45
kusano_kouichi,2,65
pin.x,2,54
haro_(artist),2,32
tonnelee,2,31
haniyama_kurofo,2,53
ainudraws,2,43
nakamura_tetsuya,2,156
emia_wang,2,197
tcb,2,256
reizouko,2,83
saeki_tatsuya,2,361
tobu_0w0,2,76
yoshikawa_tatsuya,2,104
mikumo_(lpmkookm),2,66
hebino_rai,2,238
tsuzuki_masumi,2,70
unxi,2,185
naseul_777,2,49
mok4suke,2,43
reka,2,32
kanaoto_neiro,2,80
kuuro_kuro,2,224
izumo_neko,2,80
imuro,2,75
cariboy,2,105
miwa_uni,2,55
baschyf,2,32
k_(li),2,79
hosoi_kouzou,2,79
gilmang,2,50
petra_(jgc845601),2,54
kuzel_(bonolangje),2,48
kaoru348,2,86
kusaka_eiki,2,59
74_(teduka),2,104
kyouyasai4423,2,100
hirako,2,114
bowsan,2,91
chorefuji,2,360
ikeda_(cpt),2,266
makihako_bunko,2,43
nanamo_(002a),2,94
koi_(koisan),2,542
carlos_toshiki,2,39
sumi_(joker),2,35
luxuriou_s,2,72
sunga2usagi,2,200
cloud_ya,2,54
kiraki,2,271
tororo_(toriaezu),2,171
hrtyuk,2,68
mugika,2,67
yue_zi,2,42
miya_ur,2,123
momoko_(momoko14),2,106
nakada_rumi,2,72
kazesayuru,2,43
tataki_tuna,2,144
yuutarou_(fukiiincho),2,166
shiren_(monochrome_structure),2,80
apple_(luffy123),2,45
kumaori_jun,2,129
esaka,2,133
zi-dabu,2,42
jhc_kai,2,53
chokuro,2,55
meiko_(puua),2,31
pasutel,2,218
nez-doll,2,39
makoto_jon,2,69
nut_megu,2,120
hanada_hyou,2,337
indosou,2,272
rei_(sanbonzakura),2,557
eus_ing,2,209
lamp_p9,2,67
banderasu,2,45
alza,2,90
burunuu_(bullnukko),2,47
utayoi_(umakatare),2,52
runako,2,47
m2_(guvn5745),2,45
ress,2,235
nanai,2,46
makisige,2,74
youkan_(tako),2,101
honmakaina_kudou,2,101
syuurin,2,31
kawamatsu_yoshinori,2,39
tres-iques,2,46
odoc,2,66
svveetberry,2,96
miho_(mymiho),2,48
neko_usagi,2,48
yuuka_nonoko,2,473
dadami,2,65
kosumi,2,75
minatsuki_kou,2,63
kentairui,2,122
kameron,2,40
kanisaka_shizuku,2,53
tantaka,2,263
kurumi_(recycllamo),2,205
kottungyang,2,59
n15e,2,49
hikari_(mitsu_honey),2,71
borisx,2,42
mikoto_(mio),2,52
furu_(retr0e),2,47
fujimoto_akio,2,110
tucana,2,141
raind,2,47
riho,2,206
shigureru,2,217
t-asama,2,145
suryua,2,77
amanatsu_yuzuka,2,54
aura_(a440),2,59
hebina_masayoshi,2,44
shidoh279,2,49
komori_kuzuyu,2,552
kaginoni,2,177
sapysha,2,70
wada_arco,2,568
silltare,2,91
kajishima_masaki,2,42
sayuu_hanten,2,68
juuka@100neko,2,53
fukai_ryosuke,2,606
daika!!,2,38
daran9,2,215
tamafurin,2,49
hani_haya,2,117
kamidanomi,2,92
momosemocha,2,51
maosame,2,196
hototogisu_(hot_to_gis),2,111
kontahsm,2,56
kishiro_azuhito,2,61
yomi_yasou,2,40
yuumei,2,485
pandako,2,76
meto31,2,288
natsu_(anta_tte_hitoha),2,658
yukinojou_yakan,2,192
janyhero,2,150
joypyonn,2,113
gyuu_kaku_(gyu400),2,41
mitsuki3s_kir,2,61
sakasana_(kaisen_teikoku),2,83
karamoneeze,2,445
amahara_subaru,2,285
westlee_ar,2,35
kutsuwada_on,2,93
haru_ichigo,2,101
shi_zhuzi_da,2,56
tegami_(kch7683),2,52
k00s,2,219
minato_yu,2,79
hina_(ohinao),2,47
ji_dan,2,40
miyakodori_takayuki,2,76
ri-net,2,585
paaaao01,2,34
sugamo_(rainysnowy108),2,120
yurina,2,32
naitou_ryuu,2,254
sena_monaco,2,36
dopoing,2,33
kirero,2,513
gozaemon,2,87
riokasen,2,79
dai_(mebae16),2,74
huazang,2,37
sakura_akami,2,73
kyanduru,2,44
yuino_(fancy_party),2,81
iwaya,2,73
kemo_chiharu,2,149
asukaaasuu,2,32
sailen0,2,187
kaleka,2,118
sakishimadara,2,36
toshi_(little-fluffy-cloud),2,84
kururi,2,112
skoll_world,2,38
sigmart03,2,51
kariya_(mizore),2,138
kyowosuke,2,50
oka_(bananashoe),2,189
puchiman,2,350
akamaru_saasha,2,102
zaraku,2,77
weidashming,2,366
rikoma,2,182
minazuki_noumu,2,196
nikulas_cage,2,31
jaduade,2,54
takase_(harakiri),2,46
masikakuma,2,46
mukiki,2,268
wawatiku,2,53
umi_(_oneinchswing),2,69
pul_(gks569),2,49
dan_evan,2,226
maineko_ruru,2,49
duoyuanjun,2,348
aogiri_sei,2,71
wolla,2,45
naonakamura,2,65
gao_kawa,2,87
pigeon_(wejil),2,51
set7,2,88
yamasan_(hachiman),2,96
opiu,2,55
ichi/mine,2,38
bi_yao_zhuye,2,34
youta_(asatsukidou),2,44
miryoryo9,2,101
aburai_yui,2,38
katou_kouki,2,33
baisi_shaonian,2,231
kanekan,2,121
dodari,2,49
wol_(wol_927),2,71
tamagogayu1998,2,314
sakurafubuki_nel,2,44
yuxing_yuhang,2,77
liyou-ryon,2,86
moroi,2,45
hasebe_yuusaku,2,274
mizuki_(flowerlanguage),2,443
chikuwa_(rinka),2,37
nagai_wataru,2,77
mannack,2,249
sakatsuki,2,45
cheese_(cheese_koubou),2,131
xochi_(nueeen6978),2,37
bikkusama,2,127
popoin,2,167
misyune,2,107
taigi_akira,2,69
tsunenorip,2,98
toshifumi,2,251
moorina,2,176
hei_(tonarinohey),2,93
samuraichamp,2,36
yamamoto_canponi,2,39
yamada_koutarou,2,161
amido_(compassion273),2,64
kusiyan,2,75
miseo_(mrkglove),2,33
stc,2,45
totomono,2,59
f_1chan,2,41
wang_chen,2,45
shiroobi_(whitebeltmaster),2,104
shigehiro_(hiroi_heya),2,214
ayuko_(ayuco),2,70
hoojiro_(found1093),2,144
hano_haruka,2,111
rariemonn,2,216
chouzetsu_yarou,2,43
thomas_(aoakumasan),2,67
pangtanto,2,32
nishiii26miii,2,52
buntan,2,106
hayate_fish,2,118
mishima_yoshikatsu,2,53
hiyoko_no_ko,2,48
tanaka_kunihiko,2,125
doromizu,2,96
yuririn_poi,2,76
huziiro_matutya,2,39
shakata_(syakatan),2,47
mikao_(eanv5385),2,189
fukukitaru,2,78
awe_(adorableduckyy),2,70
sheepd,2,223
i_(kaiyou),2,85
kawaguchi_youhei,2,77
tofu_(tf07px),2,71
nishimura_(nianiamu),2,136
shiraki_ai,2,33
koru_pera,2,133
yumekamaborosh,2,129
tiguruvurumudo_vuorun,2,41
igarashi_ran_(igatz),2,62
arpeggio_kaga,2,209
kagemichi,2,141
33paradox,2,45
kaho_okashii,2,173
hjm,2,98
kame_(kamepan44231),2,1066
nyu-tan94,2,38
megafaiarou_(talonflame_810),2,55
riou_(pooh920),2,53
randle,2,41
abusoru,2,111
izumi_yuuji_(trace_kouhosei),2,48
sakuhiko,2,96
mcq,2,33
mamezou_(tzakki023),2,33
nonji_(sayglo_halo),2,53
gie_(gienara),2,36
yaten,2,60
shimashima_(simasima_23),2,58
temachii,2,192
izumi_rei,2,129
suoniko,2,31
ice_(aitsugai),2,96
overlord_jc,2,87
hyuu_(sing-dog),2,42
morisu,2,41
thupoppo,2,180
masukuza_j,2,1256
mutang,2,186
neuron_(exceed),2,56
kudakitsune_(kaien_kun),2,34
kojijima,2,53
sakurame,2,383
g_home,2,92
chabi,2,52
sanzui,2,32
ren_(endscape20),2,111
katahira_(hiyama),2,55
504_gateway,2,76
cheriina,2,53
ai-wa,2,374
ermuzibu,2,38
raruru,2,62
kio_rojine,2,96
houshou_marine_(artist),2,50
caesar8149,2,37
mirui,2,99
kuruto.,2,40
kotobuki_(stealth_sendan),2,283
queen_complex,2,64
rozer,2,71
nachisuke,2,76
nyromide,2,41
ayumi_tooru,2,37
usagi_(786113654),2,64
luna_nyann,2,82
yummy_(donyat1983),2,43
sanotsuki,2,200
arnoul,2,47
yupopo_(hidame),2,68
junjonta,2,37
343rone,2,80
neopure,2,218
furudori_yayoi,2,34
isaki_(gomi),2,581
404_(artist),2,55
sofy,2,259
siqi_(miharuu),2,106
toratora_(nanahaba),2,119
yunotimo,2,47
sabano_niwatori,2,37
makaron,2,40
kohaku_teru,2,37
ooshima_towa,2,41
alpaca_carlesi,2,82
korokoro_daigorou,2,88
miniru,2,122
beppu_mitsunaka,2,142
lilaccu,2,154
irokari,2,131
sukemyon,2,437
magomago,2,57
acrylicstroke,2,95
saruno_(eyesonly712),2,159
gedou_(ge_ge_gedou),2,222
ayuya_naka_no_hito,2,36
popopon,2,50
cyberdemon_no3,2,34
soejima_shigenori,2,493
snowsakurachan,2,40
sunyukun,2,75
shirokuro_(monochrome0226),2,34
kiyohisa,2,46
fulunukko,2,37
ikawa_waki,2,127
kisaragi_miyuki,2,34
mozu_1oo,2,37
ogu,2,50
okita,2,76
echt,2,33
dc_(makezzal),2,65
redjuice,2,403
sumomo,2,48
roten_(rotenburo),2,58
nanairo_souga,2,50
yanagise,2,43
overlord_(overlord80000),2,75
atagumo_yuba,2,40
kurage,2,102
koji_(kojikojimdw),2,79
serie_niai,2,72
kuroha_(rockluo213),2,67
mubouou_aasaa,2,52
hi-yo,2,39
tariho_(robotanime),2,49
amrkdrw,2,74
mangyu0111,2,39
5tatsu,2,71
arutera,2,375
suzuki_puramo,2,105
mike_(mikenekotei),2,35
nejiresyake,2,59
mecco,2,86
ozzzzy,2,33
yahiro_(heartseek000),2,88
tyson_hesse,2,44
bail,2,109
akatsuki_(akatsukishiki),2,76
shikajima_shika,2,54
g.t,2,65
katakata_un,2,57
glaa_da,2,32
justin_leyva_(steamy_tomato),2,133
kurosawa_tetsu,2,104
phantom_ix_row,2,1338
reku_hisui,2,55
tegaki_no_yuu,2,92
nico_o0,2,59
yeorem,2,57
otsukemono,2,154
nishii_(damnedrive),2,625
nanasumi_(pantie_party_project),2,74
orikuchi_hirata,2,132
skl,2,33
sakura_honoka_(srhk0623),2,59
xiao_lu,2,32
flyx2,2,34
gekka_nanako,2,78
niseneko_(mofumofu_ga_ienai),2,132
habuki,2,64
okuma_mai,2,212
mosuko,2,143
kohaku_(kohagura),2,61
yamazaki_jun,2,48
senya_fuurin,2,107
organ_derwald,2,188
nasubin_(nasubisamurai15),2,117
mikami,2,125
tony_kuusisto,2,142
shirakawa_mayumi,2,46
menoko,2,60
koromo_(kinu),2,33
wabi_(wbsk),2,215
yoimon,2,44
baiola,2,41
aki_eda,2,106
makacoon,2,505
kyuunosuke_(lactis09),2,45
tazaki_hayato,2,96
kazeharu,2,145
itou_takeshi,2,103
hacco_mayu,2,87
mayo_(miyusa),2,186
minamino_kanata,2,78
d-cao,2,33
iwami_kiyoko,2,39
kobayashi_jin,2,38
h2so4,2,411
ohihil,2,149
aer7o,2,107
shiromonefu,2,56
kagiana,2,252
el_(canon_jihad),2,42
konoe_ototsugu,2,246
mikazuki_sara,2,257
takeya_yuuki,2,254
dore_(gilles_dore),2,127
kazeco,2,47
oskar_vega,2,108
kurumiyasan_ns,2,85
blanc_(whit_blanc),2,49
enri_madoka,2,36
armais_(me-chan337),2,38
chi_gura-ya,2,42
keaworks,2,47
ootsuka_you,2,42
wani_(fadgrith),2,93
gakubuchi_aiko,2,192
hy_(hem_oo),2,47
jun_(aousa0328),2,430
kakifly,2,146
ainezu,2,93
mr.lostman,2,33
shinekalta,2,331
tofu_(tofulabo),2,59
whoisshe,2,197
take_yaki,2,61
aoi_takeru,2,51
kazari_tayu,2,262
tokumaru,2,32
lecca_aisu,2,79
dulldull,2,146
yonchi,2,83
zhai,2,33
neko_pan,2,82
etogami_kazuya,2,139
azumaya_(miyui001),2,55
yumeori_amu,2,32
yuutarou,2,56
imoto_yuki,2,44
cqqz0707,2,54
yukichi_(sukiyaki39),2,247
itou_souichi,2,38
808,2,44
daidailong,2,43
c_home,2,53
kumah_dessu,2,39
tanziya_(codlxcold),2,84
fujisaki_kyouya,2,49
mokkei,2,78
hoshigaki_(kyuukp),2,40
huke,2,448
miya_star_saa,2,89
hyonee,2,169
socha,2,695
kishida-shiki,2,159
suikuzu,2,35
kh66gs,2,33
ishida_atsuko,2,56
dave_rapoza,2,117
hoshimaemi,2,45
darkmuleth,2,87
oofuji_reiichirou,2,31
shouz,2,32
nana_illust,2,52
aoba_(smartbeat),2,376
kedo_mitsuharu,2,52
kazahana_chiruwo,2,35
gakky,2,460
nitta_yasunari,2,40
maruta_kentarou,2,65
tarantulaines,2,46
yasu_suupatenin,2,51
kanimura_ebio,2,65
ayuhara_hiiro,2,66
forneus_0,2,68
treeware,2,95
hiwatari_rin,2,162
craytm,2,175
wminiminiw,2,34
yaki_mayu,2,124
pori_(poritan81),2,61
nagiriku912,2,48
michitose_michiru,2,36
miimu_(nelreg3),2,53
tebamaru,2,45
xue_fengzi,2,35
yashita_saki,2,33
natsuhachi,2,47
nakamura_naoto,2,80
rita_ya,2,43
scup,2,71
ma2acworks,2,73
gintokyhenry,2,33
baumku_techen,2,81
healther,2,168
po_pooch,2,54
sou_(pale_1080),2,132
tochi_keisuke,2,133
nyanyanoruru,2,58
silversirius,2,43
purimari,2,38
kildir,2,169
kuromaru9,2,53
minu,2,55
wiori_(mashiro_miracle),2,34
108,2,101
nyaph,2,53
karepack,2,74
toshi,2,78
sangsoo_jeong,2,81
ninyo_(user_pddg5877),2,66
maria_(syake-uni),2,134
mo_(ine_mao),2,64
futago_monad,2,34
uuroncha,2,74
nexeee,2,32
scarlet_dango,2,83
mansu,2,70
fujimaru_(bluebrand),2,87
yoshitani_(aminosan),2,38
liu_lan,2,125
nippori,2,48
repu_(rep_sha),2,40
lotpi,2,60
elliemaplefox,2,192
riv_(rivleaf),2,281
fuji_hyorone,2,52
namakura_neo,2,77
zhehewofu_huayou_shemeguanx,2,35
kanauru,2,36
sou_ryuu,2,34
amamiya_poran,2,59
ai-nohikari,2,39
shoura,2,60
omutatsu,2,251
kawasaki_(kwsk_8765),2,41
hanazome_dotera,2,225
leglus,2,53
meteor_(yamashou),2,35
tanaka_ken'ichi,2,119
lalatia-meai,2,91
kurogane_tekki,2,43
remiria100,2,39
minamoto80486,2,114
aizawa_kotarou,2,84
errant,2,464
yotogi_(yotogi_luminary),2,42
ani_lu,2,35
sagami_rin,2,78
yuuhi_alpha,2,229
shouin,2,86
noran,2,37
onsokuzekuu,2,36
ddukae,2,35
fukuda935,2,87
tomo5656ky,2,93
lemontea_(ekvr5838),2,65
may.l,2,90
kyundoo,2,105
tadashi,2,185
kadomaki_shinnosuke,2,33
negura_meru,2,52
date_hajime,2,47
yuukichi,2,120
yukikasa,2,53
kutouten,2,97
shant_07,2,37
drops_mint,2,102
uekan,2,95
xenon_(simlacurm),2,32
tsyn,2,39
yuu_(masarunomori),2,182
kiukoma,2,66
halo_(artist),2,32
noja,2,55
riuichi,2,107
chanism!,2,32
rumaki,2,47
shori_bun,2,34
piscina,2,65
robot_(pixiv_42325944),2,43
aluce,2,139
ref_(pmxt4483),2,32
staryoruu,2,41
tyotto_ko_i,2,35
azuma_sawayoshi,2,82
aida_mai,2,63
ats_(ats2nd),2,63
error1980,2,146
kikunosukemaru,2,124
stormstx,2,61
meriibe,2,51
kadowaki_miku,2,42
asao_(vc),2,48
niccya,2,31
gyouza_(mhea5724),2,242
neko_danshaku,2,168
kitou_kaitai,2,64
fallen-leaves,2,45
ktsis,2,127
ev_(dai00888),2,132
aisu_(icicleshot),2,79
gongha,2,101
chey,2,34
aiue0,2,51
yakkey,2,35
nagihashi_koko,2,62
yaruwashi,2,98
sadamatsu_ryuuichi,2,160
kemoribon,2,46
takejun,2,37
nekodama2000,2,43
karebu52,2,44
mzet,2,143
maekawa_suu,2,274
uni_(melm),2,183
hirune_(konekonelkk),2,297
kitano_yuusuke,2,171
yuuki_nobuteru,2,121
toa_(kitakaze_setsuna),2,37
circle_garyuu,2,87
neee-t,2,51
gaoerji,2,49
ckln,2,76
houkiri_nemu,2,56
aki_(1360505188),2,66
kabata_(mechisan),2,45
haido_(ryuuno_kanzume),2,73
mrr_05,2,52
santouka,2,59
maximilian-destroyer,2,31
misono_chiaki,2,51
narue,2,554
yakumo_nanahara,2,129
tooru,2,74
oneko,2,31
aiovia,2,39
tachibana_(x_quick),2,53
kouen_miska,2,39
ryuu_(multitask),2,120
chocolat_(momoiro_piano),2,474
rsk_(tbhono),2,123
kirisame_mia,2,362
shinsono_shiroko,2,112
isshin_(sasayamakids),2,76
sw_(taco),2,496
hinainf,2,104
f.k_(hs225kr),2,68
tefu,2,55
tamatabe,2,31
212_(kisaragi),2,119
ronopu,2,103
pineapple_(pine),2,48
guchagucha,2,65
katuhata,2,53
ajuji_aju,2,47
makinoatorie,2,31
zono_(rinkara-sou),2,49
koin_(foxmark),2,165
makihige,2,95
ozeki_miyabi,2,62
arugou,2,56
itamochi,2,254
kazunari,2,71
riochan,2,52
aoi_masami,2,254
memidesuyo,2,33
mikoko1,2,61
mukai,2,86
dav-19,2,166
selenoring,2,94
haru_(hiyori-kohal),2,224
panbukin,2,34
fragran0live,2,59
shimazawa_noriko,2,45
aquilar,2,44
bo_xun_lin,2,48
yu_65026,2,387
ichi_kq,2,75
advarcher,2,355
cinnamon_sabaku,2,34
hin,2,38
yopan_danshaku,2,184
sakippo_(sakippo0),2,46
v_burger103,2,32
izubuchi_yutaka,2,41
diu9you,2,53
mofu_mofu,2,90
marujin,2,48
shimakoma,2,106
ryo-suzuki,2,93
magaasha,2,33
sanae_(satansanae),2,123
atha_(leejuiping),2,130
misato_hao,2,121
minttchocok,2,99
opagi,2,278
jungtong,2,48
monrooru,2,402
nemunemu_semi,2,161
kirihara_natsuki,2,51
aata1007,2,60
a_(user_vtsy8742),2,64
nakamura_hinato,2,364
magicians_(zhkahogigzkh),2,166
1hao_(@cerbero64),2,40
maru-sun,2,124
kozakura_(dictionary),2,277
kaguyahime,2,49
verus,2,55
anidante,2,50
miya_nns35,2,48
kayama_kenji,2,218
murakami_yuichi,2,378
hero_(10cl3),2,91
moccy,2,54
takishima_asaka,2,278
ujiie_moku,2,87
edo-sama,2,35
kisei2,2,132
kurarin,2,132
fujitaka_nasu,2,403
strash,2,40
excel_(gewalt),2,98
mmmalice,2,102
tanagawa_makoto,2,67
nakami_chihiro,2,42
yu_yanshu,2,162
kotatsu-spirit,2,57
tricky_46,2,88
qinglai_haiji,2,75
kongari_tokei,2,131
myless,2,55
moko_(moko/moko),2,168
sakamoto_masaru,2,38
hawe_king,2,165
chaosringen,2,125
adelie_cat,2,33
the_raineman,2,69
hashiyamoto,2,48
zuizou,2,144
fadingz,2,262
kamkac,2,44
kofunami_nana,2,309
mikaze,2,50
tsunsuki_(naobe009),2,129
observerz,2,364
akeboshi_kagayo,2,78
fukunaga_kazuhiro,2,169
matokechi,2,220
sawara_noa,2,123
doongdang,2,44
totoki86,2,299
makitoshi0316,2,91
nosuku,2,303
drachea_rannak,2,62
takatsukasa_yue,2,112
yusano,2,207
rocomani,2,46
layla_(suptomat),2,32
takatsuki_kahiro,2,113
shan,2,492
tsurumaki_kazuya,2,53
masara_(chuujou),2,569
subaru_noji,2,70
ekaapetto,2,68
nanatsuka,2,59
diaodiao,2,63
inuno_rakugaki,2,336
pepper_fever,2,109
anarogumaaa,2,340
amyu_(amm_asl_pa),2,54
jin_(crocus),2,74
catcar0983,2,59
nishiuri_warito,2,205
matsu_84,2,128
neko_(yanshoujie),2,283
spanking_momoko,2,51
nihility,2,32
anno_masato,2,108
enotou_(enotou_moi),2,55
nanakusa_amane,2,133
13_(spice!!),2,334
nagishy,2,75
chu_(huaha1320),2,43
nobicco,2,115
kanamaru_yuuki,2,39
teru_suzu,2,73
harano,2,658
yuyu_(spika),2,48
mri,2,40
s_gentian,2,210
tsukishima_yuuko,2,93
chibimame,2,49
mayuri_kaichou,2,92
kag_tsukimi,2,45
niina_ryou,2,552
aisha_callaaisha,2,69
hiyayo25,2,84
lemontea,2,237
irigoma_(jikabi_baisen),2,91
rakuto_mangan,2,82
komi_(komiking),2,115
serika,2,110
kuroida,2,90
kong_ting,2,45
takano_itsuki,2,189
majicjiang,2,37
kine_(warabi_mk501),2,48
cain_art811,2,57
bei_liou,2,39
spadelake,2,95
john_(a2556349),2,156
aiba-tsukiko,2,51
tsukuda0310,2,181
muruaka,2,35
aiee,2,39
ririsu082,2,54
baocaizi,2,253
james_hotate,2,47
moth_ram,2,89
solllolll,2,55
renkkai,2,35
mentei_yakuna,2,130
dolce_(dolsuke),2,200
hamaguri_(hamaguri1234),2,237
atamonica,2,61
jas_(annkoromochi),2,56
masato_(mirai_koubou),2,134
tomari_(veryberry00),2,359
shishio,2,95
cocoasabure,2,79
fuchi_(0616tk),2,52
mutsuki_hiiro,2,37
masuda_(yousaytwosin),2,121
asc11,2,100
tomiwo,2,131
katsu_aki,2,45
hellk111,2,37
humany,2,41
ziyue,2,45
clover_(lapis_lazure),2,121
mottsun,2,67
miso_katsu,2,216
nosh,2,32
kikujin,2,44
thesale,2,61
shigen,2,44
shiro_(kiron),2,31
shun_soku,2,84
sparklenaut,2,55
haiyahaiyohai,2,32
imaizumi_teruhiko,2,86
milk_ko,2,43
sekigan,2,33
akairo_no_mako,2,63
oni_gini,2,107
s040784,2,48
ryu_(ryu's_form_site),2,356
shigure1213,2,34
shunga_(shun608),2,53
miyukiko,2,71
meracle,2,67
robo8,2,106
shiwasuzuki,2,66
kajio_(maburo),2,35
tan_(tangent),2,344
ran_komomo,2,72
greetload,2,122
violetsang,2,50
pinb,2,163
warai,2,49
amagai_tarou,2,492
hentaki,2,156
icywood,2,61
ngirln4,2,35
shinigami_(tukiyomiikuto),2,41
et.m,2,84
asure_(asure_twi),2,37
henken,2,199
shimanaka_arihito,2,40
ume_(datsuryokugen),2,107
unyon,2,121
neko_punch_(user_hddm3373),2,45
bukurote,2,168
hitaki_yuu,2,67
cedric_(gear_art),2,88
leftporygon,2,45
akie_(44265104),2,44
motsunuki,2,91
sigure-zzzz,2,61
tate_yukimi,2,82
viola_(seed),2,305
mochako_(motyako),2,40
hyuuga_takashi,2,68
hovering_kousin,2,76
murechika,2,52
jisoo_kim,2,42
tk31,2,148
aquna,2,36
so_tsubasa,2,45
max-k,2,103
merican_sack,2,33
itou_katsunobu,2,45
sherumaru_(korcht06),2,72
munuu,2,76
imtmcomics,2,97
kaguya_(srx61800),2,112
sakurano_miya,2,45
yaya_chan,2,108
meitarou,2,59
hira_taira,2,43
sanada_taketo,2,60
amisaki_ryouko,2,39
gulim,2,133
nik_ibi,2,102
hiratsuka_tomoya,2,55
bud_(korovsme),2,109
kaeruyama_yoshitaka,2,165
akane_kazami,2,47
abarai_(abarabone),2,92
shanabi0610,2,40
inomata_mamoru,2,33
zenn,2,91
shirow_(crazy),2,102
arisawa_masaharu,2,38
nekopuchi,2,382
satomi_yoshitaka,2,293
kaamin_(mariarose753),2,1410
z-epto_(chat-noir86),2,416
sakuyu,2,337
ogipote,2,456
milcho,2,158
asahana_jun,2,80
lactmangan,2,47
kofa_(ikyurima),2,85
noguchi_takayuki,2,58
krazehkai,2,121
takumi11,2,46
cat_with_a_brush,2,97
marshall_k,2,277
azuma_yukihiko,2,194
machimote_taikou,2,88
maou_(maoudaisukiya),2,113
kazuhito_(1245ss),2,67
rgrey00,2,48
hayashi_tsugumi,2,41
bonfurai,2,33
mirano,2,97
gia_kon,2,67
nairobi_song,2,83
momiji7728,2,72
hirata_katsuzou,2,67
dasoku_sentarou,2,204
ai_xiao_meng,2,66
yumemiya_subaru,2,33
wasabisuke,2,63
manino_(mofuritaionaka),2,515
hisato_ar,2,40
rezoeline,2,42
choborau_nyopomi,2,256
xian_miao,2,45
d-log,2,51
fuji_kakei,2,45
kojiki-life,2,140
hokuto_shun,2,57
heiseikorotaisei,2,65
mitsuki_ponzu,2,42
natsu97,2,32
kamoto_tatsuya,2,142
iyasu_shikaku,2,33
yoshinari_atsushi,2,39
gh_himainu,2,36
asanaya,2,139
parijennu222,2,34
cap_(dkdm-d),2,50
tenjou_tsuki,2,67
boko_(maniacpurple),2,130
ankoku_tiger,2,50
momoiro_tanuki,2,77
tokira_nozumi,2,179
aasara,2,47
kokumu,2,44
zhang_wei_yi,2,33
zuomerika,2,33
kuroba_u,2,177
kyamu_(qqea92z9n),2,101
chack520,2,48
arceonn,2,211
onimaru_(onimal7802),2,202
chize,2,203
mitsuba_(threeleaf),2,89
gaius_(nikoniko2),2,81
kiri_(lwp01_lav),2,44
oshiyon,2,44
tomitayaki,2,48
yano_akane,2,42
hino_hikaru,2,44
akatsuki_gomoku,2,96
moppo,2,67
yupi_(yuyupiko01),2,83
orippa,2,35
sakura_nitouhei,2,65
foodtoyc,2,34
miyao_ryuu,2,388
apollo_(hu_maple),2,143
lily_(artist),2,251
bsmycc,2,36
hifumi_(art_sky_littel),2,32
nishiwaki,2,33
tianliang_duohe_fangdongye,2,116
pt@i,2,46
hisona_(suaritesumi),2,2067
haine_1871,2,48
pero_(peroneko0510),2,42
ikazuchi_akira,2,94
saberiii,2,185
edwin_(cyberdark_impacts),2,124
shiso_azuki,2,44
yuhuan,2,55
kagosumi,2,54
kenoka,2,181
nuka_(nvkka),2,293
tenjiku_nezumi,2,46
yuuma_(noel),2,73
okome_(minagisama),2,51
akira_(kaned_fools),2,80
mk_(masatusaboten),2,110
sino_(oyasumi_hf),2,33
ruukii_drift,2,606
koi_drake,2,110
lino_chang,2,135
kibadori_rue,2,183
monopollyan,2,39
kabaya_kousuke,2,45
danji_bang,2,75
fuyutsuki_asuto,2,59
akatsuki_(ggsy7885),2,36
g.h_(gogetsu),2,76
akisha,2,141
t@ke-g,2,231
pen_(steelleets),2,92
mylovelydevil,2,43
burikarun,2,39
shirayuki_mutsumi,2,58
hoshizora_no_shita,2,76
tattsun_(blue&hazel),2,44
ichinose_jun,2,121
rktsm,2,57
bingwei_huang,2,100
talnory,2,75
dai_zu_san,2,35
youhei_(testament),2,147
nekonabe_ao,2,69
buran_(kure),2,177
stardust_(chen'ai_weiding),2,59
runlan_0329,2,127
yan_pai,2,230
sibyl,2,239
tokumi_yuiko,2,450
cosmo_(465lilia),2,72
sanagi_(diohazard),2,63
mo-fu,2,76
suaynnai_wanzi,2,55
koaki,2,39
puppypaww,2,49
ineka_ka,2,127
tsukino_(nakajimaseiki),2,259
shinyu_xingyu,2,31
kamitani_george,2,110
lio_(tsukuyomi-tei),2,65
koge-owl,2,32
pikao,2,51
akiyoshi_haru,2,95
hiro_kazuki,2,32
kojima_ayami,2,52
chitose_rin,2,56
kikugetsu,2,263
ju_(old505),2,39
fujiwara_mizuki,2,45
rumic_0620,2,75
ju_yorimoto_(ranten_yume),2,32
kareya,2,111
kamumiya,2,60
routo,2,101
gatchu,2,45
harukana_(pixiv),2,32
keisan,2,52
rano,2,95
nyuu_(pixiv12143565),2,136
shimizu_kokeshi,2,38
hokuto_(scichil),2,347
sakuragi_akira,2,61
keshigomu,2,56
sorotu,2,116
sowon,2,128
grel_(r6hgvu5),2,96
konokiya,2,76
azuma_(sospower73),2,44
inu0831,2,38
kanon_(ikamiso),2,64
hayashi_(l8poushou),2,154
crost,2,51
akabane_(zebrasmise),2,397
saitou_nekoichi,2,34
sakai_kyuuta,2,401
nenosame,2,195
yosugara_shou,2,41
shino_(ten-m),2,34
skyt2,2,40
kawasumi_(tk2k_jade),2,50
kama_iruka,2,75
laio,2,86
siera_(sieracitrus),2,192
asameshi,2,248
aki_(akisora_hiyori),2,142
sokura_(mochichitose),2,260
rio_(rio_01),2,57
uyama_hajime,2,328
motofumi,2,56
mountain_pukuichi,2,107
salt_(salty),2,213
hanaon,2,129
sayo_tanku,2,146
geeto_gaadian,2,39
osamu_(jagabata),2,180
saitani_umetarou,2,71
suzushika_(13_96),2,46
hazuki_ruu,2,305
may9,2,122
lewdicy,2,34
3_small_spiders,2,302
sato_(hekiga_ni_nemuru),2,78
capitan_wei,2,57
riz3,2,70
meoyo,2,114
yuuma_(skirthike),2,492
gfpebs,2,46
mahdi,2,67
izumi_yukiru,2,237
kiryuu_aoko,2,58
yuzuki_gao,2,425
aobe_mahito,2,82
nakonako,2,58
koucha_inu,2,35
kagelantern,2,59
mikaku_(vbvpahw9),2,47
sou_(tuhut),2,242
mo_xiaoxue,2,62
inapple,2,77
haruka_shiya,2,103
pokio,2,76
kurogoma,2,44
ahsiu,2,48
tottema,2,42
windfeathers,2,67
kuhnowushi,2,47
miya_(tsumazukanai),2,273
shishanmo,2,129
meimaru_inuchiyo,2,699
chamumi_(mochiumee),2,95
kayako_(tdxxxk),2,253
sin_(hankotsu_bunny),2,46
aria_(ariacue),2,38
infukun,2,630
suke_akurou,2,57
makinon_tm,2,34
nerorigogo,2,48
chirigami-san,2,163
kotarou_(rakugaki_shirushi),2,115
soy_chicken,2,46
dede_(qwea_00000),2,423
sin_(kami148),2,101
hirase_yuu,2,151
mov,2,32
ro96cu,2,39
ko-on_(ningen_zoo),2,115
sakazaki_freddy,2,1020
cosiecottage,2,57
mecyo_(mamezurushiki),2,40
sada_noriko,2,40
kerno,2,119
suzuragi_karin,2,126
pomesaurus,2,174
karute,2,37
enpou,2,43
tyanoki,2,59
tomatomagica,2,43
arashiya,2,196
rhapsode,2,77
satoma_makoto,2,63
saki_(saki_paint),2,109
taku1122,2,171
oman_(evld),2,77
yonesuke,2,34
tokiziku,2,43
sk_(buta),2,32
shirakawako,2,202
kumao_mofumofu,2,206
igau,2,38
shiromomo,2,53
kinokko,2,57
tokinon,2,64
huan_yu,2,55
kanapy,2,292
niko_(aiai03012),2,51
hane_(hanegoya),2,260
kanzuki_yuu,2,68
midori_(green_tea),2,48
shirorenge_(huruhuru),2,39
koaraya,2,60
takagi_mitsukuni,2,74
ashinano_hitoshi,2,67
nabenko,2,107
ruku_rx,2,34
higebu,2,70
gin_(oyoyo),2,206
shige,2,48
drogoth,2,55
nomalman,2,32
maou_mikage,2,32
makie_fujiyuki,2,48
watarumi,2,51
hong_hongcha,2,51
yukemuriganmo,2,128
gangbyeon,2,39
maredoro,2,99
mapuru,2,34
sugar_(dndi888),2,227
renkonmatsuri,2,68
yurichtofen,2,194
dexp,2,52
mugcup,2,90
richard_suwono,2,80
traveler_(artbbt),2,57
koyama_sousuke,2,38
amanogami_dai,2,36
leonardo_vincent,2,45
cy9,2,39
topsu,2,56
glassy0302,2,34
chisa,2,85
calnarsa,2,69
szzz_k,2,64
tokisaka_makoto,2,63
erementa,2,32
maki_yoshitake,2,32
sensi_tobikage,2,39
you_(yoyou),2,33
hiokirasu,2,68
to@st,2,121
sokka_(kbs),2,63
old_metal_666,2,36
itsumoto_hiroharu,2,68
dm_(dai_miao),2,114
stoner08,2,55
aizawa_sumie,2,35
rathke,2,38
kamaboko_senshi,2,148
fatkewell,2,265
kentan_(kingtaiki),2,209
ja_mong,2,57
junexp,2,39
rison,2,50
wagashi_(okashina),2,41
tsukigami_runa,2,285
maromi_(am97),2,369
take_shinobu,2,338
kinsenka_momi,2,190
yasu_(segawahiroyasu),2,103
roura,2,177
chained_tan,2,42
al_(ahr),2,75
modare,2,747
taneda_yuuta,2,317
wen_jr,2,39
kokudou_juunigou,2,643
okii_(oh_ki_ik),2,58
ohshioyou,2,74
abi_(user_nzav7333),2,62
tetopetesone,2,112
omelet_tomato,2,221
kinoruru_toiro,2,56
minuolin,2,39
haho,2,72
zui_ai_shuang_mawei,2,67
kasaran,2,39
chim,2,38
chiyou_yoyuchi,2,33
lian_yao,2,63
inxst,2,47
haun,2,152
kusubii,2,41
kusanagi_koyori,2,51
komori_atsushi,2,32
dr_mice,2,82
kusanagi_kikoku,2,85
tim_tim_machine,2,45
no10,2,71
romo827,2,69
rappa,2,51
soradally,2,31
jai_(whany1998),2,60
vickie_(cryingrobot),2,165
sakamoto_kengo,2,68
grm_jogio,2,72
tokeshi,2,52
endo_yohane,2,58
aa211108,2,116
watakarashi,2,231
tatsumi_yashiro,2,41
mebaru,2,183
kutsugen_kanna_(mikouken),2,58
cekonikova,2,48
00047,2,208
fumirumochigashin,2,122
ju-ok,2,55
yk_(pixiv43531291),2,133
yoshika_fuumi,2,59
fudama,2,39
ganno,2,44
rikkii_(likito_yuzu_is),2,90
boshinote,2,88
the_art_mage,2,64
hamazi_aki,2,72
byte_(grunty-hag1),2,94
kuma_daigorou,2,85
j-e-m-g,2,50
frofrofrost,2,45
sunege_(hp0715),2,128
satoutakahumi,2,35
sasahara_yuuki,2,424
morisaki_kurumi,1,45
sumeragi_(black_rose),1,44
pirason,1,83
otsunabe_(naabe_delta),1,55
po_musubi,1,52
mcic0,1,49
onofre_wayne,1,31
baka_ouji_persia,1,38
projecttiger,1,67
kourou_(kouroukun),1,40
spung,1,51
abataa,1,92
lansane,1,609
isaraa_005,1,34
tousaki_umiko,1,133
darjeeling_(reley),1,490
mia_(kuja999),1,33
yakibuta_(shimapow),1,108
fujishiro_emyu,1,325
namikai_harukaze,1,34
kaminary,1,116
ataka_takeru,1,67
hakusai_(hksicabb),1,86
okome_2g2g,1,43
xintianou,1,95
toki_(tokihakashi),1,86
sakou_mochi,1,41
tomokoji,1,74
yoshiga,1,32
a:n_(angrynum),1,188
denken,1,84
blizzomos,1,44
hitec,1,474
han_seol,1,43
isamu-ki_(yuuki),1,276
dolsig_ilangnolja,1,35
boribeya,1,35
ekusa_takahito,1,58
sora_mame_(princess_0sora),1,75
nekomaru,1,65
supershrimpcakes,1,80
shiotsuki_kazuya,1,42
mai_(xskdizzy),1,57
savi_(byakushimc),1,189
chro_(rulurullu),1,75
nishimura_kinu,1,181
himaya,1,70
tojorin,1,53
agong,1,44
seinikuten,1,65
akagishi_k,1,50
shikkoku_neko,1,85
visket53,1,202
ruohire9,1,105
sagatsune,1,46
kaito_(k4itoh),1,200
nikuji-kun,1,53
rital,1,59
memetaroh,1,57
hd-hlh-3h,1,51
peter_pan_(adtc7243),1,42
ayase_yuuki_(mikan_mochi),1,61
mizuki_ryuu,1,161
noii,1,49
nabekokoa,1,89
mokku,1,262
mizumoto_tadashi,1,1394
sho_(runatic_moon),1,238
natsuki_(gedo),1,141
ryuuki_(hydrangea),1,126
nekodayo22,1,73
mia_(fai1510),1,183
niso,1,73
natsume_nadeshiko,1,62
yukimori_nene,1,34
somei_ooo,1,125
kakuzatou_(satousatotototo),1,106
cachet,1,40
yanagimachi,1,38
liumang_tu_shua_p_zhan,1,105
nasubi_(1ra1ri1ko2cho1mi2na),1,42
furofuki_daikon,1,37
john_marica,1,36
bibyo,1,61
minato_(ct_777),1,37
carbohydrate_(asta4282),1,94
chiwa_(chiwa0617),1,145
merpperoni,1,80
hitokuchii,1,41
mytea_(soso),1,87
honashi,1,88
igarashi_mangou,1,233
fps_xilou,1,35
lion_space,1,47
sion001250,1,62
vic_(vedream),1,95
tsubakipan,1,32
yuichirou,1,52
kisaragi_yuri,1,228
1006kbps,1,41
amashiro_natsuki,1,455
suzuki_masahisa,1,71
ivris,1,81
arinsu_(kodamamaimai),1,44
ine_(ineinnen),1,90
watanabe_wataru_(character_designer),1,92
itou_shin'ichi,1,187
mitsu_(mitsu_art),1,370
ko-chin,1,46
aino_yumeri,1,68
yuimari,1,148
suzushiro_kurumi,1,489
vmat,1,113
kitayuki_kajika,1,263
hooreng,1,152
numata_seiya,1,89
kataro,1,200
y_jinn,1,50
hamriku,1,32
nia_(x_x02),1,60
sonsoso,1,122
toraneko_2,1,147
midiman,1,77
null_suke,1,110
jokanhiyou,1,1172
daigoman,1,107
tsukiriran,1,261
chanko_neru,1,34
madakov_kodima,1,36
ikaheigen,1,150
714_(leg200kr),1,32
ta_kaana,1,45
arnold-s,1,152
tama_(tmfy5),1,60
ichihyaku_nanajuu,1,61
shinonome_asu,1,296
tamasan,1,65
petarikooo,1,34
mutugorou_u,1,106
chinako,1,56
shougi_(116),1,66
mii_(makosuke),1,43
1_mutsuki,1,64
creamyghost,1,60
tanosii_chan,1,56
akitaka_mika,1,100
angdo_(kakajo26),1,65
yamamura_hiroki,1,38
toboldlymuppet,1,35
makiyuki,1,48
sera_(serappi),1,157
chef_no_kimagure_salad,1,109
roi_(liu_tian),1,104
yumibakama_meme,1,135
yagi_(kyuhyun),1,74
dywx_poison,1,109
sen-asanagi,1,36
shinkawa_youji,1,72
furizuu20,1,56
ohse,1,130
lenserd,1,43
mizoredama1,1,74
sinobi_illust,1,124
kumaneko_(kumaneko1138),1,39
msa_(fary_white),1,190
tosh_(imonade_ryouchou),1,101
tsukamichi_fumi,1,67
natori_(natorism),1,162
pochimaru_(marumaru_wanwan),1,444
ryopa,1,55
tarutobi,1,76
guri_(gri1211),1,48
geshi,1,32
hanakago,1,37
kiriman_(souldeep),1,188
berryverrine,1,157
fugu_custom,1,83
hitsuji_kusa,1,52
whoareuu,1,38
plow_(witch_parfait),1,31
amagumo,1,47
lusan666,1,94
serakawa,1,32
hajikkoneko,1,123
sinobali,1,39
gohpot,1,140
cheeseko,1,135
joeychen,1,66
inaba_reito,1,77
kudakeru,1,43
qi2341,1,72
tierra_misu,1,31
oonishi_shunsuke,1,50
lyric_(hina9111),1,40
kurotora865_90,1,40
hajime_monji,1,40
ayahi_4,1,195
tfqr,1,57
shin'ichi_(yokosuka220),1,46
nakta,1,85
dfhnokenbutu,1,46
dgk,1,37
yagitori,1,43
aa44,1,71
shinshia,1,78
kodou_mikoto,1,125
daichi_(daiti1318),1,47
uiu,1,35
jinnouchi_akira,1,96
kurouso_(meikyoushisui),1,45
taiga_kazame,1,68
buzheng61241,1,67
otogi_kyouka,1,127
shirataki_jiro,1,50
spacelongcat,1,138
miyao_gaku,1,31
makimura_shunsuke,1,307
furawast,1,38
futami_yayoi,1,239
da_huang,1,94
yamu_(yamuyama_web),1,42
shenbei_xiaoqiu,1,271
sui._(ayase),1,239
nemo_(piisukun),1,46
lloule,1,296
skinnytorch,1,39
refla,1,43
makolas97,1,49
wani_(perfect_han),1,131
teo_(telo_ruka),1,54
kabane_(follabi),1,67
atychi,1,69
up_(mmmmmmmmss),1,33
masaru.jp,1,313
tugmix,1,41
sakura_hitsuji,1,66
nanasaki,1,38
eeju,1,51
hoshi_rasuku,1,119
inoshishi_(ikatomo),1,261
shiontaso,1,46
ao_desu2222,1,67
ceramic_man,1,54
remirii,1,32
0-den,1,211
ai-bon,1,53
chewycandy,1,37
meltymaple,1,40
kin_niku,1,140
amaroku_neko,1,72
moyashi_mou2,1,73
mush820823,1,133
kanae_funwa,1,41
zuowen,1,55
nuruhachi_(honki),1,32
ratto_(mobilis_1870),1,79
sokuse_kienta,1,48
minnku,1,48
rx_hts,1,55
neichiru,1,98
usagikoya,1,40
leafwow,1,77
chourui_keiko,1,35
kizuta_(barometz),1,71
nan_(gokurou),1,55
sthk,1,92
you_nf,1,39
odd_(hin_yari),1,206
fumotono_mikoto,1,59
suwi,1,31
o1118,1,40
banajune,1,65
guard_vent_jun,1,177
sandara,1,54
saber_beam,1,36
loz_017,1,39
kurattes,1,91
harahachibu_ajinosuke,1,35
05565,1,94
cathy_idx,1,32
mutsuki_kaya,1,56
shiosoda,1,300
amafuyu,1,59
akira_(aky-la),1,50
nouzui,1,36
cuso4_suiwabutu,1,74
minoshi,1,52
fularika,1,33
pajant,1,31
anniechromes,1,101
110_gou,1,38
erechan,1,167
komiru,1,94
masayu,1,201
jimeko,1,44
yuzuha_(yuzuya),1,83
tahra,1,145
chinomaron,1,501
popman3580,1,154
sunimu,1,103
leikangmin,1,40
komiya_nigi,1,58
champi,1,116
miv4t,1,250
pocchipocchi,1,38
kareido_(kaleidoscope),1,33
rinotuna,1,657
ajoea,1,32
riolabo,1,32
kage_houshi,1,106
komore,1,43
shino_duka,1,133
scbstella,1,62
dh_(brink_of_memories),1,60
cowengium,1,113
ayakashi_(monkeypanch),1,487
tsukimoto_aoi,1,118
metalhanzo,1,98
brat_(brabrabrat00),1,280
pulp_piroshi,1,114
zeppeki_shoujo,1,45
shinoi,1,77
banzai_nekomimi,1,49
hiharo,1,33
hiraoka_masamune,1,36
mikaku,1,75
vento,1,308
kohakope,1,177
sin_node,1,31
mahito_(tranjistor),1,79
ginnkei,1,188
negi_(ulog'be),1,298
oge_(ogeogeoge),1,60
damascus_(dearigazu2001),1,71
shokuen_shiwe,1,40
tora_(trampjing),1,52
aruya_(flosrota),1,208
pano_(mohayayamai),1,49
soyokaze,1,39
limble,1,31
ymm007xx,1,87
kuraka,1,34
ameko53133,1,132
togi9999,1,85
inte_(whitewolftail),1,40
woruta_(soloistlist),1,51
rooru_kyaabetsu,1,121
jun_(goodgun7),1,77
azuma_mayumi,1,57
koboke_(scscsc),1,33
towa1,1,39
moupii_(hitsuji_no_ki),1,184
miwa_hitomi,1,31
dfer,1,228
kisaragi_yaya,1,76
lukas_reule,1,32
nishino_miyuki,1,73
chiri_(o9o9),1,119
aka_ringo,1,287
koushi_rokushiro,1,49
koshou_shichimi,1,44
shainea,1,73
caisena,1,189
yagaminoue,1,84
kuroshiro_gurei,1,73
ichiki_1,1,160
kaneko_naoya,1,75
mag_(magdraws),1,33
lemon_t,1,85
saitou_sakae,1,45
ten-chan_(eternal_s),1,174
nakumonaga_uma,1,36
shimotsuki_aoi,1,69
ryourou_(edexigerero),1,33
2drr,1,182
hiko_(hiko224556),1,41
ponpon_nun,1,85
0shino,1,48
han_(hehuihuihui),1,47
yuuryuu_nagare,1,112
eichi_(skskdi12z),1,87
172cm,1,76
shroedinger,1,76
nagatsuki_misoka,1,39
dogdogbhh,1,43
loiza,1,44
tsuiru,1,61
shamo_(ptwmjgda),1,41
hadurin_(zdmzy),1,48
blackball,1,75
novus_rue,1,57
mikuroron,1,71
jiji_(381134808),1,71
totoharu_(kujirai_minato),1,257
rin_(rin_illust_0805),1,34
cheken,1,153
mozukuzu_(manukedori),1,684
iro_marimo,1,102
kemomin_nosuke,1,83
higaragi,1,279
obobkkp,1,42
hoshi_ichi,1,33
koma_kitsune_(kururito),1,45
sawatarou_(roto),1,39
nao_(necomugi),1,41
moruhinesan,1,36
dodota,1,77
meeeeeeco359,1,85
mikumineko,1,31
amick_(americanomix),1,34
tamaki_iori,1,71
naye,1,66
haine_(howling),1,86
taishou_tanaka,1,33
temir,1,94
asakura_nuruma,1,37
nanase_miri,1,145
takeko_spla,1,101
chiba_sadoru,1,192
qinni,1,37
zefa_(neoaltemice),1,102
yuu_(higashi_no_penguin),1,448
efira,1,34
nozomi_fuuten,1,206
haragaita_i,1,57
kudou_(ooabareteng),1,197
risuo,1,61
tsukasa-emon,1,60
annno_ans,1,70
rainys_bill,1,69
null_(chronix),1,71
sleep_(isliping),1,40
higurehiiro,1,80
ry_thae,1,146
zikryzero,1,41
miko_no_kamiko,1,36
yonago,1,33
najashi,1,56
yonabe,1,52
ataru_(cha2batake),1,321
makarori_(noah),1,48
yoplait,1,199
ibara_riato,1,225
pecorin,1,35
pageratta,1,1525
asakiri_koko,1,87
jeanex,1,231
taurine_8000mg,1,346
zero_(ray_0805),1,65
louis_lloyd-judson,1,42
tenkuu_sphere,1,178
gum_shrew,1,52
lumo_1121,1,390
nanachides,1,56
zutsuyaku,1,72
sinlaire,1,166
manaka_(pdx),1,113
takatsuki_tsukasa,1,74
mekameka_shii,1,35
hokuna_rin,1,34
shimhaq,1,302
kanikani_(juicy),1,33
sai_koro,1,47
arisaki_(cnxy7525),1,38
h-new,1,319
kebaboishii,1,42
acomu414,1,34
daiishori,1,223
haruno_(kanimeshi),1,35
e_neko,1,56
touya_(roukaku),1,37
cosmic_bear,1,109
maze_draws,1,44
kuroshio_(zung-man),1,52
co_botan,1,75
kuroinu_momotarou,1,37
nip_to_chip,1,117
shamisen_(syami_sen),1,129
tribute_(tributism),1,130
harada_isuka,1,65
iyutani,1,97
rkgk_ojisan,1,36
sasaki_(sid328),1,33
tenya_mizuki,1,41
sugisaki_yuu,1,116
bananafish1111,1,77
kyuupura,1,54
shiba_itsuki,1,429
touou,1,52
okenokoneko,1,39
madara_hio,1,101
kito_koruta,1,224
souta_(karasu_no_ouchi),1,287
camel000,1,143
sazamiso_rx,1,295
kirisaki_seeker,1,200
ganesagi,1,579
yuzuki_yuno,1,68
kashiwagi_kazuhiro,1,33
hyokkori_tamago,1,46
hannyag,1,35
idashige_(walkietalkie),1,119
samenoido,1,49
chiba_yuriko,1,60
u_nagi,1,37
miyabi_(miura105),1,53
nishishi,1,50
morino_(harpoomoss),1,33
attyon,1,115
david_semsei,1,34
rion_(glayjirobass),1,109
susukida_(sususabu0710),1,35
miaohik,1,42
mao_yu,1,118
rinka_(rinka0912),1,100
ayuka,1,48
5to_rai,1,47
ikadamo,1,80
kotou_yogen,1,34
wool_(miwol),1,612
sb_lama,1,154
kuromiko_shoujo,1,51
ima_(lm_ew),1,180
mizuno_mumomo,1,176
yuunagi_kanade,1,31
restaint,1,78
bute_(butegram),1,38
aora,1,113
xiaomai_yorik,1,31
rococomm123,1,38
haruto_(hirokazu1001),1,72
sui_(suizilla),1,247
murata_mine,1,44
achikoako,1,95
su_meen,1,40
hime_gyo,1,121
urosu_(678_ner),1,40
pochio,1,33
coyucom,1,309
anetarou,1,33
zuu_(qq770463651),1,49
todoroki_sora,1,54
tsukushi_(toxicdoll),1,39
onacia,1,35
sam_desu,1,44
kura_noi,1,55
konoekihei,1,44
gilse,1,244
dangan_neko,1,111
narumi_yuzurai,1,32
kim_hana,1,47
lims_(neko2lims),1,86
takeuchi_aya,1,130
paji,1,60
azuki_(azuki-taste),1,231
anko_(kirikiri),1,112
pensuke,1,280
whipberry,1,52
kvlen,1,329
hachi_(hachikai),1,33
ameya_shioichi,1,32
piyo,1,49
yomoyama_(toirets),1,71
reizo_ne,1,52
nishi_juuji,1,87
itoucon,1,54
toshiya,1,62
rima_(rimarip),1,64
96neko_mtm,1,36
kurohikage,1,58
krt736,1,41
lasto,1,329
duca,1,120
gegeron,1,206
uraha,1,44
takagi_hideaki,1,103
nalse,1,32
hoshino_ouka,1,338
kuroleo,1,35
aria_(opera),1,70
kock_k,1,114
homil22,1,73
ashita_kura,1,44
koizumo,1,203
task_owner,1,120
e-nya,1,57
buri_(retty9349),1,218
nazunakku,1,85
unidentified_nk,1,127
yone_kinji,1,619
kanoe_(tatsukanoe),1,44
kudou_akira,1,43
jiusan_naitang,1,145
greenapple,1,45
komio_(do@ho),1,32
nayuta_ggg,1,153
piyoyanagi,1,74
mina_cream,1,506
hougu_souji,1,166
heyzan,1,75
patzzi,1,67
yotubawatane,1,69
kzm,1,45
shiroi_(shiroicbe),1,48
acaa,1,60
quin_(himegata_alice),1,35
yuito_(yuitokobunasbs0),1,51
doi_masayuki,1,75
ringo_ame,1,44
since,1,32
tonami_kanji,1,212
amaimao,1,50
paprika_shikiso,1,165
masa_ashe,1,46
yokige,1,44
psuede,1,66
yamabuki7979,1,49
chiha,1,33
taira_momen,1,69
kanae_(inorin05kanae),1,123
yamato_tachibana,1,109
fukurou_(suga0930),1,57
nametarou_(meron),1,43
areno,1,44
iga_tamaki,1,146
belldot,1,41
hayami_rasenjin,1,40
hina_sasaki,1,63
k-ma,1,45
shibuya_susano,1,54
nitoron,1,36
frogbians,1,36
zzzearly,1,62
jokebag,1,154
celestial_s,1,32
hei_jin,1,48
dx_(dekusu),1,144
watanuki_nao,1,67
oruta_(owata_saber),1,52
king_of_unlucky,1,140
yuuta_(yuuta0312),1,69
okia,1,68
kiku_hitomoji,1,752
massuru,1,37
ozeu0916,1,88
chibi_228,1,36
hekahire_isurus,1,33
rai32019,1,55
daeho_cha,1,192
pucohiiiii,1,38
cozie178,1,43
liyaku,1,34
mksm,1,36
midori_foo,1,342
onomekaman,1,106
sorakase_sawa,1,58
itsumi_(itumiyuo),1,131
221_(tsutsuichi),1,136
yuuki_shin'ichi,1,68
kiki-yu,1,66
yuu-yuu,1,42
kettsu,1,41
soar_sora222,1,54
sira_(user_dswn7488),1,51
0123456789,1,75
satoimoya,1,61
wosashimi,1,67
proton,1,39
fuji-k,1,64
usameruti,1,70
mekimeki,1,56
sokutenkun,1,68
mikko_(mim_mikko),1,95
chanchan,1,32
91007,1,110
migi_tonari,1,35
ego6,1,45
yuasa_makoto,1,175
nem_graphics,1,41
mishiyomi_kazumi,1,38
z.m._(zimin),1,163
jian_jing,1,40
ex_saki,1,44
grimay,1,69
kaxukin,1,62
seven_(11),1,36
rindou_(rindou_annon),1,115
sutekina_awa,1,71
mabui_(poloon),1,34
maru_usagi,1,125
sashisu,1,31
kanarai_taru,1,33
sachishiro_pengin,1,43
chany,1,63
hato_niku,1,36
yasushi,1,77
ikuhashi_muiko,1,84
tec,1,51
tom-neko_(zamudo_akiyuki),1,203
kno_(anahita),1,58
maguchimo,1,49
skyde_kei,1,48
megumoke,1,55
juniper_(artist),1,52
chuzenji,1,122
kuri_giepi,1,227
tsukikage_nemu,1,178
oni0417,1,35
kainown,1,139
ariko,1,86
sumishuu,1,58
akagi_gishou,1,52
hoshino_madoka,1,144
yurume_atsushi,1,277
zefyu,1,63
kuraryu,1,63
kogiso,1,37
mizukikushou,1,115
shiro_(octet),1,142
gabu_(az210309),1,73
mito_(calcomer),1,112
heisei_yutorin,1,43
ikazu401,1,418
master_(4th),1,100
atair,1,84
setsugeka_tumugi,1,32
aronman,1,57
uraomote,1,80
silence_girl,1,725
kriss_sison,1,96
chroong,1,89
chaudlapin,1,49
mechi,1,32
waruwarutsu,1,38
regition,1,111
tayako,1,105
riku_yama,1,95
take_tonbo,1,113
madarame,1,51
seryu_oekaki,1,52
mashimaru_(muzikluva),1,49
miyamae_porin,1,133
furutachirikonbu,1,96
qi_(bleachcxn),1,31
tomatika,1,112
lim_(ramu),1,50
kai_(akamekogeme),1,211
eve_(kenzen),1,38
beize_(garbage),1,231
igarashi_kei,1,44
akatoro_(nightlord),1,159
morimoto_hirofumi,1,44
moudoku_(decopon3rd),1,288
kuroda_bb,1,325
san_mamiya,1,63
tmku,1,43
kusunoki_masashige,1,39
pomeko,1,58
miokuri,1,44
pandegg,1,39
fuji_tsugu,1,122
latenight,1,145
aridonall,1,37
ishida_kana,1,57
maita,1,39
fujita_(speedlimit),1,54
maitora,1,115
s_ibane,1,58
doyamona,1,170
joker0744g,1,32
idora_(idola),1,113
nof,1,36
mila_(yuta27315),1,54
fuzuki_hajime,1,43
saban,1,94
shirou_(vista),1,94
zoza,1,149
raito47,1,69
tokiya,1,98
ut_pictura_poesis,1,33
kobuushi,1,158
kantoqyoiko,1,34
bluez,1,149
monmo_mu,1,62
hashiko_(neleven),1,68
baron_(x5qgeh),1,142
mukuo,1,37
suisen-21,1,168
chama_kou,1,62
kodamazon,1,66
nina_(pastime),1,166
sayuco,1,34
sol-fa-soft,1,88
azumawari_(azumofu),1,48
eka_eri,1,131
ponpon_(ponpon62126),1,108
hashibiro_kou_(garapiko_p),1,69
ichiba_ko'ushi,1,42
machi_wt,1,44
yu_ni_t,1,178
kyaro_(kyaro54),1,70
chaa_(korone-ze),1,109
abe_kanari,1,733
flareza,1,48
yomogi_0001,1,43
yougata,1,62
80yakky,1,57
kitamiya_genbu,1,38
mitsuki_mouse,1,45
yuubi,1,56
uni_(gugurutan),1,63
csyday,1,478
kusano_shinta,1,166
cacao_(chocotto),1,52
augu_(523764197),1,70
hakuda_tofu,1,254
yoka1chi,1,63
vofan,1,221
muu1519,1,40
feb_itk,1,71
yamaguchi_satoshi,1,120
kyo_(krokikyon),1,36
mi_tarou0412,1,54
temoshi,1,44
kukie-nyan,1,980
ada_badguy,1,68
aguaaaaa4,1,37
mukunoki_nanatsu,1,197
aotori,1,160
yuri_kyanon,1,167
amamami_prime,1,50
haru_yu,1,128
fikkyun,1,124
lerome,1,82
shizupu,1,66
yomi_(incubator),1,34
kh_(kh_1128),1,105
goe,1,57
loika,1,64
dinsoreprong64,1,35
no-kan,1,820
sankaku_umako,1,36
otoki_raku,1,192
sugeno_tomoaki,1,37
sgawarananto,1,40
kunishige_keiichi,1,77
pairan,1,525
qiuzhi_huiyi,1,67
guru_(nicocco),1,56
q-v_(levia),1,77
nogami_takeshi,1,139
pinzu,1,105
takenashi_eri,1,168
hinayuki_usa,1,142
imu_sanjo,1,1483
maro_nie,1,107
kankan33333,1,1045
magako,1,136
akane_yuki,1,118
arata_(xin),1,134
toma_(norishio),1,95
gomzi,1,308
usuiken,1,44
gyaza,1,173
oku_hideki,1,47
jenson_tw,1,116
makenevemoiine,1,59
sasaoka_tatsu,1,43
kimura_masahiro,1,34
galore,1,48
hamamoto_ryuusuke,1,149
kanameya,1,144
mynare,1,50
kate_wong,1,59
takepon1123,1,156
hemuling,1,44
akaya_shiki,1,171
bovyng,1,49
isegawa_yasutaka,1,431
tomato_(lsj44867),1,188
sanasedayo,1,37
mitsuki_mitsuno,1,109
fujishima_shinnosuke,1,444
watchi,1,44
yuugen,1,473
oetaro,1,57
maiko_(setllon),1,67
gesoking,1,63
chachie,1,129
hu_kotora,1,147
saekiyahiro,1,31
aonagi_ibane,1,58
moru,1,154
minase_(mmakina),1,108
bkko,1,88
onio,1,47
nigatsu_(fevrali),1,35
ema20,1,92
sushio,1,282
saty-rokuji,1,33
narongchai_singhapand,1,61
29_(artist),1,43
amazume_ryuuta,1,42
tankobukids,1,37
jj_(ssspulse),1,246
suzumura_kirie,1,63
nabatani,1,37
kurafuji_sachi,1,67
nugaa,1,54
dancho_(danch),1,66
kuroneko_liger,1,109
satou_yuuki,1,1142
yokota_takumi,1,114
shirokuroma_29,1,42
izumi_sai,1,514
meiya,1,36
hakusen-hiki,1,35
soul_(tamashii),1,101
anz_(starry),1,45
taisai_soft,1,60
takeno_omoti,1,62
nonsugar,1,40
kinty,1,105
alphes,1,77
dr._cryptoso,1,98
kisa_(k_isa),1,118
dan_kim,1,92
yukishiro_(hitsuji),1,144
verta_(verlaine),1,109
sana.c,1,40
claireiosity,1,124
sogdin,1,32
senifu,1,57
horo_27,1,79
maruse_nisanosuke,1,161
redundant-cat,1,104
poechan_chan,1,72
okada_(hoooojicha),1,233
poripori,1,34
sag_(karehabase),1,173
nyoro_mutou,1,35
dicorndl,1,40
wokami,1,31
azuman,1,66
diana_jakobsson,1,48
inoichi,1,91
wellski,1,47
tachi_yure,1,34
kokoro6636,1,33
tanoshii_meat,1,44
kurofuti,1,84
zhoujo51,1,79
kaminendo,1,32
zasshu_tamashii,1,81
yuyumi_(yuurei),1,46
ruru_(heat_haze),1,34
otsudou,1,161
goroo_(eneosu),1,220
glider_(artist),1,69
usui_ryuu,1,49
takasakiyama_monmon,1,55
taka_shida,1,50
legomaru,1,103
kan_satomi,1,48
hinemaru,1,65
yarr,1,39
teruui,1,397
vvvmung,1,32
cactus41747280,1,108
hybrid_cat,1,44
xiaji,1,106
kawamura_toshie,1,84
yuki_(sangeki5806),1,96
shinzui_(fantasysky7),1,215
kadowaki_satoshi,1,36
watanabe_keisuke,1,51
denpa_(denpae29),1,106
cup6542,1,67
lilianei,1,54
akesaka_iku,1,115
takanashi_sora_(soramyon),1,39
potato_(oriha94),1,50
fukuoka_katsumi,1,231
jagabutter,1,295
mon_(monmon2133),1,96
squeezable_(artist),1,412
nagura_shiro,1,58
goku-chan,1,71
shiba_yuusuke,1,101
fjt_(fjym2),1,62
haruna_mahiru,1,49
bluefish_0025,1,51
flash_tomo,1,55
kokotetsu,1,191
toudou_(dolce),1,63
narumi_(uminari),1,44
g_studio,1,41
kayanogura,1,159
sakuraume,1,41
pan_korokorosuke,1,123
aya_shobon,1,125
pantie_painting,1,46
saver_(artbysaver),1,87
mizuki_(koko_lost),1,407
niac,1,123
shibacha,1,570
yui_tooru,1,90
blueman,1,67
nabe_(crow's_head),1,42
wasabi_(sekai),1,296
sakurai_makoto_(custom_size),1,350
shoko_(moccom),1,37
soburi,1,85
rainli,1,58
yuka_yukiusa,1,76
naora_yusuke,1,40
negi3,1,41
mo:oku,1,91
g5_(g5_gugu),1,40
kinese_(katasutorohu),1,92
telu_(teluscarlet),1,34
beliatan,1,143
shiemasu,1,36
esuyuki,1,161
zizi_(zz22),1,212
meet_neet,1,96
toriko_(hatoriko),1,55
safai,1,43
kankurou,1,101
itoo,1,52
yamaguchi_yuu_(norisu),1,56
unk_kyouso,1,86
soutou,1,71
kamome_(aiou0413),1,33
asakou_(n_morninglight),1,57
satori_(aosky9077),1,166
kuwada_yuuki,1,197
waha_(artist),1,60
rupe_paperu,1,49
yuugen_no_tei,1,107
mame-p,1,58
mitsuru_(habihapi),1,47
gurageida,1,217
machiko_(beard),1,263
yukihama,1,124
mr.lime,1,227
yume_keikaku,1,81
mc-4,1,31
natori_youkai,1,248
horang4628,1,70
omurice_(roza4957),1,52
takashi_(calla),1,65
kotobuki_shiro,1,42
namatarou,1,57
yuuki_kira,1,266
prototype-d,1,34
lapucelle_(arasoo1210),1,54
t.a.k.,1,71
souri,1,71
kureihii,1,35
kioroshin,1,32
hallohi,1,52
natsume_(iravati-4u),1,38
katagawa_mika,1,62
okome_(kome_kuma),1,88
kodama_naoko,1,56
hatsuga_(dmaigmai),1,91
ainy,1,475
zyaki,1,38
kurige_horse,1,70
comet_(teamon),1,108
mors_gn,1,55
pikomaro,1,46
tiyi_(tiyi_a09),1,35
aramachi,1,171
katsudansou,1,225
komugi_(mugiwaraclub),1,53
maru_takeo,1,101
nagoshi,1,34
anocurry,1,50
amasaki_yusuke,1,149
tenkomori_(bug_kura),1,43
cherrypin,1,160
maruino,1,157
meson,1,34
kaimuu_(fahrenheit724),1,59
sakata_kaname,1,40
matryoshka_(borscht),1,76
hiro_(h-net),1,51
tessai,1,92
a_flow,1,50
monobe_tsukuri,1,140
tetsukuzu_tetsuko,1,190
uumaru,1,271
aki_sakura,1,65
las91214,1,256
lkari_shi,1,94
asm_ln,1,46
kurosabi_neko,1,43
lis_zhu_long,1,44
mieharu,1,303
yoo_(tabi_no_shiori),1,162
huazha01,1,64
john_su,1,130
qtian,1,185
urigarasu,1,98
umebayashi_saki,1,64
takokichi,1,35
kayama_benio,1,120
shibaebi_(yasaip_game),1,122
hondarai,1,38
q-pra,1,31
ariakk,1,33
hayama_eishi,1,379
lolicom,1,179
watanukin_(etson122127),1,52
anni_minto,1,79
hebereke_black,1,36
shimada_(dmisx),1,86
jintetsu,1,66
rheez,1,103
asanogawa_(tutufcc),1,96
utatanecocoa,1,124
minamina,1,73
urami0310,1,123
daimaou_ruaeru,1,401
teikoku_jokyoku,1,128
sacanahen,1,110
akqne,1,66
tebi_(tbd11),1,588
sumeragi_hamao,1,211
mayuge1017,1,34
ukai_saki,1,135
kuromari_(runia),1,162
regular_mow,1,413
tachiuo_(arines),1,55
gaihan_umeboshi_mitchell,1,48
kouga_(mutsumi),1,143
marumoru,1,402
willfin,1,53
fujino_(yoshi9798174),1,123
o_c_x,1,40
tomu_(tom_309k),1,41
28_(282teeth),1,175
kashisu_mint,1,52
faithom,1,45
ji_dao_ji,1,280
unitsu,1,44
mickeysmith,1,250
poruhi,1,97
mujiha,1,100
brz,1,34
drawinglee,1,57
tanaka_gorbachev,1,61
noel_(pixiv5459099),1,35
masi_masio,1,41
yoruno_mahiru,1,37
467_(artist),1,56
nyami,1,86
ichiba_youichi,1,819
kazeto,1,48
kaisu,1,51
tachi_(mtd),1,38
konatsu_miyu,1,54
hinata_yuu,1,470
taki_reki,1,55
goto_(sep),1,142
mi8pq,1,101
clipe,1,274
ryou-san,1,429
alkemanubis,1,222
yuuki_miyabi,1,49
toki_(1243309499),1,39
chie_(user_snfh8333),1,42
nekolina,1,204
torinari_(dtvisu),1,259
poise,1,65
ponsuke_(pon00000),1,346
fractalmagnolia,1,147
kazami_ren_(fuushagoya),1,56
igo_miku,1,59
izumi_akane,1,231
gozz,1,192
yoneyama_mai,1,226
fukumimi,1,41
tamtam,1,31
bbul_horn,1,70
dominico,1,32
monotsuki,1,34
sorato_(astllatte),1,203
152_in_can,1,71
oshou_(o_shou),1,56
mochimochimochi,1,42
ivan_wang,1,115
kent0320,1,39
1s44c,1,42
spirtie,1,82
kamiya_yuuji,1,34
zhen_long,1,59
ankoiri,1,78
masa_(p-piyo),1,40
adaajt,1,55
sheska_xue,1,176
maigoyaki,1,111
elenab,1,99
chabo_24,1,35
tohoyuukarin,1,197
yeono0,1,31
nekopurin_(nyanko_prin),1,68
chuuta_(+14),1,119
bun150,1,77
yuki_shuuka,1,144
ljayu,1,31
izumi_makoto,1,130
sakazaki_akira,1,40
nise_pakuman-san,1,43
ao+beni,1,241
xiao_qi,1,55
tonton_(mathcaca24),1,43
nemu_mohu,1,264
tetuw,1,204
mr.turtle_head,1,51
kibisake,1,471
primsla,1,131
here_(hr_rz_ggg),1,133
ari_don,1,71
yu_(8dgc4mfc),1,39
oborofu,1,185
odeclea,1,58
erusen_(des-arms),1,40
benizuwai,1,274
uni_(uni-strain),1,40
futaru_usagi,1,58
gore_(white_gore),1,70
morioka_hideyuki,1,52
liukensama,1,70
easty,1,47
ujuju,1,55
amawa_kazuhiro,1,85
hane_yuki,1,420
yoaferia,1,45
zonana,1,47
sd-sos,1,31
hoyo,1,36
anzi,1,81
kyoukyan,1,87
ooide_chousuke,1,249
jikuno,1,310
9so_(ponchon),1,46
linda_b,1,59
mutsuki_(tsugaidanuki),1,81
peng_yong,1,39
ayase_tamaki,1,50
arin66,1,51
amasawa_natsuhisa,1,434
ttosom,1,142
kasuga_(kasuga39),1,252
touki_matsuri,1,137
kimyo,1,79
mamita,1,78
ckst,1,117
leafy_(kitsuneya),1,47
mankun,1,71
akilico,1,47
hikagi_tatsuhiko,1,33
yokohachi,1,105
rankiryuu,1,72
hayate-s,1,50
koshimizu_takayuki,1,55
missarilicious,1,102
taino_kou,1,46
yamamoto_shikaku,1,84
niyadepa,1,49
vegas_(akg),1,83
oda_takayuki,1,487
ninomae_ina'nis_(artist),1,131
augetsix,1,53
napo,1,169
honoka_(ranukirai),1,33
joey_koguma,1,81
namuya,1,40
vococo,1,176
ume_(driveume),1,36
noki_(affabile),1,161
kio_shimoku,1,82
satomi_hinako,1,35
asada_hachi,1,440
honome_sui,1,43
hirama_hirokazu,1,72
hiroaki_(huruhonya),1,53
rowdon,1,61
nakazuki_yuuna,1,33
idnar,1,42
inemuri_uno,1,77
amano_kozue,1,196
fuugetsu_makoto,1,92
satou_toshiyuki,1,240
gyozanuko,1,291
yanggang,1,41
hell_fuuna,1,32
toriniku29,1,159
minimilieu,1,105
meinoss,1,62
ripnte,1,57
60mai,1,539
quiss,1,42
seoji,1,103
panda_inu,1,56
tukino_(panna),1,73
artofhuan,1,39
himeno345,1,88
yukipone,1,51
chounorin,1,316
dead-robot,1,139
chigo,1,95
takapii,1,38
aruki,1,36
panzer_(p.z),1,202
aano_(10bit),1,254
wasami_(a27678193a),1,42
momigara_(mmgrkmnk),1,66
nichika_(nitikapo),1,436
cglange,1,55
nakaji_(user_snap3353),1,56
kz-kura,1,42
suzuki_jirou,1,116
star741,1,183
yasaka_(astray_l),1,44
ran_system,1,146
harusame_(rueken),1,304
p.i.l.,1,58
yoshizoe_eiko,1,129
mahkn,1,56
aka_ume,1,211
p00nipooni,1,48
falken_(yutozin),1,722
sanii,1,55
goro_orb,1,53
suyu38,1,33
maji_(majibomber),1,47
bodskih,1,224
ayasato_karen,1,61
sekina,1,1354
pisuke,1,274
kikivi,1,148
minamori_noeru,1,39
sakai-saka,1,32
kabocha_usagi,1,123
kamisakai,1,34
kokolokokomika,1,47
yagoro_kusuriya,1,90
ruo19,1,70
jun_(kyurisin),1,48
kinagi_(3307377),1,67
ganet_p,1,65
hidejiu,1,41
aka_(s3637),1,98
rondo_umigame,1,100
ite_fuji,1,43
yoshida_takuma,1,71
tenrai,1,287
yuko666,1,54
yoshida_hajime,1,159
akihare,1,57
soukou_makura,1,243
pokka,1,104
zeco,1,248
orange_bullet,1,119
kuroyuki,1,53
hitori_(htr_t),1,45
mabera,1,130
karahai_(31448823),1,131
kumataka,1,32
elna,1,35
bouno_satoshi,1,92
k_(sktchblg),1,105
shiro_(hakukosui),1,34
masuneko,1,62
hiiragi_akio,1,41
wankosoba_(wanwan_soba),1,59
frozen-sad,1,35
jobo_(isi88),1,90
mudo_(saji),1,123
nyokkiiiiin,1,35
houjou_yutori,1,68
myao_(o3o333),1,83
konbu_ame,1,51
wataru_kuri,1,32
honotai,1,257
kisaragi_yuu_(fallen_sky),1,349
dizi930,1,150
kyousaru,1,341
aoi_chiruko,1,35
mutsutsu,1,43
yabu_q,1,105
yuu_(mol),1,33
step_arts,1,122
pekoli,1,32
amairo_zanmei,1,48
gofu,1,1210
3tohei,1,36
raionsan,1,51
sekiguchi_kanami,1,48
shimashima_salmon,1,32
aiban,1,44
defiaz_(infinity),1,33
ido_(teketeke),1,2572
hyanna-natsu,1,339
minagokoro,1,70
imjayu,1,33
oda_ken'ichi,1,598
catneylang,1,43
lemonrou,1,76
armcho,1,90
namyo,1,84
sumi_keiichi,1,178
doremi,1,363
kakaaru,1,44
fushuu,1,81
ranan,1,71
np_(slipbounds),1,42
nekopantsu_(blt),1,45
maromi_gou,1,46
koohee,1,288
dekasudachin,1,122
kayune_niu,1,104
lanzi_(415460661),1,163
tokiwa_(mukoku),1,211
cyaca_ab,1,66
terrajin,1,572
buru-dai,1,76
nakashima_(pluscolor),1,65
hoshino_fuuta,1,95
namidako,1,75
munlu_(wolupus),1,39
bachera,1,213
hagiwara_daisuke,1,222
sasaki_toshiyuki,1,31
ninchan,1,42
megane_(artist),1,48
hachimitsucoffee,1,45
kevin_hong,1,36
gyuunyuu_nomio,1,135
tsuchiya_akira,1,79
irusu,1,104
jinou_rakugaki,1,73
rednian,1,146
yunopan_chako,1,35
pink_lady_mage,1,205
rice_(okome_no_naru_ki),1,120
reverinth,1,91
genk,1,41
uruu_gekka,1,186
giorgio_claes,1,65
akenoin_soumon,1,88
rappa_(rappaya),1,1579
hibino_nozomu,1,40
medori,1,42
itodome,1,33
manda_schank,1,35
kghazir,1,33
maki_(02uh14l1b740ao2),1,35
kootee-on,1,55
lds_(dstwins97),1,164
dameyoshi,1,90
moi_(latte_art),1,35
arihara_ema,1,66
ike_(altitude_attitude),1,46
mitus,1,79
jitsudan,1,33
orokanahime,1,48
karu_(ricardo_2628),1,43
dakun,1,52
mcnostril,1,34
tianya_beiming,1,47
neil_(neil_nim),1,45
99akt1031,1,58
chiitamu,1,36
keenbiscuit,1,81
aihara-rina,1,84
lzh,1,456
takoyaki_neko-san,1,127
yamahara,1,121
akka,1,68
nakashino_setsu,1,97
katari,1,205
gamako,1,34
teitei,1,33
kyuu_you,1,33
mister_(black_and_white),1,158
itori_(clarice_note),1,47
yoir,1,45
toplow,1,151
luvents3,1,34
sasaki_(dkenpisss),1,120
sakurajyousui_nami,1,37
gouda_nagi,1,160
shaliva,1,45
haje,1,102
ttc,1,37
daro,1,64
natsujiru,1,46
maasan,1,33
fuugetsu_oreha_ikiru,1,148
kureha_(angelite),1,53
akai_ronii,1,121
mako_(macomaco7),1,33
hushabye,1,157
yuki_hikari,1,39
maruta_maruta,1,56
thejg,1,32
mizune_(winter),1,89
sakura_mikan_(chirizakura),1,37
emily_hu,1,32
naokado,1,66
urayamashiro_(artist),1,113
rakavka,1,56
uewtsol,1,115
pochi-t,1,62
christinya,1,44
aoha_yuuki,1,32
yucblossom,1,65
kilva_lollop,1,103
aratani_tomoe,1,41
natano_hisanori,1,32
ebba,1,41
ebi-rom,1,64
gaien_(willtame),1,58
powerhamuhamu,1,66
nontan,1,36
kagawa_yuusaku,1,243
sakura_(lilak_a),1,98
turupiko,1,32
utsugi_(skydream),1,109
izumi_minami,1,163
maou_(demonlord),1,118
shinonome_(game_hakkutsu_tai),1,48
suzune_kotora,1,59
adachi_shingo,1,85
brodall_pixel,1,35
dongdong_(0206qwerty),1,40
ichizen_(o_tori),1,274
nevercrymoon,1,44
retsuna,1,139
kowiru,1,138
dynamite-kit,1,39
evers,1,51
minowa_sukyaru,1,115
kurogane_daichi,1,72
kakeshou,1,36
momohara_kana,1,33
hosizora_mikoto,1,349
rotan,1,47
sakura_(doors),1,108
konoe_yuba,1,123
cpieng,1,34
okitafuji,1,108
bcoca,1,39
kiriya_(552260),1,290
menaslg,1,34
kito_(sorahate),1,355
hashimochi,1,73
betabetamaru,1,91
mei_am0,1,45
sacraneco,1,311
taira_takehiro,1,79
captainkuma,1,40
nishio_kouhaku,1,44
katanakko_daisuki,1,103
natsume_(menthol),1,118
kozou_(rifa),1,205
matatabeat,1,48
fujita_yukihisa,1,34
mazeran,1,268
callan_(callancoe),1,129
shiromiso,1,141
hei_tai_(kyaputen1),1,33
sumipic,1,44
emapippi,1,83
kirin_tarou,1,82
linmiu_(smilemiku),1,44
isaki_tanaka,1,153
koto_inari,1,1191
seren_(staphy),1,344
hanaozi_hin,1,40
zukaketawagase,1,64
skullchimes,1,124
sasurai,1,41
ubah,1,36
poinia,1,98
uxco0,1,98
krao,1,34
mochii,1,184
matsubara_ryuu,1,41
bzerox,1,52
st.microscope,1,65
meg_maru2,1,35
jikeshi,1,50
gotointhepark,1,86
malice_stella,1,49
nekomura_otako,1,85
riinu_(ir-n),1,67
mako_gai,1,75
hikami_izuto,1,90
gohanduck,1,112
hachiware,1,45
nununu_(nununu386),1,47
maruchi,1,171
hpflower,1,46
teka,1,32
kanaria_(bocmn),1,70
asagi_nanami,1,107
nanami_kazusa,1,34
inhabituels_estudios,1,102
myouji_namawe,1,31
zzyzzyy,1,117
rin_(royal),1,155
hizakozouzu,1,63
hikaru_(asteriskring),1,45
roku_(warrock),1,65
panikuru_yuuto,1,68
sakura_hiyori,1,405
akaitera,1,83
natsume_koji,1,40
sasami_(ki),1,52
yuzuriha_(atelier_liang),1,100
okazuwa_shake,1,123
saki_(hxaxcxk),1,145
hirasawa_izumi,1,44
holysnow,1,86
hino_(2nd_life),1,118
hebitsukai-san,1,368
xaxak,1,66
soba_(sobaya1938),1,97
byo_(kuro_usagi),1,36
sao_(0060),1,121
nomio,1,105
pito_(sh02327),1,120
nesz_r,1,40
home_(houmei),1,39
reammara,1,187
yamamoto_shima,1,92
ramnik5,1,50
z.nov,1,98
edge_edge,1,32
ero_mang-a,1,92
messier_number,1,55
xiao_chichi,1,143
kasa_jizou,1,32
omega_na_hito,1,39
shokubai_phantom_girl,1,48
radek_ken,1,36
inseki_tarou,1,75
nobuya,1,60
5plus,1,41
chinoru,1,47
aoyama_reo,1,50
bf._(sogogiching),1,166
lee_byung_hee,1,57
numyumy,1,42
murano,1,163
jhcrow3,1,46
tadano_myoushi,1,44
103mol/l,1,38
rosa_tsubomi,1,31
takahata_yuki,1,246
garex,1,37
sakumo_(karatama),1,93
takayama_kisai,1,117
omoomomo,1,266
rimo,1,179
hontani_toshiaki,1,47
la13,1,36
uzuki_mei,1,39
keima_ron,1,32
fujii_maki,1,74
shituzi,1,85
yui_sora,1,87
mimizuku_auru,1,35
g-ist,1,36
red-d,1,69
imari,1,33
fumikiri,1,74
yamae_saki,1,40
konbanwa01,1,39
moyashi_(oekaki_touhou),1,46
supon,1,260
yadokugaeru,1,144
ga/ddd,1,42
waeba_yuusee,1,61
din_(flypaper),1,140
kokoro_na,1,42
kamekichi27,1,42
ooba_wakako,1,141
sato-pon,1,177
u-jin,1,33
hiroyama_hiroshi,1,172
hyou_haku,1,33
chawalit_adsawawalanon,1,47
purasu_no_konbu,1,47
kayu,1,101
daichi_(hayate1328),1,45
kusaba_(kusabashiki),1,188
yuuzii,1,339
to-ru,1,38
geru,1,73
suiiryu,1,44
kanrobi,1,38
hamalu,1,55
mr2d,1,68
tasasakiamagu,1,46
guruto,1,46
number10_(hagakure),1,80
kuroneko_no_toorimichi,1,196
chagu,1,65
nihimaru,1,146
maruneko,1,122
shishina,1,38
kaai_yuu,1,51
moriyama_daisuke,1,75
komatsuzaki_rui,1,145
corgi_(corgi0322),1,47
yuuno_(yukioka),1,126
papiko_(papiko8901),1,52
bobo_(6630978),1,51
beidan,1,33
zakuro0508,1,34
tadokoro_teppei,1,114
kairoushu_(dones01127),1,39
bailingxiao_jiu,1,281
hironox,1,89
hachita_(odangoya),1,99
irukatto,1,100
toyosu_toyosu,1,45
namikawa_kuroha,1,128
sankyaku_tako,1,142
shugami,1,48
nzeneee,1,160
shi-2,1,61
ninomotonino,1,217
tokitoki_(commando),1,32
nogong,1,34
shei99,1,138
hachinatsu,1,129
hanokage,1,304
earlgrey,1,123
fixro2n,1,256
narusegawa_riko,1,80
futaori_arisa,1,33
kayakooooo,1,67
hirafumi,1,88
nakaaki_masashi,1,392
hanaichi_(hana13),1,60
rumia_(compacthuman),1,82
cookie_(ppyf5328),1,35
kana_(user_rkuc4823),1,113
deeple,1,56
josephine_(twin_tail_rabbit),1,35
watari_masahito,1,33
sayamai_miyabi,1,50
ushinomiya,1,55
ishibashi_yosuke,1,78
touyama_maki,1,32
wo_cai_bushi_zhushou,1,37
yosik,1,75
harari,1,37
asashin_(asn),1,73
j_na,1,32
shiratama_(siratama_ll),1,42
shibakarisena,1,49
ag_00000,1,48
haru_on,1,71
shoohee,1,109
uehara_doh,1,41
ice2002,1,75
akikaze_shirakumo,1,47
kisaragi_you,1,43
steed_(steed_enterprise),1,357
attsun_(atsushi_jb),1,225
takami_ryou,1,55
ion_(on01e),1,109
komura_hiroto,1,64
yagi_(yagi5art),1,57
kama_(kama_ovo),1,32
serike_w,1,107
anoko_(darenokoanoko),1,106
haruhata_mutsuki,1,325
mocacoco339,1,48
kj_(k777),1,106
eufrik,1,32
santa_(kaisou_hikuutei),1,33
xr650r,1,45
kurasaki_cority,1,56
hiranko,1,330
mouri,1,90
ed_(end),1,36
udon_(memai_no_kabe),1,82
cokecoco,1,51
t_terano,1,38
suzuki_kyoutarou,1,308
uzuki_hiro,1,91
yi_yu,1,62
mary_cagle,1,83
srwsrx_(gp03dsrx),1,65
nina_(ninageya),1,54
atsumi_jun,1,169
rugo,1,135
sumioo_(sumikko_no_ousama),1,35
ruma_imaginary,1,65
naname_ushiro,1,41
emdo_(norabbit),1,48
morujii,1,61
sakizou,1,64
suzuno_(bookshelf),1,159
hadacra,1,85
kanoe_youshi,1,65
ootsuka_mai,1,49
akaneko_(redakanekocat),1,144
honyaru_(nanairo39),1,34
teio_(teiotei),1,39
leex,1,69
anyannko,1,276
saine,1,140
dokuromaru,1,37
inuue_kiyu,1,56
ktovhinao,1,66
frostce,1,38
yah_yah_6,1,99
shiratama_yomogi,1,81
kakao_rantan,1,180
koyane_(silver81106),1,52
kleinlight,1,57
zone_(artist),1,106
kanikama25,1,95
sn_(zigzagspark6),1,31
nekoshin_kagari,1,74
iotower,1,40
kurata_rine,1,483
etsuo,1,40
tiasis,1,82
sai_(bankoru),1,88
akane_(getwild23),1,38
kansou_samehada,1,379
nikka_(cryptomeria),1,130
ye_zi_you_bei_jiao_ju_ge,1,42
shintani_tsushiya,1,159
zy_(zyyyyyyy9),1,104
taranboman,1,62
umehara_emika,1,35
sa-dui,1,159
aoba_shou,1,34
futou_ryouko,1,61
fukujima_kiwi,1,131
kichijou_agata,1,74
masuyama_kei,1,77
nagamo_sakana,1,50
kouno_sachiko,1,54
rollingswitch,1,53
dreadtie,1,225
yuuki_(yunky373),1,37
deel_(rkeg),1,400
a-er_(akkij0358),1,67
takanashi_tsubasa,1,72
harubato,1,56
jazz_jack,1,706
aken,1,118
okishiji_en,1,94
higashiyama_(higashiyama_honpo_l.t.d),1,43
tokkyuu_mikan,1,69
muneyuki,1,84
neko7,1,50
winu_(hertrion),1,34
aeus,1,37
terai_(teraimorimori),1,112
ousawa_kanata,1,35
ky_(nimbusky),1,70
gohan_oni,1,59
benio_(dontsugel),1,232
rui_(hershe),1,96
nhim,1,91
mizuno_uchi,1,64
nanimonothing,1,79
daible,1,83
yui_(spica),1,38
ryousan_gataki,1,33
itsukia,1,127
murasaki_iro,1,231
shirushiru_(saitou888),1,64
moonandmist,1,55
yoshimune,1,44
steve_zheng,1,79
gambe,1,241
janne_cherry,1,255
nightmare-kck,1,51
holeecrab,1,105
lucasyecla99,1,75
makaroll,1,302
gyorui_(amezari),1,78
bld_zi,1,39
beckey9415,1,39
hiru_okita,1,90
kami_mitsugu_(kamiken),1,32
narumiya_(empty_cafe),1,192
rangen,1,166
masaki_(machisora),1,167
wataichi_meko,1,103
norihe,1,34
okosama_lunch_(sendan),1,93
tsukiori,1,188
watabe_keisuke,1,42
kosubi_(tsuneta328),1,40
shiro_youduki,1,158
atat250,1,92
z.i,1,278
shinzousan,1,74
truffleduster,1,58
tomo-graphy,1,184
namiri,1,69
mana_(gakuburu),1,35
du_mogu,1,87
ling_(doraling12),1,35
koyaya,1,65
nokino,1,34
sofa_(enogunomu),1,83
kamiyoshi_rika,1,512
tofu_juuji,1,104
poponpin,1,52
sorashima_(117),1,100
yosu,1,37
lw_goombang,1,34
ryouryou,1,40
ichimura_kanata,1,189
yoroi_nau,1,72
yunoji_yusuke,1,39
fuku_d,1,44
noppo_(tarstation),1,64
durandal_(kei),1,47
retsumaru,1,305
ssamjang_(misosan),1,95
nero_hanken,1,35
ichimonme_(ichi),1,138
kuboshun,1,96
tateshina,1,35
torimeiro,1,40
yamano_rokamizu,1,183
fub_(fubimanji),1,32
pension_z,1,93
zenoo,1,100
poronegi,1,681
rinarisa,1,151
soemy,1,39
munimuni_kinoko,1,34
ravaniz,1,45
wudi_sao_nian,1,43
kato_(mogumoguokome),1,53
un-known_(ninesix),1,106
kiririn51,1,36
bara_(totocos),1,54
topia,1,248
jhonwalker,1,44
inakami,1,69
tashimo,1,52
k+,1,175
oeillet_vie,1,35
qxq_illus,1,39
shou_(ahiru_shinobu),1,34
kittan_(cve27426),1,66
kanata_(sentiment),1,43
javier_estrada,1,59
kanataria,1,34
nagmilk,1,44
petagon,1,183
satolive20,1,62
mtmy,1,52
aliter,1,95
akitsuki_tsukasa,1,45
kashiwagi_chisame,1,121
yuuna_katsumi,1,52
wedo,1,89
suna_(sandworks),1,297
tomojo,1,73
tamarinfrog,1,53
shiina_shian,1,42
bream-tan,1,43
suemizu_yuzuki,1,38
harushino,1,68
ponekusan,1,48
hisa_tsuki,1,60
yukimura_kaname,1,47
tor_(torkrub111),1,38
otokoe,1,33
momocadraw,1,35
puchidori,1,42
melo_(meromero),1,39
sukeroku_(treeee),1,57
wagomu17,1,51
yamabuki_zarame,1,72
fujizarashi,1,71
puni_(punycolors),1,81
shu10,1,38
chyoling,1,113
kaijuicery,0,37
